{"version":12,"hash":{"type":"Buffer","data":"cvx4TdvzcrwcSa/TqToC07Qf3IINrfwohX3ylf+mt7Ci6lUZcGeg/OjbuRklGVkLQUYsEv+NdpI7m/HQiplZkrexbWU3xMN5Rf7eljsi//ywbtTSLZRWqqsCgZT4+wd51sWkpHTQpw/gx5ukItD6aDGevGVdb+TOMujVd+KKtq4="},"indexValueMap":{"AO0P9i2ODASWPTyxmU0jNUtU8d8oj9gQ3fsg+yBnuHI=":{"valueMac":{"type":"Buffer","data":"YnAPi5uXtCOyHu+drR7Fo/T/6dIziQ5pgULadvVh23E="}},"Abf+1sudSAZE5ns5RcGxBgERB5jeK7lYfkh9x8RgVRE=":{"valueMac":{"type":"Buffer","data":"ccEoPtFvCgrgHkMysj3TdFwLfm584E5YGVR3fH8Dbyg="}},"AwEnq5Ods4CIcVwbKhs32iMD7hYjte2HgJe0uKMbwCs=":{"valueMac":{"type":"Buffer","data":"oZ2/039AKna9GUrxu5AlkfjRVhm/NAjh/iXTveilo2I="}},"BAUzOTyBWKgggGnDQKDvkMY+eSjJjVlgE5TpXnKz4gU=":{"valueMac":{"type":"Buffer","data":"w7cGKM6jIwY3kPfzVwgezc8+qVOycC06vF0FzqJ+FxM="}},"BFO7vE+pcxu/LZZlHkDRLIBnlyUaOjKM5YEdBgjJEhg=":{"valueMac":{"type":"Buffer","data":"w9odOE0kToQHAwjJSQ6qQVIrRKNHUluJOwQWDM3L1MY="}},"BOsUCGDXw8TgopQ7Ap7zbYYaT23yMziP2ZJjBBjFe78=":{"valueMac":{"type":"Buffer","data":"Zv0Cs3W7A50YEPXCdqIlpnlPbABdLq6ynTuHnNYsics="}},"BbbTbTbjEPNQnWKVQwal120jXwQ+AzkRvKGuTZen85c=":{"valueMac":{"type":"Buffer","data":"pJcvRfGxyEIEkZ2dn2sVDLuUtvHTNoSqx0uBVpuBsmY="}},"BqMY1sy61bGIpX+BysWQHtAeqASx+ntAnzr0wjETVzo=":{"valueMac":{"type":"Buffer","data":"T7UMrZ6q6Y5/vIcvn5EwXGWTKuNxfG3ZO7RxuaD35oE="}},"B2X9oSG+lKSxdktMvPKxjw6cpZnSZnHOy2t4bJNNAUA=":{"valueMac":{"type":"Buffer","data":"GPwml6zJGekRp2oIOOdZs8lweWQ9N9c6yfJPfiSVqe0="}},"CGlGuI1mmZFmbkBvZnilFqn04PaPkMgdwojUfKLp/tw=":{"valueMac":{"type":"Buffer","data":"/0FmRyqVWwOGdfCyjpI6pLTuuZTwWzNEh/bAY3Sbz+g="}},"CMzNXaOggX6+rxwszaV/B2IWpzhwbvExDZeE6pMMBWo=":{"valueMac":{"type":"Buffer","data":"4pHopvDAZkKd/72I+dv48fKgL//vML9aTQeORQ25OYI="}},"CSWosM4Sk5BwrCusn4wBT3g3wsJMBNQC85wTVxo7GDQ=":{"valueMac":{"type":"Buffer","data":"xfwWGKblafto/UQbI4pD1yMVW/U9bw6fDfX9B/fhQRg="}},"CVmCVTCU301wFKthx5EPanOzvkcU9r3IQoESswVfKxE=":{"valueMac":{"type":"Buffer","data":"hv8qKfuynhtbC9O5VzRD5bMUXrItI+p8oOSaePu+bIY="}},"Cb7c9v0k6q+h591Jl+aYEuVmyN9aiqlPBVt49nFe108=":{"valueMac":{"type":"Buffer","data":"t4ei315/gyqrt9T8xiXEBAyHxgj8CvXDk3CNvvCtIjg="}},"CijqfBRKKpOJHExXgSGf92W+MjQYtvDppu455xZdE24=":{"valueMac":{"type":"Buffer","data":"mWPzL/dPYpDxLbSfhSTCi/c0yIEvsaUnRuEl/zZCHYw="}},"C1aPtFHeHRK4jkR2qIwM9nWwuvvTHomEUc47cBnQLb8=":{"valueMac":{"type":"Buffer","data":"ME3bg5iFHJ763vx0/QGLcuRFrDrqHuH6CSWVSm+/vb8="}},"C6bfsj400Qhhp2PeG9xNNdhJFJGkOXk/EFL2OiK9kZw=":{"valueMac":{"type":"Buffer","data":"CFomZKbGI+iI5Pdue3Im5iw5qzf3J7/LITIr+eJguA4="}},"C/qoVPi78Sl1ANpSfZhmbdmuEQVJXImvGmWW/q4I24k=":{"valueMac":{"type":"Buffer","data":"ZN0t4C6H0/ucPpuJOcCdi3CB/x6a2FLpIU6Q9G5SbSY="}},"DAJqdDAvEZnisgjSA59Z2QOcN3Kpjk7hw7euyMA7SBM=":{"valueMac":{"type":"Buffer","data":"GK7W7Mt7zIqE4n8dps2B8NfaMSIYW+R/n4EzRD7WsiA="}},"DFuw/l0JtRyl0K7wlEyjN7A5QSZGo5TeNEzZGbIuH7E=":{"valueMac":{"type":"Buffer","data":"yNp55K+YX0CzzNLDaBPt7fkTOalwcRUMnQeqjTfg3rE="}},"DGHZHsEMtsnhnFV7mXsrbJOGVQnxYO2RuVUsLkPAZxE=":{"valueMac":{"type":"Buffer","data":"Ny6XefMtUAQTlRmD1Rp+2DouiDLqUM7sU61sDzXAL08="}},"D0GuDe1pVX2Lu8Otjxo3BSFfj5HUrSgoDNTTTAIgKns=":{"valueMac":{"type":"Buffer","data":"izXrqKxpZpUO7MGILCGqncaA84BAtpsQWP45WYAYlhA="}},"D1wgkE6USgnMS/R+4wO3KOLQTLjm6FEEvTFOk/J8yZ0=":{"valueMac":{"type":"Buffer","data":"1+hxBqhI6VPwOdhXsEZy7IyOCBWFKDCrRqk0cniU80A="}},"EK91pb8HpwXx479qjFhS1CIs9CghecHJVLAIfsvIaow=":{"valueMac":{"type":"Buffer","data":"U7akV6MFbFmxF08FfoQ8GiwQvfLsEtccpk5eXg5QEs0="}},"ERN5ItD+HBjM99Csnb2oslNYGxjt36S5qZ+YC3F5knk=":{"valueMac":{"type":"Buffer","data":"mlllXdGT0AZhgU3IjCRR+VM4q4aXbta67tsCwpJSDBo="}},"EVCtl6e0WO8hqTJ0681ccad0iQdgcTNbpwbpqv9dq5M=":{"valueMac":{"type":"Buffer","data":"DaLW7qsFikfAqK87BsVQKE6ZMpKNDOPB4BYzkpACJ0k="}},"EgefQkr9nfQXIqEX3xYM1es0sPvDYii0TxXUQMDt6ww=":{"valueMac":{"type":"Buffer","data":"6NEvLhKVJiz5qeyWjHXrdvDthd/0UhCCPIWETiGPu7M="}},"EvRtAHlaQ+bd81NkedCeTgnD7m67Qx57j7NLMLt/HAY=":{"valueMac":{"type":"Buffer","data":"zvEekh18NJ3vkUlm0krhn/2CIFWeyjmlTtx/NC9eva0="}},"E/xejFS4mWamY2S0NlB4d03gSSCFM5/2G8kXTctvh6c=":{"valueMac":{"type":"Buffer","data":"ZCL5+6j6xaXacYdIRZ/5w0daGLcbU+M+003cRN/jRbQ="}},"FKqXtaH4iPTgYvIvqFezkQyTX6knNitEMYDU+eTK/uY=":{"valueMac":{"type":"Buffer","data":"RHcESbR/msEK8FK4gVmsi0+f6snw09RQ/q/ESiVWZ74="}},"FRFylDkJecWQSdhcfddlsNOlSb/XBhEAlxA7H53qI+s=":{"valueMac":{"type":"Buffer","data":"qPxT5ET6gmOgViNqph0Zyqx6jX3KtW0brEiL60QQ0Gw="}},"FnIWDMpX6ayNoHjB2ZfrMc5qx1WVwn9OS/vNtm1+2bI=":{"valueMac":{"type":"Buffer","data":"5FElTpJlTaaWcreJUgLriagzvp/27HgmdUVOlXBOCzI="}},"FteZijfMImfcgp0pIYeq5U66WBX72OGnzTbccMguvFw=":{"valueMac":{"type":"Buffer","data":"9nTD3ApSJzYxsbiWLPd5fObBtEOvwrqA3ctGpf98ZzM="}},"FwWwT3TbjvyRIqnBRbf8cK657MrYPAX54kxQWq+/z6o=":{"valueMac":{"type":"Buffer","data":"59YexOi2FQhjNEFszGip2XKITM9C61fhBudHKCTVzEE="}},"Fx18Z4bVqMRGH7SlHwK25WzEas7Ay45rPF/DfNEP68o=":{"valueMac":{"type":"Buffer","data":"PLPKTyTKcuLwX67FKTDUe54bcks1fEE4VEfRx19/HfY="}},"GAXfdKnhKOL38q90BwCnvWO/HZONsz8ywKmYpjS/44w=":{"valueMac":{"type":"Buffer","data":"wpER2+Wry3UE7gsUt5JPS+GDIwufTOP3upapS3sWGng="}},"GEa/sSNa0bH/ubthMYm9EtqP7VDkD0Qs1VPObVxEuXU=":{"valueMac":{"type":"Buffer","data":"tuqQXN3TV5oDZKzkaAYPQnJt4wzW462mciO2quf1BPI="}},"GIqWuXqzTDsX2c+0YZDr9s7BFIoZKnvGq1tFpOApi4A=":{"valueMac":{"type":"Buffer","data":"GkVLUmduMEBT87BjaqZctMzx8OrsO30k941llULIa+4="}},"GXfoEQqFlB2tHDeMyZ6h8qvd1Yj6cuDZ6uV480lNAGw=":{"valueMac":{"type":"Buffer","data":"L6XhYs0wD25ohrIeypEH0vPOgJXn5EZQu923cifEasw="}},"Gc8gVvm9ARI3mKR1N/v7BUm5fxmx2uHxQxHvGnpT9GI=":{"valueMac":{"type":"Buffer","data":"2tbNbqKlExuBK1G6YxWOayrUp8dlZR0fy7oEGfMft0U="}},"Gs0Wr++UbDIUGindXdcRlabgUxw++aYM7r5iIOaZ4YQ=":{"valueMac":{"type":"Buffer","data":"s0EiPQLOTM7DvNP5fO++3s3E3asXC5Dq038Dv29bt9o="}},"G/SbTpGQmPO4G7mUwfI9+oAkkuX5GVKZg7KeTxllxQA=":{"valueMac":{"type":"Buffer","data":"+KpVr/yGi0m07NBpzsocu1q3rOkf+hkwDLwHTi+aqug="}},"HAgAGD9O6maTgx/WjFKvYUcP8TCahxnOy4Wh3+USNP4=":{"valueMac":{"type":"Buffer","data":"005X3z9HWDofT2U53IYsGuJz/3T8Exv09+49fBbWws8="}},"HCxdabky321JWYGYk4ARt2SZYsBrVmHj7VD6/7E8Y4g=":{"valueMac":{"type":"Buffer","data":"AfHT7mf+G9cImLj4n9Ei0Atu0Wri18UJbUDhZ8tfgQ4="}},"HH1bQwSZ9zI5bXwdIxEpON/C2hiy0RaJ0IHiKjRrQVM=":{"valueMac":{"type":"Buffer","data":"DoQ/XQvgqMRevKdG47z1vA7DMjqVeVHgfstMmWR65pM="}},"HI4jRBxzEe1o/zAaImrCYuuv8dztnnoOA4Gkf7VifGc=":{"valueMac":{"type":"Buffer","data":"DW8r+IdeEtqqlSYeV69p2a2Rvgf2YhVK7aN5xsFqrfg="}},"HPYrhl716Z/tDXDue1Tx1cHz57Czlr53ow1aYP9sDIY=":{"valueMac":{"type":"Buffer","data":"5PmZN0jdY35WrqW+vaYQb3Mw/SVsV7I7kBj6UEauKX8="}},"HYUJGNbxrwOKK/RLtqHdKnJVT0AtDbnGwMH/xL6p2kA=":{"valueMac":{"type":"Buffer","data":"pztpKI7AEL4m18rdwdg5YBPR0kRrJQldsmxoSCbZRiQ="}},"IF6wKjRvKj10fVRebjUHw/jMWZRPnisdPUSEFEvq1A0=":{"valueMac":{"type":"Buffer","data":"63U7Kvuf2wG9kH7mu7ouR3gqvfnBjXC8+kvNcRTkNl8="}},"IKzTBBr/bDKP+J9lyeVPPjZ52/77fiQ/KwlXVd3V2AI=":{"valueMac":{"type":"Buffer","data":"m5lWf3+JBxCE5umYNqWULgUjKmM84yNwQqwPrqryX+c="}},"INQAfe7TY8iXeIvXRRmntMmJGeNz3jvY6ozBoX5Wag4=":{"valueMac":{"type":"Buffer","data":"vif2XwwBxLKJLd93ml2YYQIjrxzL9M/YPAYlio4fT/c="}},"IRLmYiS3Cn/mSNF6xfRYLQ24TbwQ59v2MOUTPlvMu6c=":{"valueMac":{"type":"Buffer","data":"KshP0WRP/BxZe/BUooImVGcFAprdL+HofG0jQznEv74="}},"IaxwuPyM4IiyTWnH2QBs3EVb9b9o0W3NqLsjS5fC8DA=":{"valueMac":{"type":"Buffer","data":"crqRuPKuBnArgAg+gCBnzIjXMU4EYE5LsJedCWj2vhw="}},"IkyXnQTp8p2PEb2Tor3s35A8vfQV1pF+PyGSP//P2sg=":{"valueMac":{"type":"Buffer","data":"sB8FKQ/UpzKNHaAGFw3SZskMqdQ9ggZOaYiM4vt5Hsk="}},"JJtfB+nlX09Fn/73aHXswegI53yX4pL7DpxVlDYIUgY=":{"valueMac":{"type":"Buffer","data":"qUbWK3+mh93asTAsVMiFRbLk43UaiNLzZmbCf6PX7ME="}},"JWHgvZQjlMUsktQCrwJzx8nw1MA5rF94WsG6yn50mH0=":{"valueMac":{"type":"Buffer","data":"T3szu1tru/5F1SSUSP6jmsSULE0r8FqqBXkdqYDuAcA="}},"JsCziY3W3sNCF9CXlfI936zDedUs9LYB8mffnUXikcg=":{"valueMac":{"type":"Buffer","data":"r6Xp4uq4s8re0tTcXWMzpKlvdOc+e160ENRUz4x/yH0="}},"JulgxrcxmFZN9LeLm3GM6tA2hcrm225AZ9Q+46cwhek=":{"valueMac":{"type":"Buffer","data":"XD19alD1Sah6aiPM4BvazaF2omPn7M+KrB6r1nyTpVM="}},"JwR8yMjNH8OQJTKFmF7EvytoHK1etposA+TkJd1Ria0=":{"valueMac":{"type":"Buffer","data":"bzCd2LI25YXdtwzpLFZEWBjCWVpVIOmp2Msed90kB9U="}},"KS6LAGfgra1AoiNUdm9r+rOpTlMH6WRoHueXz9phkkI=":{"valueMac":{"type":"Buffer","data":"OvbVaTj6J+GqIO5u06CJDxHJNhhgHk1Smbdf1S3n+Y0="}},"KzCyGw1PQkbGbuFWbCWEAiLdc0E7pB6oqeYq0syBHC0=":{"valueMac":{"type":"Buffer","data":"saATJ+md86/QXjSgC9O/qU+d5bdP72hpiUsbRoKKKQU="}},"K0xSrsbpQ+p8qHFDd12F4ARDAXRWZyOMjJeCuVRe52E=":{"valueMac":{"type":"Buffer","data":"xnO/fZ0gk7Fe42/I0SbcgWCA/XmBm99J8dtBJUd7VpQ="}},"K4ga9YF2/b83u9nL44BXI4LNkUy1lIrwmu2nKmp6sqc=":{"valueMac":{"type":"Buffer","data":"ZeQi1ceTAK5NJC0OlzjGHjWARSgo9+JsQqnmt3h3yEc="}},"LR7aqc7GTsvj/utV5+lVkJl5f2LZFhb9kQYt5k+hRYM=":{"valueMac":{"type":"Buffer","data":"fgwt2asMYyqKt7Jwe80gNUeMOhBAMCqLq/hdepNyrec="}},"LaccfGkg2+zgiADQnez27/TmTBj+xEXufh8pNJZNE+g=":{"valueMac":{"type":"Buffer","data":"0PhkrFQyn9vfAdTjOeiCkPs4c3q386JKyV5nNfrfzH0="}},"Ld39QKEocTx2ZDqiCSNel6BtWBNWzlyJ9oOzCCInr68=":{"valueMac":{"type":"Buffer","data":"8idLJEPs2c+dBjrgsUi0MdtJXEXsqUCwnKm+JdLPcpU="}},"Lz/Gvlo89LNOOz+mANHy6tICz2u74pzyuJVwZ0JqMLE=":{"valueMac":{"type":"Buffer","data":"RuSAo+6dAJkyobarSOJBSm3CDlCIQ1Qb1Ki0AQFBN0o="}},"L0aC8CgAnDnDGnLX7xsG0JS2mHvAXINFDP6lRKla7fE=":{"valueMac":{"type":"Buffer","data":"RvBOpCUUTprCFz4Dam+1zW04w580jmSFrjx4nmjkmms="}},"L8BjE1CBF+kYG0Jl5O1z+8Wp7BtMSdvGD/HGmKNwbcs=":{"valueMac":{"type":"Buffer","data":"l8CimbKoq5ZdQBW/OIWHhW7slzc1FQ9XY8QmlS1ZGaM="}},"MEPzaIK1GiMD2IOQA//2BHXnHY+aT5OS8pr86JxbT98=":{"valueMac":{"type":"Buffer","data":"O5lt2AB4HTB32KZV5u4PnrWD5Wh5G4ZuiPE5+tMSI9Y="}},"MU4Mmzecw8PbWNjCkthEe3DX5Jok6SPpjhRgCOCl0Fc=":{"valueMac":{"type":"Buffer","data":"RsugEJxO/rwGOuuCuve79CPQS/bDUd8JAipKP36nWk4="}},"Mfby3bHzEdBX69Ros2tsz2WvNmbq11Ux/8weKsHhvh0=":{"valueMac":{"type":"Buffer","data":"rQouVJy0AS3Yk4lj8bIgFCTqAfqQ23tHt8geMi2LbOQ="}},"Mi5SVboWdNxLmxJiR5C14jxt8eVINJZK1bVkf8kXFQM=":{"valueMac":{"type":"Buffer","data":"/k2YP2i1SO6ehVR+DpxOmrXuQlDarAQNM49ohe4cdOg="}},"MwtADKTnSmdUz7b05andrlIRfu5EjcqglBaSb4W+h2M=":{"valueMac":{"type":"Buffer","data":"d/qLkvWEguEuqKm4PCpQIxubDFWrJsl3cZwBvXGPYYc="}},"M756X2NubIgbT/aAXSwNEzLmOMuuQ7QCFPCGsJ87Mzk=":{"valueMac":{"type":"Buffer","data":"Sxr0JkcOtODZ7DN+DEf41belCIydweljKq7O37bI4Og="}},"NGGLbZ/DmgTMJau/pKOFavsEozRmjusNzyjRRsMFrps=":{"valueMac":{"type":"Buffer","data":"YAjPEF2cDPcmKsCpiNQAx7wgS5gTpUJ9rwmRVukbiaE="}},"NMLUjIK2WCyvS3NfePRIcbkhSAPBreX7bO8RlLLIcK0=":{"valueMac":{"type":"Buffer","data":"m9smIxK03lT6yHAoYCrhk/qbMZnufaJkpprJgD/zbfA="}},"NN9vmikZrrEBLdnjCGLpWFPaQaIUQmwsI+qt8mgWgfA=":{"valueMac":{"type":"Buffer","data":"vjb92v/zhyg/+lcSrnz3gNd+mK29AjOP918ZQ++VRD0="}},"NPwWWoAkto02H188lfZ7TxgWl5rJ6wbg+fH07D5jNXs=":{"valueMac":{"type":"Buffer","data":"MhYqPTXji/WfgkaktQHpQk2xjjZEyqA7kdazp4zsmB4="}},"NbXPNWJGaSEyc2PCz8tWW8Ii90o3h+HSgjNIbRDALqI=":{"valueMac":{"type":"Buffer","data":"mYz5z4hdoZ6x9pMKSxNeyUXPdAC7AteEd4PD+Ov9ZhY="}},"OAibzvflr6ksldDm2TgNTtgmwbukkXvVORTbtOGg4K8=":{"valueMac":{"type":"Buffer","data":"0Y2paZ3xbaWmhgxayuOkkfBIvV+Roqlq3tZ/5HHXOPs="}},"OH858WDrrjqcFGabjzFlmfcAvHOWn5fp1+HRM07Hbeg=":{"valueMac":{"type":"Buffer","data":"vBurGK0AlQH0/jZT3QofAQnpI4avmrA3TQ5NpZk1cK4="}},"OIaru2Cq60feCYhmnhFPX+qe6rawyacxdDmERZsIV7w=":{"valueMac":{"type":"Buffer","data":"o3ciaetCvd+J31wYzUVWP9UYT+GDNXRBQgIKSZ+BIz4="}},"OIc3MfoA6o9qR8RpnYa40a4nizASLzinwg1UmqE+1gQ=":{"valueMac":{"type":"Buffer","data":"CNQgrho/xTjbJdX4YhOn+8HI9tCF8MH+Q0BasaMgwn8="}},"OghuP56b4zsjFS0bl9cTFTsm9GHfZ0VKVPWWlhRMutU=":{"valueMac":{"type":"Buffer","data":"V5srmwInCxBuWb+2Q4F6qEDXgoDp8sN4TLpzqd1POs8="}},"OkRPPyaWKe13HpPwUDEulE5wzifwZTk6+2/OBwPLwz8=":{"valueMac":{"type":"Buffer","data":"sshbf7YyG/uQshclZiT1KiMWtathHLlDHGJrsDBp3q0="}},"Okj9Atljmhl25+MYJ9s6ggdlJ6uFAe/pFA1FzbGgBac=":{"valueMac":{"type":"Buffer","data":"qOIoMeVomokID8tV4Imy6ASbFARSAgC7O17bjtnB93M="}},"Om2NqNyezaTjrrv8/fP25hYBcM64ls4a209eOycULHI=":{"valueMac":{"type":"Buffer","data":"VieQLSBA5Pz7DosifVnbF2WRQ4XvFwLjYgSGc0HL55g="}},"OntxLNU6aVXE4lw9CESyZommzMlxMszr4HK2sqxdjX8=":{"valueMac":{"type":"Buffer","data":"pSIkTca2lMpFsyNxjTq5oxWlFeOIUu+iZB6l2kyzkBM="}},"O/piWD43apbFxqKvYfXv5xSk1ul85UsXTSZnUQM1STE=":{"valueMac":{"type":"Buffer","data":"tTS5l5KKYIkPKJCTq70ycKlcUhEl9DWTlTr4boIbct0="}},"PAehghQpZlSKvVVVXRPOnWGrAx7kMx1P9nC3QRHHOQ0=":{"valueMac":{"type":"Buffer","data":"vC+b3Q8UK494oayYfGTH3nsOE6HqDLgk3iJ1aA7R86o="}},"PBt0On3eJuv84X+kKU78BA65KKiNANUQu/bgvpj+RWo=":{"valueMac":{"type":"Buffer","data":"PZgIPoYYaFNFzbd7eBBWVpQ3wRPVZ3mzxPSx/rPNgn0="}},"PCKg8pOMyYwwaaffjJiV8VlrMtY4X/jzDcBiHMPlzO0=":{"valueMac":{"type":"Buffer","data":"a+MLyaoBm8SbIFeDoY2DCCPp9rQZf0YHKO+qeImS8OM="}},"PSLpsP6XleuD3yiJdhSKbDzBtbBEeASEh5rla4cwtd8=":{"valueMac":{"type":"Buffer","data":"0BLmqAP20GA0QwlWfuOm6juaXBhbPMZtXFGQR7L5/O0="}},"PjFGAG+eBWcouGUWX9J34fhwRQnvrVralors9lbg3PY=":{"valueMac":{"type":"Buffer","data":"NCeldfnDCQvlXpQhTg35XoZEFCGQNc2K0zhIbPh1sr8="}},"PvlBvFvkt1MLjcJyulesG9zqMami1T4UHBFQIGUuofY=":{"valueMac":{"type":"Buffer","data":"A/K4ubbI01zzSbVqQyrjmLR9ffW/pXUgyUlu7wjtBkM="}},"PwMngU0FVVHHx4rNbad3zLjrMfib40Mv5xJa55TZrw0=":{"valueMac":{"type":"Buffer","data":"BWQFeZMckTdK1DKxod85nTO99MIUgcufGroFw6+erKo="}},"P1vvTeMxfcDVi5iLc1aaC5ZmHzUf0umNSI/qTTx1hL0=":{"valueMac":{"type":"Buffer","data":"FI4DgmAL+0QAxN2LPT+MCweUKopwy2kvTa8tMVmlWi0="}},"QAglgd5Zu1bAKgSAvHcUr+wRikodRN+9C0atEXNLrik=":{"valueMac":{"type":"Buffer","data":"bFOkPbnaJCVJUBvdLoYwgCismwgbIX0t9GAWM/xIRiA="}},"QKfdgiB2t0jktvO1koTNB26eIlVjnSl+N2rIRpY0a24=":{"valueMac":{"type":"Buffer","data":"nnsMtf6XC0bJQb0EcZIGQY9NAra54Niww3GHkXeQ4SM="}},"QM5DIKVZbVQnAvjV03/a90CsCbfMSip1zT8oxttjdG0=":{"valueMac":{"type":"Buffer","data":"xBg8rvoM8ezp4SgQyhmeFaYhC7g7Ox8+WQLAu8cEHNE="}},"QUUDo740pKINvRX/nEYDnLnezJNTuol5c0FeDhCuPjI=":{"valueMac":{"type":"Buffer","data":"Qyilnxxwb19qn9yJCT+JL0bXXwjbaJjju7FrdBODFfc="}},"QsoqcXuPD90LIvhGdBacLanZ0RYRZSdFfrBhBTGQhd4=":{"valueMac":{"type":"Buffer","data":"c67jGYRrYvWsREzqgLotV6AGBHviy8cvInCN+woDgfg="}},"RJjoHhMRtWrzEW02JyJ/eTDmhkV/sqC7ba4TrOU/2ns=":{"valueMac":{"type":"Buffer","data":"z6dqTwZtd1VX/09zpuIkgN9yCirLnDSnRMR9Y+8Df7w="}},"RNgZuH87UlThvYGFak9bRWF8Qb/IYnZS0pHql1S7gu4=":{"valueMac":{"type":"Buffer","data":"HBIjaNdgco6/Er0l4NXG94YfXv15mMDhoTJEjs0qyQY="}},"RQqgdAFFFXBoSj5zcSelYyfzpIiM5ZU2croeu8h0ZfM=":{"valueMac":{"type":"Buffer","data":"jgodyORRZGqHJ54RRq05js/f0Wl8ZxU7kIPl9DZEACc="}},"STbZMze1BYQJD662820HeGY/p4waJxDFdSy23grEyBU=":{"valueMac":{"type":"Buffer","data":"3SiQWLdNVMJqyyZ0CQkkPpijdb3aTkxb+pMCumx4LXc="}},"Sa0B6jSNzvgeOoyPerFl4EY7/BzlUrbQqXvvepPsjLw=":{"valueMac":{"type":"Buffer","data":"Q7Z5PKrvS4wK6I0rsaiXkuqSouIk5nq25bjThRnTP1Y="}},"SqFRnBVT/3aC2H9Mem04IIU5CYRL7EXlSxQrHxwptwc=":{"valueMac":{"type":"Buffer","data":"LxD0cfyCLKgvelv5lHH0gTTcdyLe0UVo6Z7TwavHN5o="}},"StLtg/uQOtE36Hrn7eoMNRT+z/5xeQfel7dyKZfHf5A=":{"valueMac":{"type":"Buffer","data":"B2CNdWR4y4qYT4U3aJO1BhkR1U+8yNbXEodpujUkLms="}},"Su5FFZaNKKDOwfUxSzi9bXZQVPlzjl7giIvXvEEXInU=":{"valueMac":{"type":"Buffer","data":"WuOe+R6aM7ROwLIdnp24xr6X7pefahct9yrzbq6AHIM="}},"SxNg9JFUyJcWEIXRHp+iZ1r/SVg3p+Z9T9Pl5QBgnzo=":{"valueMac":{"type":"Buffer","data":"sLtEZkNJAmpJnNohScwaH59IYUawpasbqU7kAaomv/4="}},"S+H+8rL/qFiq+ld+3dnhNF4JgAZzKe+oAltDr2+yBSo=":{"valueMac":{"type":"Buffer","data":"O8mcfLlmrkKub2TXQ/psqM9qjuZoJLfK4tfCLc3HHlM="}},"T2JansQicJ1MV9hKKK3diYXBxWvW9WC7QZSYiRZIfHo=":{"valueMac":{"type":"Buffer","data":"24Wt09JkRkMRZk1GnUaBiyy+0oo9vQkqogP/kPAtGRw="}},"T6UhGqjkfE1z6sM+8Yr4es3Nyub7+lfgKwv8IGPclZ8=":{"valueMac":{"type":"Buffer","data":"BpGcuGUof7OcfULxS22rwYt2xXsv5S5b+K9pupuJgsY="}},"UGCEOlLMh9FR/xOc2OfALz1h52EvMyusro6Y2UQmbGA=":{"valueMac":{"type":"Buffer","data":"ffwi0fjFVwAN1H6vNu6UFz4GZNcxVxSm/KeNroaj3XQ="}},"Ucf0ksSTMN8e9MA3KQzIY7QOioMDXpldFrqRSuxIXAI=":{"valueMac":{"type":"Buffer","data":"RSzPZjRBez+ru37BwU1jyWPByUfSo21UPatvJCfO4Rc="}},"UeaubaUzNwGEBIYJ53I760cIrbZTOsnTAsom+yDulHU=":{"valueMac":{"type":"Buffer","data":"dErZR0UYqinwfK41w7C71EIpJ0ZsWiezIr1gQJy8Fxk="}},"Ux8NeuyQf2x853SM/J+k6y1d1W4x6ASv/PkUKqUUMrA=":{"valueMac":{"type":"Buffer","data":"nQSa4MSOsPXVFhSyGs0YyWR0QOdKch6X/VL1494MayQ="}},"U9e4fDLP+y3OoAriKwLT+B70axZ+Ia0V+2ox++DwVNc=":{"valueMac":{"type":"Buffer","data":"QnZTgSht9K/sss7ZXUIPfmyXzjRd0D0B9b0t7qtb/3M="}},"VTWrb3XPhrfWeapkccYJMgScLu0MHd6v5nzOjx1J6F8=":{"valueMac":{"type":"Buffer","data":"M5Xi+s7ct9CeHAg0bqLYoIk8DBw1+kpMM5JlxvexWhM="}},"V1LMZbSRk5SKGItsXIGoQ/z+lO2UomnzKYjNSAHzXHg=":{"valueMac":{"type":"Buffer","data":"Is7S0EilEziWkCzgyqtQWeP0EREu3godjzkeM2GNJc8="}},"WBCshhBNRBM4YMBbMDpkuaVNqXiqDUwojyk0zgfZuZg=":{"valueMac":{"type":"Buffer","data":"byxugDMBOHuJkwYPqauR/QBszSB0VwpE708Q6LvsT9M="}},"WDFcZH2C9bcno2ns3kWT8z8UGmE30dFIT059yjxRrjE=":{"valueMac":{"type":"Buffer","data":"uqH4AeBDd8Hcjcxnx/IWcjZVo3/BjZTNk3bL+FiPFVs="}},"Wt2rFeiaCvb1me4VcbUW0bcH9Y/Q+pIv3PCjnEHG9pk=":{"valueMac":{"type":"Buffer","data":"ZUd1NtcL8lZ3cVZPutA9er6MSn591mtqx+BgahR/mD4="}},"W1DwUBph4ME1Qbd+nJVqQJwoPA0Vxk6LIakca9Fhtyg=":{"valueMac":{"type":"Buffer","data":"ODmYGH/QQ5eWjOQMlmdQYdxhpciGt3DdWVff21dyRzw="}},"W4OiVmgvPLvsxzcg6L787Pl/+ljf374uGhSZxZc9KdE=":{"valueMac":{"type":"Buffer","data":"VnvRgoI3Bj/I4JzQxlghBMUb3Mzb1wBoJ0p5MgQHwBY="}},"XLIsl5BwcHKBtw7n/FIJxp9Sh5gbPScyxA69fVAf99c=":{"valueMac":{"type":"Buffer","data":"rBRAt5WOcy73pvMkJb085iR9Y87B5sJiQ9GP37YHTQ8="}},"XL7rrXE7NWwIgV0ulmBvzBRlSjbq5hW4ZeiwY9k1KKw=":{"valueMac":{"type":"Buffer","data":"CWlUHo1NhKaY2zwEjpaP+gwquwsxOLEWgoMAjLUi/Qs="}},"XOfBEmmLJR5slP5NVs1mGQKZgsu2/m9+RHI8F9IBlsI=":{"valueMac":{"type":"Buffer","data":"aZ7IcfLF1yHyl/fO1yq4NzK6045Qz1Yy3jIS27vSyeQ="}},"XROT52yb51zarE99lzzaxl/BW++b43SKPO1Adpb3ZiE=":{"valueMac":{"type":"Buffer","data":"bOORptDgz/gtLwkbDa2UnzKfaPXHXxbkuz4knEKkQaY="}},"XShYSK0MC1zih/a9Asf39vth9tLdb//rfpL6pEVUu88=":{"valueMac":{"type":"Buffer","data":"CceuxqIJiJLYHHx4d7biu1Oi4Qmj5Mu19UCYEw0ZFCU="}},"Xus1Yr2oHG2hbD8Wj1fpUq+ehW4qnH02u6tNN18M2ks=":{"valueMac":{"type":"Buffer","data":"WnB5vFjlsh2ZARKZICClJkRdTTX7S64dcZQpu5e3kU4="}},"YfS0hwFoQMPAGh9dLlURGCpq6nx+TAGN9kevb4nA6Bw=":{"valueMac":{"type":"Buffer","data":"0VEWh1YlRHnCEe+oM4hCEK6VzGVEZIzUq7GFagHdGAk="}},"ZmuQSpTah3LDHnYhNH55R8R0vaDTyPe4c4s3bYJ7D+U=":{"valueMac":{"type":"Buffer","data":"KThqS/+H5rPNCkWeG94E2Ir+LgLpax4Vr84QZigP8cY="}},"Z2h3AHyuFXM/ZIU/yo4TOfxR2f1OwaLlSdlSXGYsIa4=":{"valueMac":{"type":"Buffer","data":"M/z+qOxIn0Ulqk/Bf6Ag1XMX4UapWrQ6wzl6GGM0dkY="}},"Z5aPZuHHSLkjjAHDTUPT7gF8GQ3PSmb2738EBZ9Fp9Y=":{"valueMac":{"type":"Buffer","data":"duu/W0h5Jbu7ibqNITXHnwMi42SCqS1pEhv0rTkjIs0="}},"Z7a/b0Ym5uvRua6TpUp73DeNsdX3lc0fH8Yh1VdqChE=":{"valueMac":{"type":"Buffer","data":"GcwAbXZ4vFzeDSJH8W4ZuwyRnMgv1cdJFPeNqhe7hh0="}},"Z+RjZz02eL1Y7IpbuirfJPCHMjaH1+GZoF6wMUsxob0=":{"valueMac":{"type":"Buffer","data":"xWyEu17BjA95+1DoSi6Lue2NJJP9qtSs7yqnr6Qrh4Q="}},"aEZooxE5hnaZPO1/ZMa9GjtlPYilqM5qR8P96JvSXnY=":{"valueMac":{"type":"Buffer","data":"3ozK/U+/7GJnljk593trmjPAc9rZaA2uFOuznVuXPYg="}},"aKtISgChl1dk9WpCm4K/+wzw0mlfaTOOcHIPQh7+AnY=":{"valueMac":{"type":"Buffer","data":"4sOcP0x7ThM8JRZHlbMRM5hxPhwThq4YvPYJw0UNQfE="}},"aNaziMfljUH7deihJWO0wKumdVQNppkzGlSrKwcNp+I=":{"valueMac":{"type":"Buffer","data":"qpaOh9VeYSjXN+/ulRcEK7OWjt/5CpYXuZPTt6seTvg="}},"aQLmZIvp2ke3tJFbFsvseejkvH+vOVR8IvUWMI4UnyE=":{"valueMac":{"type":"Buffer","data":"ShpyzyLNElQjSLPUwWRWMclr/0CzeBLRLHWo3zq5kVk="}},"aWpMrM3augtO7fYXj0GEEeyZ/cBNaLyiMeX13X3//J4=":{"valueMac":{"type":"Buffer","data":"vR4jP0Sexv0WO+TtzEIJWi+qQflAKP1ApWR5QxTfrtA="}},"adUl1TrjhZDOUJYIu17rfGkK91BYhCe/DnrITUU7Wpo=":{"valueMac":{"type":"Buffer","data":"MAMj6MsFu+YmNq5z6imA0qz2VKKDQTJ7OP+P1JSN434="}},"aoZyCAADb8PgSXxDyfQMXyVs+0NNThpDw5qP2LLe3EA=":{"valueMac":{"type":"Buffer","data":"aFlWPVysJyQqaAcK4SObfWX2W8/O5Tr2Eev7fP+KwkM="}},"azW/C11Hhoz3vH5Ll8y6PXtbkKChU2Hh3GFvcRRUMD8=":{"valueMac":{"type":"Buffer","data":"/U1TMW8ffI7UyXlYhWGepJCzgNEpq2MNIoJ5i5o5V70="}},"bCcPq5ngcO8hYUyKCzmH58th/ejqyYJYmYCp5iFcSSU=":{"valueMac":{"type":"Buffer","data":"ZnUbe5mCaGbBFIiTxds5KjiqA1SojaJb4CS+7HOwzpg="}},"bEjTuG/Ha1vp7TDSSjx8gfWW0tLiCT7Tg22bHsLtj5s=":{"valueMac":{"type":"Buffer","data":"lf3iOpzTf2qFprvxX78rLBYpTm9uj8haEDOKPrl2Ql8="}},"bKjiQTcJibBRE5z99GY0GW6to/xu4d1zm+vfhp9TzGs=":{"valueMac":{"type":"Buffer","data":"yJFgjg5NhlEnM6n9npIiBkrh3fyw8E/LQRjjF9kJMpY="}},"bVt7GnH+XjfDbcqZhNQ69uQhRyZgfWwJ2f4MHD8Ie0E=":{"valueMac":{"type":"Buffer","data":"S3kDSUazZo5ADNr2f8bO7LTc7SkkwrO1S/XLDcDY+5o="}},"bcAabWwT9GiSV+Ydi6eYS337OpJpgfw9xHNflDaR0b0=":{"valueMac":{"type":"Buffer","data":"JxKwo6u6cHLqzV55935xVT9sRiVYHnq8ZmS5lvK3aR8="}},"bf1f5hM5o3+xTOnfKP+m/x6JORWnyrHHck9cDKbcMHA=":{"valueMac":{"type":"Buffer","data":"u7GctcOnZQ0Iu/o4vfgLJiSsZPZU4qN6Hn9prM6xkRU="}},"bvcVEYg3YqBv36RROybSAnkEQf9Mkoq7XivzPqXdmxw=":{"valueMac":{"type":"Buffer","data":"GkJG9Qqcblbw/TeiQ5O6kRhTETAX3eVXtY0kzx0d9X4="}},"b3kglKL3qwJdHvVkKtYJZ0BWdiAvX7nuNGrssFtLIyE=":{"valueMac":{"type":"Buffer","data":"0J5pd0zYbYUdX+lFJnB+IGa6ThFyXm+14LloYV0Medw="}},"cAX4W1JP/N/E6fkMDA5ccarwJ0/S+vDxBADrxFPE2vE=":{"valueMac":{"type":"Buffer","data":"3GVA5SsU3XkvsXPVTuaZklkMOn3CcKeSOj8ACyTMZJ4="}},"cLu/clmFwOFTxe+FYBupJrdHB6mztf5SC15BWcYm1dM=":{"valueMac":{"type":"Buffer","data":"GdtC1HzzS54foRZ0lqlTtchlOCnKCtcQdxuz2NiJXIo="}},"cOVzMnwYaqyP22c6xUYUuJQNRjOfX1N5PlLjaievJvs=":{"valueMac":{"type":"Buffer","data":"dGbpQOE1jEwTxbT0JgKjHCv55xJAyIQLPfMsCmO29RI="}},"ccqOdosZ7oL9slFFsuT6xTEoTFsX821Yzi5k90GENWU=":{"valueMac":{"type":"Buffer","data":"y5waliA0piRMu+mlaiZWEsNFXVzWktRkVObNy7dEJRk="}},"c8fVOVJnmAWPfp7EiHtJYGXdS3yRELc6+MSeMpXG5xY=":{"valueMac":{"type":"Buffer","data":"bXcZdfCQYiHuLA3vJCmyN9HgG/DH7an3GG/J0HhcaFc="}},"dGASwGCT+ay9T0WlXxorbt9P2FcxbG94RMsEnfu5fxQ=":{"valueMac":{"type":"Buffer","data":"MFic+WfafKN2HZkJDHBg492smrLQs+WEdMV3R+tiYAU="}},"dJDRzwN+YfLNZEY2KUY8pI9t+2BFtn9uM3VsydM6ZZk=":{"valueMac":{"type":"Buffer","data":"nLLI/Hf0dY+ZvsngEvTfo09e5rSsocYBt7T8iwU2e7U="}},"dYOX40um6gdim9sOvkGFCVjAfhOO0Y8xfsdOs0TAOu0=":{"valueMac":{"type":"Buffer","data":"AOKOV2uz7sy5wOqXNho7NQTtlwNZYXZVlPn0p//i2EI="}},"dYh/dN7WOK23n5lU8J7TLX5oJKNsm+R1fXo7bOcYMI4=":{"valueMac":{"type":"Buffer","data":"WsilAVabZ6A1IJ0KtlZvrVQnPO1mXXJC3nMaDxV+DNo="}},"dqtn/tNeCsLFFE+xwfilGDXJDaYrNBUSNtNt+fnItmk=":{"valueMac":{"type":"Buffer","data":"KjOSiltENdRi7XENPFEpKwrGDCbiJgMQ62rz2PVD5pU="}},"eNRblxmUx8rmV7EiDRUZV8xUVaQXidPA0HyBwS9A5Ag=":{"valueMac":{"type":"Buffer","data":"DhiVeErecmkqcIz5cEbKiRTD8L2ujlHoQhw1TRsy0v0="}},"eP8yZemY9D6SvDzLtT342BUgTpmnGQgrsCNgFF7Dgmo=":{"valueMac":{"type":"Buffer","data":"JZJAqyQHDdE6CMLHjs+QWwGD6BKZ1qlq0eqjzcK/0IE="}},"ep/HFqI/w+F2P6qEMIS1yv91ub++mXiQi0jqAk4vU8Y=":{"valueMac":{"type":"Buffer","data":"rSF1pJHDF8ccwcbyJv9vQMs6HvL6wMul4cPvlU7wPh4="}},"fA24yZUZqH3uZhwFGkWiAUdkvKwZfPMCGda92qbL024=":{"valueMac":{"type":"Buffer","data":"NxTTVHAiKWLq+t4S3OuFQgzQn3GThsjeytsely/KRA4="}},"fRNIXPkv57cVUmmeOuv0PuSw7FNr4cODVhXm6fi06wE=":{"valueMac":{"type":"Buffer","data":"iwmp9g2vgGFGuFbKIyCd7JDe88EOwN+yXUJxOpGtjys="}},"fi/zJgeBsxBFj+JVsMkL6poPmQvPGX2sb+Y7hOR+ocI=":{"valueMac":{"type":"Buffer","data":"5neKGp2u6eun0ao4k3y4+1OoebcXw1hr8DSnB9GZN3A="}},"fqxlfv0uZkIq56K6OExB3P92V5yStroUr+02slVQrks=":{"valueMac":{"type":"Buffer","data":"nXcEVBYLRVCrY/2yzSy5CCbvttMm+Wb7TrpzRB4pgrU="}},"f4ij4QtQnbZfyJkBT89JjMDdTYCES3+v5SlLuzh7Zcc=":{"valueMac":{"type":"Buffer","data":"YVy4iAv1my7cHR8ldNNMv5lNjPUFKY85te42o470C8E="}},"gIiPrr1dOJk5wCH+uUshva+sVRVwo143ZVhmsLEdaIE=":{"valueMac":{"type":"Buffer","data":"k5XYi2V+Ux8a0LH7RK4h6aCHIA/9+rDPWU0pWXy51Kg="}},"gK+w2hB/fywVaeh+HKnsrbBKixKQ0Dg7IFvF9feEbZM=":{"valueMac":{"type":"Buffer","data":"aw4DqvTv4FADZA0WlNCOK+vxX0aroXnHlIN87pJ8wus="}},"gS+uZ3Jhtmq4+0HVDlgAV5k3gBTRtpRqtYEKvyP05UE=":{"valueMac":{"type":"Buffer","data":"uzG3GokbhdJDsu8Ne8K9FhaheaR/35Wcp3x8KGvHgGw="}},"gkZ5pk0TQynpbV+0EMH8fLZ7xgOLXQVUVU+G/6yBMxQ=":{"valueMac":{"type":"Buffer","data":"gu7Xd7I9xD53eEams0bXUwOjHDN/UE86i+ypnaI6Cis="}},"gkzAjoZCQqrxcXZeoyIDgwEWaDQzJ92s4W+UgXJOSsw=":{"valueMac":{"type":"Buffer","data":"Kme3W2br7rr/nOB7QgJNOe+Q81UTzObqKbAxLZvBHHc="}},"gwkL1ZSj3zA9GpZf8nNhCZ1Pc/jNP1179QGrDFSCBcQ=":{"valueMac":{"type":"Buffer","data":"NoT7zciidNeKX83nHk1VtHV05+GQw7ZZQfqu41KxbsQ="}},"g99k0fV+U9a2D2mEAbYMw4N3Fyy+kbLg4nKYphvDKsI=":{"valueMac":{"type":"Buffer","data":"7Cp5nZechCdsljabXm7ySi/iGVT86qYeRUrkRLUJShs="}},"hIPg5KoSZbjjXX+I89q7zylyuxqxh9hywkU2nJIgFPQ=":{"valueMac":{"type":"Buffer","data":"yPIFxHoqP8dl61x/jyO2o0StrDI4I2vuw+ir2lAbdu4="}},"hgg2HqAw1juToXVFlplnCYfO5BCsjgUsBquo1gNOWRY=":{"valueMac":{"type":"Buffer","data":"UuJFjy9/wSN0b83JRnndS43NlKogF5aBNA0D7BewO/M="}},"hhjZy1DLNwXATMPaU8zsPYgB4z3vlQ+ZacShjT5Edrw=":{"valueMac":{"type":"Buffer","data":"LWqKAq8XKSFxw+783wPQbBDXGhY051HAST4XdxzDBlE="}},"hxsVaeozRDIDA/HwMDIw4Jg4WEIjwRXNRvNjjqmPi4o=":{"valueMac":{"type":"Buffer","data":"Fe015p/wSPg620eZZnuxsFS408XUx9OrNgDgh/UyI80="}},"h5wq2BHE9PlsEx9ZfG+7LrzVs5NjVgkMC1ZtFkfqBsk=":{"valueMac":{"type":"Buffer","data":"YdX16LxGfo5ZTRM1qQHMPLmg+nBHHiv74BM1Yy9rGlE="}},"iDWuTWTsyJelOV8luFUeXFEK5Fx2VA5JURtf4pHQtt8=":{"valueMac":{"type":"Buffer","data":"bqLt9OQXrfAge212qYTBodnEo11wav2WihSF7yuHWhQ="}},"idDXgCNEoj6lTK66mxlCmxyFBk3byH4AEpoYdommBSg=":{"valueMac":{"type":"Buffer","data":"nkTkV67AwFRH4s2YWX53yT6879IhHaUNhiMIm+5ZV58="}},"idvp+Lmma3sz1trzhcobjg0eTRElSdl+JP0J68kpd4U=":{"valueMac":{"type":"Buffer","data":"9qyCAv92tn8DRkP6xe/n3g1cnqdj8PS+qCHV46jo5cg="}},"iix/qE2IeBsymFdYAWv8/yPzmkKlUbsE7NwubDS5tBs=":{"valueMac":{"type":"Buffer","data":"GT/xE1ZyJfDElVJcDrZUuQhieNnkjQiCZflDHSR+/+s="}},"i28+t3hqYQ8EokJIfZvpdmda9KFfk5Ib62t3jtUNwwc=":{"valueMac":{"type":"Buffer","data":"k7bwj+khiZbHzqtP8I69hKpf13u+okrS+3IfhLmLxeE="}},"jEEY6JUq/B0cE5AqKjQytD6uniV5RMvuqtmAmGNlG2g=":{"valueMac":{"type":"Buffer","data":"YYFi96C54+v+VwYDMcLC4QYaNpYXl+IdVSRORSjcm/8="}},"jFQe7yAzXWe+Cnlf7ligJB2noTMCbeBj0hxZpE9bZ6A=":{"valueMac":{"type":"Buffer","data":"YzLrGU482ySd5uPRw/K6w0kSSEyZwF/TeQdpuQPwxWY="}},"jJnJyR+LurR3PohoNwK8HNuQJ+ZsrVX3YwqjKLVzaWE=":{"valueMac":{"type":"Buffer","data":"tEJlDOPDcsLdgJ6NkW4civSf+x9Azx0WJuUvMN2uv+s="}},"jP2dYmLYNx1wiAI1zVi9wZIglQbdcC7VrtSGGABd8R4=":{"valueMac":{"type":"Buffer","data":"jFuYNgFARxMb0LwwuNO/ohPCzLJGrihhcAXZdA1vEZA="}},"jRkKcwec7tnIt/yTnxtZ1ssNauOhLlMbuD4Pjs12U3A=":{"valueMac":{"type":"Buffer","data":"tSLD8bedhrZnApLQsrZZ9wMdLqu0Ykf714Xd8j/4J1Q="}},"jlifUcSrK88841+fOr6qfeo9YhpNInZ6Wz1dF0tACtM=":{"valueMac":{"type":"Buffer","data":"ul4oNG2G6waArTQAGkHcnIZtB71dtmHizOv6oJn50HU="}},"j+K3Lhp/M/fA9z7U03nPB79accuCmTn61zVf1KsSEd4=":{"valueMac":{"type":"Buffer","data":"9c9YibDJRzCuhH0mkyGZdMgV0r6uj7KfNwj8u6xfegE="}},"kAIhHN5oyrgkfrVTXyOZXtVdHg/kjdzgz+z6/Aw2hYY=":{"valueMac":{"type":"Buffer","data":"/zttXP8pzXjFoLExhlf0l/u68fboFshgr8eYuVk9NjQ="}},"kCISnQ+1eAV/PZKHZwOsTTRpomE624OQRzTgbDZA3Lo=":{"valueMac":{"type":"Buffer","data":"+VCIuxa9GDPhVoxF4jxzfdBmOPnHQ3zfXyJRpi97UmU="}},"kCRX0H9bbNxXVJsFVnQ+I9sNArVXZD4p0+MMi/q0WMk=":{"valueMac":{"type":"Buffer","data":"4tBbaTwr+87zv4TUuDKfDgdwV7cf+KiQDuEeOxV/TiM="}},"kSy4iFFWiZ0XNiy9uERoyUoXLGAnkONiQS8PaIQyuqE=":{"valueMac":{"type":"Buffer","data":"nnJfSbOelljaAJTYjIlQOl4B971+GvUty8q8HlIeIuY="}},"kgZ4fKdBDXw1s+rCRIRg3a7g9CX4d5XwtFbihyhEYck=":{"valueMac":{"type":"Buffer","data":"kgYxQXpAoLFygofp+VJ1PGisdhw3lQCV8K8wIbdNX0k="}},"kkP2LkAQ0DdFq7jftG7R/cqcq2d4/b0OcCWOITvcFec=":{"valueMac":{"type":"Buffer","data":"i3WZY0TWSQCZeZdnOXY7x+F5QN4QSRzMuuDofX8T2SU="}},"knQBBKG7B1tS7o+u2M5YX+LNrCah4Mrf18KHTrm+FBI=":{"valueMac":{"type":"Buffer","data":"H+JW7V1/c53I9/9s6ysgtbqKt4IaWk/eAylU8gkNfB0="}},"krcsnzNjAbuk7eq2GTzlBZ75Rm/wM0rh9eFfT+LMFh8=":{"valueMac":{"type":"Buffer","data":"iGA99ZuhZdruw8TBFbYrRqreyP3ZxPGD6TaZGA5vt0U="}},"kyI+xUYne6Lf7DsgAJItp/g889Lr/HFgncFUatcxz8Y=":{"valueMac":{"type":"Buffer","data":"Wy1oxqFQ+9YdhEuOR+EY9ZheZKy1crbELJhxXxckUZ0="}},"k74NjtrR8Op5hcUxMlZFZBwS8XPxt7824u2uPdUywQI=":{"valueMac":{"type":"Buffer","data":"MiBY1zTeIb4iSW6SiSi9Md0DavMtflIboDalPewGct8="}},"lCZf77lkoWZ3Tw2Apz+MWQZiz3jFSdgvIqCndTit9zA=":{"valueMac":{"type":"Buffer","data":"aYyeQE1g9NNX6AXBS5JvXUQLgGFKtYZxrQRc513MuBE="}},"lCqXZrkmSd3OJ8/YVevPTGz9BMcSU8xhKcm4n/II/oE=":{"valueMac":{"type":"Buffer","data":"qXz1AvD9aQm87NonIzbSox2pjYxA8GX0hq3yd+/7YsA="}},"lZ4pKm2VVRjApDyGaCIW8zaK1SKNAZ+hfSKCNWjyCP8=":{"valueMac":{"type":"Buffer","data":"L827kadHq/lMqTa2rXDZhid280RdIZ64O3BLrOseBe8="}},"luOydU12VmGhVww31IJ+AG13bECtfHSlIb0G/qzBMvo=":{"valueMac":{"type":"Buffer","data":"hkPlHJAHevJdXsXk2b6iP77fZXK9JIdIcHRyOZApGtE="}},"mENNZCBC+u1MgJjwFVS01OHW/FTx3c3SIdRLxGl3s7o=":{"valueMac":{"type":"Buffer","data":"nr0uGBIxTDstVmhFC2srK67Yr5mM21Xofd0qEHBaf+Y="}},"mV4dU0zEMZFzEtBOvKxsT3IOJF3zk5hsZN50HGEJqT0=":{"valueMac":{"type":"Buffer","data":"DxqOz+ckazgDVyqFzl4+3BJJhlKjF7qw9JnrU/J2gXA="}},"ma4ZHyaudZl4xKFyLUx0fEgA6pJ/1VJoVbZZ/LJugMQ=":{"valueMac":{"type":"Buffer","data":"sMWq3zgsnYC+SO6rbou47CatFwy6JhIPenAp2UgKHoI="}},"m/n9qVZoY+DMIRp1OqzKl1mcwIR74N9JIk0swo70IXU=":{"valueMac":{"type":"Buffer","data":"8A6GqqLuRHFZlhfa1EgSzk91A/wWu9xdLCijqA36z0s="}},"nCmaYFryHsgprs+8vCa6fve8Y9oVF+HRv1OzJ9QMpdc=":{"valueMac":{"type":"Buffer","data":"c/a8mGDOhPoW/1p1kPZkeXLgbpSbYzSuri1gkDR+lZ0="}},"nfoN0bmXrlj1GTdpFN/EejRL803S08tSVizHjgCTkhA=":{"valueMac":{"type":"Buffer","data":"tKbSMgX139ZfD6sc34USVN7a4OKoTxcNivSzCSR2otM="}},"ngfmQq4uHbN/jDvoVh8dFobrU1uaZ45Q4FZbz0e/a/A=":{"valueMac":{"type":"Buffer","data":"EGNWY462zTQZ9Zl0DkGER5RNezz/lnmWfZjGJnwzk+Y="}},"nostPh0qSpt0bU2pI3V2ThBYP2yJkfYbCVdhlF3HW2A=":{"valueMac":{"type":"Buffer","data":"Yuh5l48e8bCcilGc4lG2F0Ig7c3S1/9abtJoCg0pHBA="}},"oK8/uzgHidZZ/fgStCKPccFRHWi3NmrNGFCsw4749F0=":{"valueMac":{"type":"Buffer","data":"EJxFkQNAM4Yus8Nk8OKAWD9lFIrYVDH3spsmjvfW6Y4="}},"oQeGYytRiB7l063bDCgywqd7cnSTdYlaFezR2uakUFw=":{"valueMac":{"type":"Buffer","data":"vy1/48Paww0k0HOLglFU5w/FYyPhHIBO7KrU/vw/moM="}},"of2AWnWV1iH5lwmKUbpG1b6T4SE8BeGKZl+miHvVB8A=":{"valueMac":{"type":"Buffer","data":"4TL8Yh2P3Qa+jEn5mhQ/fjYN9hg09rYAPJ33YQWkEuo="}},"oinqjXHqtmA+Mdjkqm8BrKdZjsJE8BT2c8ORg8QlSzQ=":{"valueMac":{"type":"Buffer","data":"sZwabOwSuJepBWdhR/sqPY0T5OcCFQpQO0RGSYPBk6k="}},"olRnW3LYC796xQCEaO90vtJ8GkwHYASvL/z87DgTlJE=":{"valueMac":{"type":"Buffer","data":"n0qiOyulrzYVoChOa/qkDcJnnEHAunScMAcfC4F+Q5Y="}},"opgFszLZQ9w9GU+WiPRJOUuiRvCVGtEFj4k+81iJqes=":{"valueMac":{"type":"Buffer","data":"Ug1VNcLuGGYTz/8ArLTsB7qwEZ+ZO1vbEtMeleRh+yU="}},"ou4f6Vb4KE5UGF30OJO1yC+L/MjUcvUTXvn/CDMzqJs=":{"valueMac":{"type":"Buffer","data":"P3l5znd9HIakC4u2ht7p5MrT+D31DY5frugRcmWKZNE="}},"owXQWFVZCo10LWfdkRcefMyQFHMWfqVzoggCwUNZ5Uk=":{"valueMac":{"type":"Buffer","data":"LJF6N0FacKVv8rzbBke143FelZpRQXmL4IYbBcWkCLI="}},"o21YVPa8LLz0FVqk0d2Y4lyyGeaXgMHHD3TLcAQimlU=":{"valueMac":{"type":"Buffer","data":"dOB2EMXlQ7qS1aOk/Rv9zc7PKtojDf8UVaTmnPHsucY="}},"o54/PwRn8NEhY4vQDOHWoyXVLPXtkwuO1FiwYZDyBds=":{"valueMac":{"type":"Buffer","data":"8MnacW63p3j05K0Hjhdz0n26IJx1NTbjS+cYQWh7r8E="}},"o9bOqEmmtthVJk7B1aCoGSvhk/Ga49muXJggEdC0TS0=":{"valueMac":{"type":"Buffer","data":"pajzJY1Pk7i2l3sOK95WdVtYw0J4pfNI4atxHIkaE8M="}},"pBjFgO7L4eg6gKH0NzL52NefxZNOlZUeB6vzpkH8GPo=":{"valueMac":{"type":"Buffer","data":"rCnCIk3zo5lK/FbkU2HSqphtAvqZBt7DpTKXiFlE7ow="}},"pKxtbqCnjtBQAcLoHhfQS5+srKvXHEZgzL3OXeQ0obc=":{"valueMac":{"type":"Buffer","data":"Lj3y1wzGi71SvDUBFMQ7B5Dmk6V3R4tkFsIrMoilQI4="}},"pMatbIye1xAoqWtaF1ZBkia34MZrpht1EbqXX7TaVww=":{"valueMac":{"type":"Buffer","data":"wy7yRZCw6x6U0nVRP7qN99uH7UZ0ombDN3H1O2MN13U="}},"pbC7zPP3tz8a/l50xgH+4DAt15fBJnR3g7K9IhY+SvY=":{"valueMac":{"type":"Buffer","data":"BkhDefGpTjtUJzahc6R/+PbWoMj4Vz+xBVhMnswy+xI="}},"pt+xR/jq7h8h49fmuUz43dI3k0+w++Z/jjg7jrbOcis=":{"valueMac":{"type":"Buffer","data":"Y/yfxJncUyidS7W9pFKVrsmkmf6erqY9L8T1c2ZOSJo="}},"pwH3U9b+xpGd+FP/dzPXiMtiHXAzoUKzJoDMECwEDeU=":{"valueMac":{"type":"Buffer","data":"v+ddt2SoQXVWEkqXkXE8qSILQqqUakGjxGTenMD6sUU="}},"p2b82tU6Z+tXLlQIK3HP5zCr/Kwoq3ipXHUy0MZ6GS8=":{"valueMac":{"type":"Buffer","data":"RNejr2EJ73ng2l57ujZFWP+3KH2drjvfbb595qGJOUo="}},"p4mJAOjyPR9P8oSTj+D2Y/PkEGpzJAQ0bsWBRr/F570=":{"valueMac":{"type":"Buffer","data":"tmDk5JJFQqsVQ6gc7wsnOttR64nDA8Fj9SroyOx734k="}},"qTPO1cGaw2mAh+JWlWRYd+VZbWaF+0gCE6339dpruiY=":{"valueMac":{"type":"Buffer","data":"/vuDt44YmwfvX+EvewcRgsvMmjTOkAMp0gay3YuFpH4="}},"qjenKX24e3wK43f6s3uafEcR1UIyck/XuO5LLJcP7+0=":{"valueMac":{"type":"Buffer","data":"dp539mYtSlrIoSP7uyptI7t/c3nF5dI1PaMc0Um85fU="}},"qluTqe5r73lW5+VHirhNolvzAhRYMGT0gf6e9L27o2A=":{"valueMac":{"type":"Buffer","data":"f6Nv76GC6w3juM5G6FOPEHSRylgCndeavCCSNZYwKE4="}},"qvF+ie/Tpw9hlGMMRnGwd+XmmG9GQhXFV4jTEh9sg7I=":{"valueMac":{"type":"Buffer","data":"QO26RmZ0w1sckCHwiYtUYwPkx08SfL6R7k1Y/Fuq49Q="}},"q6XliB+//VnYLhooiFPXLGpH/pjhWV1R75oVlrNAR/U=":{"valueMac":{"type":"Buffer","data":"Nzo768GTInIDjMnatyTgb1yl4gMTyx6ZJHIgK0CLl40="}},"q9ruHWPQ50HFTisLdtpE5ay788nOzFbHpfna3PMw/uc=":{"valueMac":{"type":"Buffer","data":"9kkuWhS2GPDBVMHklA953doobIx4e89GR5nWNrgyZzI="}},"rEwQbtJGTFWWF4FjuLghwiCCDjx/jB1eQ2kNS5LFqqU=":{"valueMac":{"type":"Buffer","data":"bL5dgwHOAXosE1YengLGvaIr43D2roJuD5p9ibIsI3I="}},"rOVmxUiH97imydTVN7KFK/tdypq05vScj7Y+XFAf140=":{"valueMac":{"type":"Buffer","data":"BGidhr917oRDprsd2AMlSc/uCouhlIUkfW8tK/as2kI="}},"reQjVzcpNEj7uZi/iopX0bJRwveYTVn9NuK37e8MgzI=":{"valueMac":{"type":"Buffer","data":"13PsqVkNdbDvJgagRjwjxzsgp9yUnc8wDutpzQ268lM="}},"rhTzaoZnHJfpxHZhdG++SfSI2IC9p/1t8JHdbKXjS54=":{"valueMac":{"type":"Buffer","data":"42HDubIbaLgSPm+IouT64ffo6crXqVvZYmNRUHTEMHA="}},"rpEdG8w6FuV4qOBadsYICOeY2DarrNqX0IMhg7GRT1Q=":{"valueMac":{"type":"Buffer","data":"2jg3OgZ5ahUjFADpnZdRB7o2hZ8Uemb7fKvPMF+f0y4="}},"ruHcwPz7LmyKo4S7/SNlN3F1iG78GOGEfFpBCJEyZT0=":{"valueMac":{"type":"Buffer","data":"5NKUDpCbi6i8AzTTYm+Ax1qeqvPeUWHTqq9h6RAhIHA="}},"rukr+JFeUg+RnL8otXOxNP1DuQA6WGZNF+4Fo4iTyXM=":{"valueMac":{"type":"Buffer","data":"/8zZ/uvMQcGpg+Oc+xMufzHIXlhTlh5QA40+PmPAVic="}},"rvFbLLSv+j1ZtwFSclSwIS/fUVeIKYdi1vnQiZmxQEU=":{"valueMac":{"type":"Buffer","data":"6av6xQa+cA2Z58pnvKwuCmAfqKiWUz46lZn6eJ661xo="}},"rwLyYM35G6IhOwyo3skv6z6gEKmqoYnN/xVw+BC5sN0=":{"valueMac":{"type":"Buffer","data":"5UQWzapXIwq89uXiyFpsVmY+iTjGJmh47MOYc3Znx14="}},"rwnY9QF6s1bR0TYnd2Ea22pPAmRCsWAGqIPSdjIpR+M=":{"valueMac":{"type":"Buffer","data":"2+/l6KFpUoYKNBquJ2djwpWei7WHgVSnzgqSpAjKrss="}},"r3VgGcWep51Ys3rVO7Fvr/O7YBY918tLjnAlgJpRKsU=":{"valueMac":{"type":"Buffer","data":"LzRH1m6rRtS5m4ShI6e4/1sKDDo8g3GpGyh73fLIhDY="}},"r6eSnfWZijU3yfbqpv1EAcTv9bllQx9p/CrLPuYOv8s=":{"valueMac":{"type":"Buffer","data":"anGm1l6WJtZo/jKPQTtV1q/Vwfa/+UAMQh64cC0B7IE="}},"sTmKzjU0D+MnahywUeWIpbQVwlMUk8m4FmWUmJURLwA=":{"valueMac":{"type":"Buffer","data":"6XXtEqY42Mmfxkcsjvtz7+7+kzU5ZhHwMUxj5GZy3Mo="}},"sZbeH1kS65Yt0nAusX3I1wDWQ0tmS1SdQL3wLZFAoR0=":{"valueMac":{"type":"Buffer","data":"loEmHy6NQv0rL0UyxGNvmL/MQij7fN208iOaeLIjAd8="}},"sd1bNdfZhmaZUSwfOrj7elJ5JhBXs8w7pjWxmwEdsk8=":{"valueMac":{"type":"Buffer","data":"Y1SPIoWIn5RXMuTqZjsAilJeo4JCZlROU3Ve10SZyMg="}},"srM2U+BJHJIqNcjDBkts8pJ1yna37fQwSKw9oQl7GIk=":{"valueMac":{"type":"Buffer","data":"slwR+DoICtUgGb6h6lFooAPFNiPstzEptby7KJLryHs="}},"tN+5M4+NS6V8q0P/8ANJUz9s9VyzvqAjBLu70Bi3FFg=":{"valueMac":{"type":"Buffer","data":"tEEH+9qUTvrXo1UvXISzY5ie/VlIL1LUejRi8maV100="}},"tgb/fUFBHOJN2ewqon1d24GgPv+6IMR3jXEnHPYPXzU=":{"valueMac":{"type":"Buffer","data":"2gWsic/zuA1nOp18Ni5m+A3enhdkkE9jxQyIYP+hjVc="}},"tiDMi90Ji7paYIkG7OYlW2OWWxm3hmYd5U2xjBvUAbM=":{"valueMac":{"type":"Buffer","data":"yjAL17DHEFzpHDhlrrypkWCRDpwHgUZPSMdpOH2PX90="}},"tqNpDagsSdLbzSqKjaCxN+fVC1PJd3yceX2S/Qv9m6s=":{"valueMac":{"type":"Buffer","data":"rZbhUeU/hNuVpC2ZPrM9k24wZTpkheXi78qDwd3+xMw="}},"t8IYeBpnHXso/huKEyPFFP47pfBhYsD4ucVDze3LZTE=":{"valueMac":{"type":"Buffer","data":"yC6eMZYekgPaa2eczaPuK4cDiVhXY0OSYKLZGf5V1uo="}},"uAfJb21pvqb+El63S6r7Qq94rKWlpaGS+vfkbgySs2E=":{"valueMac":{"type":"Buffer","data":"4ZDLkFxas//Ug/WMLAlSkJrm1CXRF7Le8chuELp8Hhk="}},"uCApZAlukDcyOf4uuOAYmEpnAjjYqc1sW8x3otd2mzY=":{"valueMac":{"type":"Buffer","data":"n5xJtsg9D5JCj8R5xXmsUGW6M3qz6OilWJepn7rgO2s="}},"uS8NxLFKs0PDc1eqq5GHK9sfGOuYXLu97C334qrNjXk=":{"valueMac":{"type":"Buffer","data":"B53rVo6qCataBR2s5keDlLwJvfDFlkA4cqOqdEJU+NA="}},"ufOyYM25KZqZxhoOYwkfUYkktE6nummQrX+EOJW9D5k=":{"valueMac":{"type":"Buffer","data":"2y4+4De2uPhHjDHmkNmMoJm3cHEDBxODYvmMNcejtRI="}},"u3ZEXqfcKjqKPTFRlpH8W6kIBevKgR0nw0i1HoYx4fk=":{"valueMac":{"type":"Buffer","data":"5TOU/Tqle80yx7kCAVoT0kha24Ty39cUpIkWOnsNlMQ="}},"vBZi85cNvnDMrpELAz/lNUAM7k3bLesfXmk9Ei9X240=":{"valueMac":{"type":"Buffer","data":"M283OIFygHsE/oxYdWHWXjPmg3N6Ja5Y22XuLmlv01Q="}},"vKcsSU0pYYbO8HFLKMYRXD3y4jWNetKc6Kvb37DvZK0=":{"valueMac":{"type":"Buffer","data":"sv67FJEmeBfW/6C8riq1wL2RXrJImtbimfL+AtCFKFM="}},"vWeRVe1BJxvHrmJLby3kG5n+9OiRO2h+QFaiVf7wEH0=":{"valueMac":{"type":"Buffer","data":"QHWhc2l2rWBRTHiYx9fGqBz3ltn9PcXj6zmlDBZfrp4="}},"vpfaUgOulFNqM3b2FxKt80+7lkwX18UPHNHdn2h/yrQ=":{"valueMac":{"type":"Buffer","data":"Rv6Rv9R5YZCVs4HVcaNsTHlLnDe3BC/BshbR0DFrr8w="}},"wA3po2tHqIPvcteJ1aKDhW5XfvvhRiOKb+wyqPQfz2I=":{"valueMac":{"type":"Buffer","data":"RN83synANUcPGhfzsBZtobKzfVwXq6Cp1ZUucHCugQg="}},"wZSuNORoEAOL3Xifnxp1q7elTaGw0eN9AL+p15wOA3Q=":{"valueMac":{"type":"Buffer","data":"oUZENbo2cygq4oLrr2d2P9idy/Jo0ffZIeWlpxEHu5Y="}},"wmIduOlamKm6wE6lrjjQwppkvq+ruOBTAthDZulE0kk=":{"valueMac":{"type":"Buffer","data":"SlXnpynYSuGdHR0fI5dHpKBfyuNVS88mNcP1FN0KiGQ="}},"wr2TQrqBheg5PoXsgbxrJQASqHlK/INzZyPfzgy1des=":{"valueMac":{"type":"Buffer","data":"71KdQx0KbXFqwKajRcZZkOSuGA3p7KggSc6MunjfFE0="}},"w4RpGztQFAXoXSMnza1fr+q7UfxdMfZbgjueQZ1vnZA=":{"valueMac":{"type":"Buffer","data":"ao9A7EPsUwFY8kWNz5NsdXWPLwU8DcggpQTSK7RaKyM="}},"xCgYROQSYeYWH5MSYQH7G0kbD3dJaq/0JpeUy786DIs=":{"valueMac":{"type":"Buffer","data":"GjWOPbmoFinz0jdBxUmuKAo4TsMlR8Z4xV8XyExrZWY="}},"xeQOX0LsVSOvK3kg2YQsst/4//AjNKR7MyJQvbel3Ug=":{"valueMac":{"type":"Buffer","data":"WtI8nAzf0yfNoys96Juzmhvu+ArbXzsuTPTZjxDc7ZI="}},"xfmWz29iuF6hRRyNY4hSofHYl64L87WEaKLy/xhQzVY=":{"valueMac":{"type":"Buffer","data":"eT/oM6LSM/78XKtBCJGwmEX7smoDHb89JM25cih/flA="}},"xrD7Rqzbeh8VkfZF9JiZHfLUCmP1q15mtJznl98m0oY=":{"valueMac":{"type":"Buffer","data":"qY7aQGpG8LWQffU3fN7pmr/gtn0cgPiX3HNGpLpd4Mg="}},"yAlQl6ap0w48pA0sTsbgkugAzYhYtQBr7qojt5cJcpM=":{"valueMac":{"type":"Buffer","data":"TFYVgANsWaYqQEXD5F1sKF2RAXYpD7eDFrZwFProCRc="}},"yYb5TFUVW76aDNtvA/vWgvqYhS6MbU1R1E60Zu3yjkA=":{"valueMac":{"type":"Buffer","data":"Fu8XeZn1LSHVaDbEXhqmgllgk6/5XX65f7b1UpWmQEA="}},"yassrCAgAf0mJXu+2zSultTouZP3CEIFOUP3LXkFAlI=":{"valueMac":{"type":"Buffer","data":"T5LM5BqdxxjYdcBA5n6kGLkN49OfxJaxpc4FSSrTIOw="}},"ybljMJvVfWI4q+iiKoj4sqCEZ24HOdyxkkJljFPH8PA=":{"valueMac":{"type":"Buffer","data":"GZ6BxslE5UlnQTI5vbK11NS37zLLPzb5HcSvPgrh3Ak="}},"yoh0ZAri3/VP3C746vN0Sh95vEa9qOAiQc5V+jBQV7U=":{"valueMac":{"type":"Buffer","data":"pWBkmG21Ph+rP4MvQIJkS6mJAVuGMPv1pUilqDcRIFE="}},"yxjIaC7kjmdeSmyZVsfcMG8U2fWli6Wt6B7kLffpywc=":{"valueMac":{"type":"Buffer","data":"FMTuE9IK+syRNYt3AISgCHWRaZS1fs6nt5sAjMpvMzQ="}},"y02lP4I8Q+scooCZzp4FOqxwmzkRyTrbuTObEgDIPaA=":{"valueMac":{"type":"Buffer","data":"LlAHbBDiZzjzxher2Pn1y+qbQjvVLGKQgB3tyHQuEto="}},"zRjuSn/Rwmy9VCMfhGoKXugvbmDCXhZgQvhU+YMSSC4=":{"valueMac":{"type":"Buffer","data":"e7yuh3ZjLkfqAfEj8PPkvIbOUcUnot5OxlnDUOCFnZ4="}},"z0DgC9v6a/BErnZpfRyAy/4335dSaqG0p7TPD2eA55Q=":{"valueMac":{"type":"Buffer","data":"2ORYKjrkOU7CctGRYSYmnnIgTvnLdT1ovol9xBck3Ys="}},"0HXX3I58nZyQ/1DNnudx9QYUSaYn2fskInUm16pVzfQ=":{"valueMac":{"type":"Buffer","data":"3t4siPkO9+AnNzovzWbnD5DOGZf6mCTJv9JDRjvqnvo="}},"0KKc5F/6qUiGE9tthJhz5WiAKDUV1Y5P8cjEPkObIhs=":{"valueMac":{"type":"Buffer","data":"hfHl9ZCMBHovdSoQ0xUe4Kn5eY814JiNhwUGl+5TwC8="}},"0X6ejmB6YCCZ7xkGlx4FNHqhkUA2NS/QntLWtxn9t2I=":{"valueMac":{"type":"Buffer","data":"RTwIxDs81JBOvrlNzsFpdcMvf1/IuApK0MOAWg4m9Wk="}},"0eYDHcLtNPwsyUBA0FLvaoD7bZPRTVqV0sgK/y1x/2c=":{"valueMac":{"type":"Buffer","data":"QUzXoslBQbPPD21JbO5WWrxeCKP9cQnSlRDlvwDj47w="}},"0sXZ1oWM3bBbg9gr9XJ1UokKTe/LSedxgU19yVNhRFY=":{"valueMac":{"type":"Buffer","data":"5NS/aS5fSyShY9qNZpZNF7NYU84MD6iLZEX3SHKYNMA="}},"02VDsxCehJYwMSvqg22yjnE7T6GqA4GEQeH/Sqb464A=":{"valueMac":{"type":"Buffer","data":"YmGEcaGcaO76EcqorBYXPWuQcjhRpS6NfyZAbeCvIi4="}},"1TPCZ7J9h3sQeOuEL6cX1dFWpmsZfmY2vqQljyKGYUE=":{"valueMac":{"type":"Buffer","data":"UE94Ndq30sgVwEkwskMiwZz92QLpw51HQXc2fePPJzM="}},"1jiRgrfm1UCujyl64b6RMwWbUD3En9DBZngG3J10chs=":{"valueMac":{"type":"Buffer","data":"aWmsOnwAOUatr5WjzhuTNRqeg2dXhtCX/63Q6mzRP4s="}},"12l8ced621KFr0fI33jtTX7ASUJUuTotoZjR7dr0HOI=":{"valueMac":{"type":"Buffer","data":"4LGzJ0J+bbEZ7wJPLJX/BpiILs8fe53SiyB/lHLTo4g="}},"2FFEOGCNUh+HqmoRCj32VqZYQTpR0lx6+YM66f+UWhA=":{"valueMac":{"type":"Buffer","data":"HOjEhGLQIkmeM0NNYZNG+3CvyUPTH5KY/6H9OamYCXk="}},"2FsCv9jYGhsTWfGXt77TAELMmHHfcYZ9dWIkYdw/aSU=":{"valueMac":{"type":"Buffer","data":"IU4QuqeZ3Nx0iIIVQlOSk5TLd3hqU/4DrO0eoOMVGws="}},"2TIaGB6AbjXyvuHZEElA1izZwnCAYh1H4gh+In/ASNg=":{"valueMac":{"type":"Buffer","data":"uQC/QEV5QZAC6tofaBnbe2luL1uluVJgPl8PXaJgUsU="}},"2WCXEnIDc52JmnUBgyzTl+4hX0r3ZLl9jKBdXixSLro=":{"valueMac":{"type":"Buffer","data":"UWZA76BGDCvXLln0wuVON4euWMuaRt+6JHHC/WhfkWc="}},"2e3fojoGdT1773QlcJusoigrDfzQyLZtKb7Rjc0/s+8=":{"valueMac":{"type":"Buffer","data":"ifuokTiuVBC+SO5AXn7A4j3XNj02Ng5Wr3Mu/MzzBK0="}},"2lEotnjAQfrCOQtLZLBalWdgefhVsyk7pAwd4P5YT0I=":{"valueMac":{"type":"Buffer","data":"Li4qOy3tmFZCKm8dMCBCS4fx8Af5FWG9HxGdi4Z8Y9s="}},"2tMYaP2q1UYJIRpSGddd2AQ1wQp5yMtBcUTPRSxSOr8=":{"valueMac":{"type":"Buffer","data":"AsHIH1zbC7DBM94+wMmh06G86a5XfAVKZLuAr11UccE="}},"2z7Nt3QZ5PHxT1mIwWb2LDlrMRLd9apwGkh5E7BpO5c=":{"valueMac":{"type":"Buffer","data":"WdxxsqmdCMoe3ae1x5Z3akWgUhANfULrMWFT9OSdZaA="}},"25lQ9kCtD49k5BYaafdfWYkRcfRBdkFkDzj+Ek5f8oc=":{"valueMac":{"type":"Buffer","data":"IIZsTAvPOPrDaYwnERLGlEhGNhXnOoEv4Qg2Wuf4OpA="}},"27QNbansmW2ZQM8l7fP+VxJv7w3hBzPEaoQgBR6TfEw=":{"valueMac":{"type":"Buffer","data":"cGU5kiGG8QE1dS1FvpGVGCYGIcmFjcWsWywUEWcgFcI="}},"2+BZ6t1HJVhMNhk8pg7USSdR41lyxkc1MO1o0zH9mco=":{"valueMac":{"type":"Buffer","data":"HmKEFeFmhshH/nu6E0Gq8qgn1vwcKxAGlmOuv386428="}},"3Mr4UoYD9WyvcuIRSLnyg4kM7FuW6izFwyuseuAre94=":{"valueMac":{"type":"Buffer","data":"iPZovq/9nqyfSrLsx8SbTc9DzwUKmJagsw8QEf3D+/w="}},"3gIiBPLx78BJ7PmeqMujqKHcPkgMIY5JbInuWwkrenQ=":{"valueMac":{"type":"Buffer","data":"xFSEemiQhbD02yKnrf68UA3TuRJ7Pf01T+02OMC5ybM="}},"3s5venjKvC5G04CdqcpQf7AsmXyLRLDAheWVmvP6V8M=":{"valueMac":{"type":"Buffer","data":"XWDcZpNjDhrcx/JTjQAOHak1YjS6/+QCy9ssH7wfEH8="}},"31Jol1MX2nc+fiEwqDNC5O0i++j5W8rbFvy/oyE+Ydc=":{"valueMac":{"type":"Buffer","data":"zXTV99sHKsS9kc2f4mGSDCpxa79ZfE27p4vdqwRlAas="}},"4GYYdIExhm2meyB0+CLjdSTTsQsVnS4KSIWo6egs6Oo=":{"valueMac":{"type":"Buffer","data":"19zln+uYxb29zUP6qGROAn4H/QoVmphlHFokb7yqoUc="}},"4I3TH8oJ9NbwZ+4k06blIqPeUzhztK0EPQ5P/ja2Xys=":{"valueMac":{"type":"Buffer","data":"Oq8Gw6wUVOtI0moHSXlcfDrDp+/+RRMQEwilYFaIXno="}},"4MdUTpX0TCS+vQQrHc7CNxFMr3mKP6Zrs+raS6m3Ku4=":{"valueMac":{"type":"Buffer","data":"gy1DifHR+e4+fx8IY2r25ismXQnDLXf8pOAXxUtjzI0="}},"4Nm2VZTBqMxhWT2QmQpyfnF376SuQRN8IYvuvNHQdiw=":{"valueMac":{"type":"Buffer","data":"S90rkXYcyJgD/noKNHxuKZrv0sfNI6UzHy0P5WtDp58="}},"4RVuI/PzE4q2PBqNSKvIejgCS5DEXi5fMFgL12exzKM=":{"valueMac":{"type":"Buffer","data":"i1PoZfyI7e2j11FXhi1YJetwwO9ZRuVk5ohEtI+5lsk="}},"4Ufoc++/fboMoCe0Rk3P2iWWqDkzES+WRLqM9B+ZGLg=":{"valueMac":{"type":"Buffer","data":"44Ac55++JNyXYT+xjoXAAeMayi5YfKAlmix56eNBAQc="}},"4aEK7vTYU/KrsmKdUmbWZ7iS/idJ92l8wD6u/jFc9og=":{"valueMac":{"type":"Buffer","data":"5FyZSKAyOi0LOhxiBPwPvbbrqTtzonTguTUx3ncMNTs="}},"4dW5+DOPRErncIGJNmqDQQxLkAp30z6SFzDOwQOJHww=":{"valueMac":{"type":"Buffer","data":"eHaRlYiE5QtHangzlbNZEdJqDCn6TWfU64ttgBeQxro="}},"4gzBOvJQX0A/TJE4+U6niH2hypc6q4GZeaALtU6YFEk=":{"valueMac":{"type":"Buffer","data":"DB1a6CcvPeuf7MZ2E68L+N5oAzcTf8yw4aY2xE3Gusk="}},"4lH2Did0Lth/yU89WsBOnJhCplgAFLMjsNPLJLf9FdA=":{"valueMac":{"type":"Buffer","data":"/rNIvJf+dr0Ato2hdjM1URufGX5tDHLw5+2WiMkRatI="}},"4oCuISHtCEOMzpbktGvnhRl5UtWhi/bYFXhhipRZhPE=":{"valueMac":{"type":"Buffer","data":"FiX8aoxs+KHnY2F0tUAleIWbWLwe5Dd6L3DDfwUtAWI="}},"4torI9yB7n5RuyuV1fyYuO7BSaZpg+nh5llv5mvRHU8=":{"valueMac":{"type":"Buffer","data":"SBQO9iJenO3YWMVb4rGRZrQLFEx1YOOxTcxGNpiB8Pc="}},"40uSD/If75wMgaBD7dfBpNPkKxV4bC7oYJrqCyOHt/4=":{"valueMac":{"type":"Buffer","data":"FVQK6fPfnLgCRIT4ok+HRZRo3flIYi9Pe5UcE4lxbNw="}},"5O8/Zn9kYeDtNVDurOhb5gA9LlbWYPSWrbuHXc0I788=":{"valueMac":{"type":"Buffer","data":"oRUxzRGXF0eHoDLUu9bXWtfwc+DTNlfqzeWeVB77/FQ="}},"5dPO48R3mn0iVC5BT89GiV66QDa0qHlfNLCFGT7R3FA=":{"valueMac":{"type":"Buffer","data":"+GoL1X9Bia/VNN0oGXCzMuvwC2RQ453SwjldJPBNFz8="}},"57ZGXwiSFblewLZ0hmtBpEyGPA2AsMvA47w3rbmvdOw=":{"valueMac":{"type":"Buffer","data":"cvCmlbW/8UODbAT668DdX/zOy2oKTyTqqWJVJqIBQmA="}},"57bKfUZfZrnUs6+b8CdwJJwIR9WSEuuLe1kynu1i+PE=":{"valueMac":{"type":"Buffer","data":"0T/Bfy+VNavTJ+pRR6ldmdkqEc5PcvCgotNpgkYpe7M="}},"6EK39WDhpM64PfeFdJrUnEEsInxW8Mh6gIfx3BMMgAM=":{"valueMac":{"type":"Buffer","data":"FgB3aHbh2Aatg+SNebgkLHMRHPxfaLzEcE/rOa3JV3k="}},"6gtZA/dw/RAbR9n53T/MI+bZBpYxAzUyGVunowpmMTc=":{"valueMac":{"type":"Buffer","data":"+GdxEF5qaGACyGgzax9xF3/EqAE0gesGOGXPxdR7wMo="}},"6mGQg0sG0XrKiV46JNS/Oujv0ibUVNSL8qxs/26mNFA=":{"valueMac":{"type":"Buffer","data":"NWilisxmCHP5PzAvPCPcxEudixEr8au+7erkZfyHmAc="}},"6n8NKTIIXpTnyi9fwjp2eONSk65NaztROMejcQr52bs=":{"valueMac":{"type":"Buffer","data":"CZDp2klyDiZMz4ZKBM5G3UKKR5FzujZZp/fFlQxgkYM="}},"69vwSLFOHWcF2YsjugzaUNmABEvR6vjid/TXIAUHUhs=":{"valueMac":{"type":"Buffer","data":"FCQVp8xAkhB57giE3+SjFj2a8aWX9Cu/+4d2sZoYHmo="}},"7AtCKtTL7Cem1soiVZfZRM8BPD46tboZ0Gpst57IxTA=":{"valueMac":{"type":"Buffer","data":"ZTBoCe3u7379rrvJBBZP/D4Az37X5RsWzFeSdrsGZG8="}},"7BgK6VZ0WXDQ6qTrztBdvGmp52YLFD+NmY2GQnnE/Rg=":{"valueMac":{"type":"Buffer","data":"4eryX4B3k1eTC6iEPGDXhTO5Y059t/FMIFitumir+74="}},"7P4CReuAtsQXGMEy+gOZJ7QW2jBYm2RoyFebs8gDccc=":{"valueMac":{"type":"Buffer","data":"bX6cKj6ipW3bAo6pp9HvOii0xUny97cIA8Coso5MdP4="}},"7VpXXka9BriEEe20oz5cMls3HpXbB7/aSVAO3JOVnlM=":{"valueMac":{"type":"Buffer","data":"eXqAA0YsAoPvv8TxKZQ+1Cimgksz9oIbcHxKLIGCUCU="}},"7XmkmD2vrRkks5U61IQnFqWoLV09FgfC6oqW76J9NoQ=":{"valueMac":{"type":"Buffer","data":"vJCzRKQ5oiCw0DKUYVbgDAxuFTuv5A19LvcdZte2cxU="}},"7jDlG6csPzWPPEeRe1v22t0PYAtGuX/ZR5Frcd3b3Ms=":{"valueMac":{"type":"Buffer","data":"BtD9A6NVoHevhXV5hD1nAsm9tFrFlG8KDxzWVBj5hro="}},"7mMABTePlLUqOjfFnvJnvr1Tm4IknXyY3TGBph0ouec=":{"valueMac":{"type":"Buffer","data":"vRCb1XHapEyUp2mWyhPxLsKH4dXGlHB71UzmqhJvD8o="}},"7+1U4nLkynyOUtRuPqCT+WzBSblT+VpQKyQJuL5ZVjU=":{"valueMac":{"type":"Buffer","data":"vs/OuRe/zy78JztIU0uLG87PT49KJ0VCCco+IicVQ+U="}},"8Q1q7V7mHn7aFvswuGL3XktTVXnu0xAN9R0eHbJ9JWo=":{"valueMac":{"type":"Buffer","data":"Z6TUeRXav4ZRLvC3+eV2e49+2OPtR6Kc/LF+7eWtiRQ="}},"8TnalRHtFCcLW5iy+4qYSELgMXlMSyRZB/2UcI6KMTU=":{"valueMac":{"type":"Buffer","data":"0jJmGErssrIyj2Z+QiJDIISGBDKsWjnBNuMxxvDk+G4="}},"8XC5Gg+/JRnRJmvRJusDcHMaxQG262LjoSi5hYmpcps=":{"valueMac":{"type":"Buffer","data":"tIYPjvB7lOJv+jNv4/O/k9abf3EuMonJJe4VDwoM5+w="}},"8aZzIqFVdnxOpNzxCJ60qIGCSW+seR4o9D9K/iHbjlU=":{"valueMac":{"type":"Buffer","data":"s2g3lofWHbHJUiYlsRQaxIug4wYj6dKLzLfutTGHaEA="}},"8a70BfWYioXSuLMRp6LpyXiFKOCh6imJTK3CHOr61Rw=":{"valueMac":{"type":"Buffer","data":"P6jean/fBalhXaQHWHPcWIV1id2+NfN6FXEo9+oO+cU="}},"8xHU2VdiaWF4Y6rYqM8FIRAskyGhIYrUa+FBtEciksg=":{"valueMac":{"type":"Buffer","data":"102CxQ/7aRpE4vtYHVo8qAw8rv9XKwPmFDJodKpybYo="}},"9FQMVo9//YR1X0EEJEuPkb+na9sFrlTheO516I5ysYo=":{"valueMac":{"type":"Buffer","data":"UFwvo3x3lVwGwgNKSzXRnimQL3iQwTek8HnvItWvDb0="}},"9cOJTz6tktGs0xkcppMQ+Jzh1D3mDndog1Uc9LndPcU=":{"valueMac":{"type":"Buffer","data":"6MKZjxlxZoxliUHlFazQDUngKQCuaVGeVhpIqdqBcFI="}},"9dnbNf+FjjQWp2bt1maoAlDoleQXRNQH2IBeqkvPPmw=":{"valueMac":{"type":"Buffer","data":"7YXOYolTQo2Zx7aXyZCjyz/TteiItqC1m/ClPP92OxI="}},"9fdtgduQP/7OX3ELQA0NPFt3eRPGoZyuHbax77dKdho=":{"valueMac":{"type":"Buffer","data":"2EJgn9P4uvzCmCM4UuFkFQq64Bsii+oLMNvbiogy77s="}},"9xhFvLVsxHvQC61+TSDOlKI1UMc8N97t+JMT8Vm/fo8=":{"valueMac":{"type":"Buffer","data":"EQBtvkiN6piSVbO3lTTI+AWmntFxIotCUi6Uwc06eAQ="}},"9z/7hVqaLFT/Nx5q9ZzTWBt9I5IuEYC0oJXhOVt78Rs=":{"valueMac":{"type":"Buffer","data":"wEWnqN5gk2lX/4dOdsQ08IhAm3aSOxZyn3MiEs9sdXw="}},"+G/iCyVlm/MmNei0bPR55vOqrhS6fSqRXmUdy4yRLoo=":{"valueMac":{"type":"Buffer","data":"7gnEpkgookGdlvmS6fG2Qo1fE1ebmm7lcxP5/C5cO3A="}},"+kQVGzuLk1WTj+bnmUM+Nk4z51zoDTsgGRsgA0wnCzw=":{"valueMac":{"type":"Buffer","data":"JSJzBBOmUJTOJk5HbqYXjVsDY0raERK0eNl7vp1UL5A="}},"+lEvhgXEG+dDdqQLyqKGDQmLv2nnhYXlS/eHQfwzra0=":{"valueMac":{"type":"Buffer","data":"xbImHZi0gbKjN0JhxvKf5tuE7ckelrpCINY9SE+iRqo="}},"+xS5C/rwrOxHgMjX4UKXfSgreYlvaG7et8gWwO8z58s=":{"valueMac":{"type":"Buffer","data":"ayVz1eKSDT1GLeMjFo2iAVR0Cp9R5mcu+MYC0PZKe0U="}},"/E9yO2fN5kYNuuLXXFpGI/GEF6mXh4MM7lpWg62qcII=":{"valueMac":{"type":"Buffer","data":"oXENeaJ6QKJ67XGked8FiJY17y+wX2wrjAZjuw0VAEo="}},"/i7BENrPvb7wuWj4fIEN3XKKHaE/9gFXZQGCxN1kGus=":{"valueMac":{"type":"Buffer","data":"iwuB+cZNySYxXt5lcFiPeV6u6GivH3ylF3WeDk+zmUE="}},"/mKgOyB08Wo7g4zk1sKtusku2EK+bVsTNWWKmJH/6Mo=":{"valueMac":{"type":"Buffer","data":"g2ogsX1u0Uq9LMHed7nTu6UJJiBBUK8Fdgf+FFq5zFQ="}},"/xoiyzJoKw0cyMkeSsqtT2CJyTCo62md/wMkc55Cqh0=":{"valueMac":{"type":"Buffer","data":"HD+1K06RqZYBibH4n0SV4If5kWbuw9R2K/oFD392NMc="}},"/2FYQVw0A5BwX5+zRbqJV2Qy7/XWr2Gtip7lJQxtJ7U=":{"valueMac":{"type":"Buffer","data":"8KYOiJbFo/dq+tfIoTcv7/NSH33VwX11i7bF8MxXqOE="}},"+2qb4mOuVAotP1w3T3NMWDn8gZybmGOBEghTGCDnQHA=":{"valueMac":{"type":"Buffer","data":"+jbBDbsbR/ao75jiXMsi4SNM50cRwDsUAmaNQEsWzV8="}}}}