{"version":2,"hash":{"type":"Buffer","data":"wsq67JKdoml7Qren8VKi9lBJwby9ix+1WcKd1B6AcJiU6PyvxXV2k8pAsOrmjDDxY/RDXzbfCnKrRAzmbfQSkcOpHGG0BgRFFYmgIH7wt1S7dYIW6bS/T5l7PRjHnLMvK3ZZngVPYkyhXyog8zqAM54MTreZgnTcaG7vRInJKz0="},"indexValueMap":{"5WJfpxrq5cYbPLeH6JoGNOgtJ2LnpIDkWHrC3lIDiWk=":{"valueMac":{"type":"Buffer","data":"7jsw9CaLpRCfClfkL8sw0GecWQWLWFdCoZJ66tAoTNQ="}},"GyFQ6qWhFCVUzbNrfq6FTDCSenZ1t5ktmxXzl0Fry4A=":{"valueMac":{"type":"Buffer","data":"gbyR15eA6TcR8o5hpU+7BMZQm7ETi0w4wa3QHsdb3FY="}}}}