{"noiseKey":{"private":{"type":"Buffer","data":"0BhrnX0Lv6tqZR0PyAzm9NE8tYFD8ZsMV7TSNUWLVVA="},"public":{"type":"Buffer","data":"coNKOSn7J3Nn19+k3tfIi/tiyDjVL2a8flHh4yAekx8="}},"signedIdentityKey":{"private":{"type":"Buffer","data":"8M6ovzRMIqFRYx7Fnk+KNDZSu4WeHajO9kIYoFUoSko="},"public":{"type":"Buffer","data":"/1IaIyTULu6FTPU3YiUfq+gsq049VPtbpMI4RqgVigY="}},"signedPreKey":{"keyPair":{"private":{"type":"Buffer","data":"6LPnLkB6BVA0X+yW6sucmF6VMrosgcvnyyCYhagyDnk="},"public":{"type":"Buffer","data":"Szj8U37yQzHz2yH9y++CHvpYQlGh9Mt87RKwxRJdfAA="}},"signature":{"type":"Buffer","data":"6Bb6W2jQs6qGY693MhIs1CfjiWXuV1nqBdsG6zmuNj3DfxG8R6R2vunvcEyiXm8pgxSDFWr2S3TvpG4uz5wbBg=="},"keyId":1},"registrationId":243,"advSecretKey":"xgP38SgjX9lratp6j6DaZ6oC/UvdmGmWf20+GLuTjVs=","processedHistoryMessages":[{"key":{"remoteJid":"6282233508892@s.whatsapp.net","fromMe":true,"id":"39E4B58F92EA001F710033B2C4AA7448"},"messageTimestamp":1686180671},{"key":{"remoteJid":"6282233508892@s.whatsapp.net","fromMe":true,"id":"700789736042DA4E6A1C7A808C842EFD"},"messageTimestamp":1686180673},{"key":{"remoteJid":"6282233508892@s.whatsapp.net","fromMe":true,"id":"5874F30B44F152E207416BCCD5460F47"},"messageTimestamp":1686180701},{"key":{"remoteJid":"6282233508892@s.whatsapp.net","fromMe":true,"id":"9D3280A13B60FF02C56E719F7966252E"},"messageTimestamp":1686180703},{"key":{"remoteJid":"6282233508892@s.whatsapp.net","fromMe":true,"id":"8E2BE29B535EC394B2E610900FD6F9E9"},"messageTimestamp":1686180703}],"nextPreKeyId":62,"firstUnuploadedPreKeyId":62,"accountSyncCounter":1,"accountSettings":{"unarchiveChats":false},"account":{"details":"CJXx9uMDELemhKQGGAE=","accountSignatureKey":"oVWelrHR43Eq6Q8rDibKrjXmAFGmfsJO2Y45rnKkBj4=","accountSignature":"Gl+tV7ku1AafjuUwXr/RA+miQBcv+PcdmjDXdPE4RfPmc8DLeHw7Tfb8LQzJ+doiySsImF4ZJmudp7aOCYZkDQ==","deviceSignature":"jIkm8cMZEqEQbQfG8Zj24YiBgB+K7LUpdC2u7n3bSmwlDLMq/9KhRexdbSm/B1a8v27CXAmChP2lYQiaG4+FAA=="},"me":{"id":"6282233508892:22@s.whatsapp.net","name":"Ryz Savior","jid":"6282233508892@s.whatsapp.net"},"signalIdentities":[{"identifier":{"name":"6282233508892:22@s.whatsapp.net","deviceId":0},"identifierKey":{"type":"Buffer","data":"BaFVnpax0eNxKukPKw4myq415gBRpn7CTtmOOa5ypAY+"}}],"platform":"android","lastAccountSyncTimestamp":1686246400,"myAppStateKeyId":"AAAAAKN7"}