[{"senderKeyId":1862011595,"senderChainKey":{"iteration":2,"seed":"BV1ItdhU1/7oOCx2G/L0p1Lf/854rdZo2gb0kLuRtqw="},"senderSigningKey":{"public":"BeKdFgo+rMkEJw8OKQQzCt/ng3/zOQKq6QC6NqhewVU4"},"senderMessageKeys":[]},{"senderKeyId":1354068333,"senderChainKey":{"iteration":9,"seed":"7xjH6XnCaQzd1RetCEbes+u7zTWGrTvQehC8aNvizAY="},"senderSigningKey":{"public":"BXYXdiMoM0uiToHfzbf2dBJTaPAwT6Ug7HDnWSm9cWVs"},"senderMessageKeys":[]},{"senderKeyId":1686340128,"senderChainKey":{"iteration":2,"seed":"nMVq6Yx/kxVjlAmqg0Cw4vjntAQSuu4jHu1UpwwIu2M="},"senderSigningKey":{"public":"BWU81inLP8uoW+WcDYJY2tspWXuzNu9GGroW5i9gzQ48"},"senderMessageKeys":[]}]