[{"senderKeyId":1140934588,"senderChainKey":{"iteration":1,"seed":"rfXC8HV9xmdawIPONHa24haBLY9Y5PwxlklDvhnySvc="},"senderSigningKey":{"public":"Bbhh9amWJAic+ZIxW1t3cCr4qxLxhOnHuXCI7cKvF5Id"},"senderMessageKeys":[]},{"senderKeyId":702582510,"senderChainKey":{"iteration":3,"seed":"Qi4AWTlYB9pu541XLsmMrwIKJQrC+xfYF8p4h1Fi9tk="},"senderSigningKey":{"public":"BcnWeSHERcUPNtFfXTZSVw+w8Cy3E6aOmfyZUVt3q5kP"},"senderMessageKeys":[]},{"senderKeyId":702582510,"senderChainKey":{"iteration":1,"seed":"l+bioJYyo02WmMlo77g5ahYwxI29vguiWwizCwY5YU4="},"senderSigningKey":{"public":"BcnWeSHERcUPNtFfXTZSVw+w8Cy3E6aOmfyZUVt3q5kP"},"senderMessageKeys":[]},{"senderKeyId":1406618340,"senderChainKey":{"iteration":1,"seed":"NHnE3kve+A2SXyiRIpMPZxxoXrlgxBALO3MDc5dfTDc="},"senderSigningKey":{"public":"BTVkIj+BbYoK24Dy9nq1U+wAfLObFN/Dxl2l32G0QCkp"},"senderMessageKeys":[]},{"senderKeyId":1364376094,"senderChainKey":{"iteration":4,"seed":"eLfJKo5ze5uVEEenoG5UMA6J4oX4iVoOP7x7hGe/ock="},"senderSigningKey":{"public":"BfzbQOvucR9Ws++jPquKdTcPVf1XJzbOKXohPzYvUGxX"},"senderMessageKeys":[]},{"senderKeyId":1364376094,"senderChainKey":{"iteration":3,"seed":"UHc5yt1MeNa63SoNO4LjnG+JC4T8NdxLG7zH5v0CaAY="},"senderSigningKey":{"public":"BfzbQOvucR9Ws++jPquKdTcPVf1XJzbOKXohPzYvUGxX"},"senderMessageKeys":[]}]