[{"senderKeyId":592239926,"senderChainKey":{"iteration":1,"seed":"/bOJlRwQ5fypPuoJjIAMlP/utuJ9Eu4E8A+zNd4F5SA="},"senderSigningKey":{"public":"BTAGjWk4Th282wcKwnsx9RujtCgM9neXrzbCy0Ksgj4d"},"senderMessageKeys":[]},{"senderKeyId":2033780198,"senderChainKey":{"iteration":4,"seed":"RRkZykNjjm4tChYTc1USYRafCdUTdK68qXTV28RIP1c="},"senderSigningKey":{"public":"BVuhE7g6L6wJGH/AYdnmAD24AzeaC/R3Whc64/VR7j8e"},"senderMessageKeys":[]},{"senderKeyId":1100440345,"senderChainKey":{"iteration":1,"seed":"GvCuJ+4BuB7HickLMoYrVmGK7FoVxRINcONNAMBmvDI="},"senderSigningKey":{"public":"BYNBHl5+9FtIPe0208PJaMxkvfLfKzxR8xFDjJM9GoBw"},"senderMessageKeys":[]},{"senderKeyId":342170740,"senderChainKey":{"iteration":1,"seed":"rUqf79np/qKfg/sHG6O0A1MNZFOE2cJ6j3enoXSuOnc="},"senderSigningKey":{"public":"BdY8CGl5ozdpacw5xKnp3LdGWzmrCLac2qgDx5TDjE9Z"},"senderMessageKeys":[]}]