[{"senderKeyId":752508505,"senderChainKey":{"iteration":2,"seed":"BCLrbZpVLpafbK6KXkrhZ6C/X3M0mdUDWEJDbwpvjNE="},"senderSigningKey":{"public":"BV8OE234LJrlnohlB3KUTX80URZ8ErmoAVBg3Tv5SvEK"},"senderMessageKeys":[]},{"senderKeyId":1158737753,"senderChainKey":{"iteration":2,"seed":"3h+a8iNoG64ZJHlfF6MRf2i0GxL49DrBS1FGBSTLIgU="},"senderSigningKey":{"public":"BbnWTAdoE5pKMBcQ15d4cWgqxzneo0wECOFQynmHYwFR"},"senderMessageKeys":[]},{"senderKeyId":1559638897,"senderChainKey":{"iteration":1,"seed":"HIRHhafMnX2ZxXJBWuKuyqZnvhYooIdoTw2Qy39//W0="},"senderSigningKey":{"public":"BeUyrRbe+wVE3AVsMGLovM645AIPi8iilvbIQIGBJVxg"},"senderMessageKeys":[]}]