[{"senderKeyId":1729028086,"senderChainKey":{"iteration":3,"seed":"wKA0rRFm59ihgEGAj3ZMxyZM9htSMZ6uCfWGvWV11Do="},"senderSigningKey":{"public":"BaTHQdffVhl6lgBWN4yr7oWan6LXuHGY752KN4ekCEYE"},"senderMessageKeys":[]},{"senderKeyId":1780375304,"senderChainKey":{"iteration":7,"seed":"gD7slALIF6vD+1/r5GdIhwZbYtemcANwNDfL+bz0beE="},"senderSigningKey":{"public":"BXyT0qALdkJkR+t4jWshTeFekm8pIv/J/9m5sDxVLPNF"},"senderMessageKeys":[]},{"senderKeyId":735953129,"senderChainKey":{"iteration":1,"seed":"3SDmfs79eEOUeZHiWlFIUES78159WWnPCnbNR2jY2WA="},"senderSigningKey":{"public":"BWqZ6pXTtyZTNOhRPo+lJseSTU5TFNa5h3Vjhi5S6AIt"},"senderMessageKeys":[]}]