[{"senderKeyId":954930796,"senderChainKey":{"iteration":4,"seed":"UxM2KDgQymSLHMHOWl4dJkhOj2xHviko9GdxyhMHYTo="},"senderSigningKey":{"public":"BQroohSiCKS78Bn5Pk/ZB/Pa+FZFvp8M1WlEtcJ6hx57"},"senderMessageKeys":[]},{"senderKeyId":851061213,"senderChainKey":{"iteration":2,"seed":"8VtfBFridbFXso2jR/CTCz/an1W277oUmktNvV5XNkw="},"senderSigningKey":{"public":"BcpJQmGsosYtFqT5Jv+bl05o9aOlV3/a4Z+6fM3RBxZM"},"senderMessageKeys":[]},{"senderKeyId":851061213,"senderChainKey":{"iteration":1,"seed":"Lw/GkdEXy3vxvlzO+iATnJ+5dAJn6q6AqQqrb1LlTCE="},"senderSigningKey":{"public":"BcpJQmGsosYtFqT5Jv+bl05o9aOlV3/a4Z+6fM3RBxZM"},"senderMessageKeys":[]}]