[{"senderKeyId":497292483,"senderChainKey":{"iteration":13,"seed":"ZYDqYEKHbKkttodaaMbompD5jG19q1urYJ6VGTvYqWc="},"senderSigningKey":{"public":"BYMoc67zYcYT2tomiLyDLgX6vNdyRYQCmRYS2o4OlMMg"},"senderMessageKeys":[]},{"senderKeyId":497292483,"senderChainKey":{"iteration":8,"seed":"T6mE9Z4xkhCYUlmEf5q/Rj3PRass8lyjaAbFs2ppdAQ="},"senderSigningKey":{"public":"BYMoc67zYcYT2tomiLyDLgX6vNdyRYQCmRYS2o4OlMMg"},"senderMessageKeys":[]},{"senderKeyId":1027849357,"senderChainKey":{"iteration":1,"seed":"A/OHewwEvDOG76QgP3MEwrRv0Kh7nWmVwiwF44UehPo="},"senderSigningKey":{"public":"BczldKsJLFZkuruHF846KorzhYfsBdoADvWRjEl6mbAj"},"senderMessageKeys":[]}]