[{"senderKeyId":259540753,"senderChainKey":{"iteration":2,"seed":"oHHrHaU141BQq+Y1AGbuFqeYf53UZVRlS7TttzEs5oc="},"senderSigningKey":{"public":"BVAK2jy/nIgt3Ysf9DqEdO04RE4jdQiV6r8qT7t7Y38M"},"senderMessageKeys":[]},{"senderKeyId":2132985992,"senderChainKey":{"iteration":6,"seed":"h1+ceU4FO9hG8buiCiTRiwZ3j5UNN2ME6FWEZaBw5M0="},"senderSigningKey":{"public":"BY/XUWcyFq8GfyspNH75NBXaSiT5+ZVAjqfAvu7ljSct"},"senderMessageKeys":[]},{"senderKeyId":2132985992,"senderChainKey":{"iteration":4,"seed":"wOdjISDVY4SnG1ZWDPdQmS2PZ7+UxTuQDCTUb1s8mFY="},"senderSigningKey":{"public":"BY/XUWcyFq8GfyspNH75NBXaSiT5+ZVAjqfAvu7ljSct"},"senderMessageKeys":[]},{"senderKeyId":4008694,"senderChainKey":{"iteration":3,"seed":"DXz6YLSUzyz58u6ZslvW6IEIPGi4kNQYYnYeuAp4M48="},"senderSigningKey":{"public":"BYMmrMFoFAnxTf35HK4B/vNMyP1AOB7V22NZxatU8MAs"},"senderMessageKeys":[]},{"senderKeyId":4008694,"senderChainKey":{"iteration":1,"seed":"Ucdm50/tyJwh1gwPmXcAaey0g3ASf5Xg8cvkd7MsUJ4="},"senderSigningKey":{"public":"BYMmrMFoFAnxTf35HK4B/vNMyP1AOB7V22NZxatU8MAs"},"senderMessageKeys":[]},{"senderKeyId":1253570512,"senderChainKey":{"iteration":1,"seed":"mt0eFO7sN7JlfLRTOSeKUSl4rfmVb7BykAlHWMmO2gE="},"senderSigningKey":{"public":"BSziumWVJmAvFbP8bMYpcYYI5BFWaC9QSkf22SzJdaF0"},"senderMessageKeys":[]},{"senderKeyId":606167554,"senderChainKey":{"iteration":1,"seed":"Ii8YegMCqF6IM59wg69Z8qqFFw8kTiKip7jLboQo4PM="},"senderSigningKey":{"public":"Bajf5TPGAg2agCNMxrZYhUAAnYQ/sdhobkAgnCaum24P"},"senderMessageKeys":[]}]