[{"senderKeyId":644941195,"senderChainKey":{"iteration":2,"seed":"B8AmjPMp4m327Wn6G1W2nbf3zRU5GHAtt3ayN6s2+vE="},"senderSigningKey":{"public":"BXgcxh0d/CiKWyR1A2IZvIwd2OMBZrJrpIZiWe9rPBNl"},"senderMessageKeys":[]},{"senderKeyId":1999765416,"senderChainKey":{"iteration":8,"seed":"EsNswMy5SVfTq7+2ePxyyU2HebjReNhMJjswqJF+X1c="},"senderSigningKey":{"public":"BfCkYd1ngsua+eWBmFztQdUFLX+3mojW5T9kX75w8WkB"},"senderMessageKeys":[]},{"senderKeyId":565127744,"senderChainKey":{"iteration":8,"seed":"wUGkDedAlSAGjzmDmOaZ+qCECmGkGgIhz7R3XPDLWzk="},"senderSigningKey":{"public":"BSGtqxZhxzy6GdtA/CGPJ3E/GhiCJJhic2fjxfsCsVhy"},"senderMessageKeys":[]}]