[{"senderKeyId":1851529255,"senderChainKey":{"iteration":4,"seed":"RG8ALVSqXifRiKgtK8WDjupAOwFxMdLuq/IhmGCRWBY="},"senderSigningKey":{"public":"BVsV2+GG4VYMvCsbsyKbKqZi55UihU1uAv77xlLTOtwp"},"senderMessageKeys":[]},{"senderKeyId":819524346,"senderChainKey":{"iteration":4,"seed":"eNvZUGzoHjWYGxAJ1eLMJtr5KrIcXUiFPd8mqc8axu8="},"senderSigningKey":{"public":"BY1zNASsswiqt1rRHCmo1ZJFwVzkGQJIf8yku7ewThFM"},"senderMessageKeys":[]},{"senderKeyId":819524346,"senderChainKey":{"iteration":3,"seed":"swnmOmNYAAyditwt+wsAzmcVbnRJEmgpuinDbvNHBaI="},"senderSigningKey":{"public":"BY1zNASsswiqt1rRHCmo1ZJFwVzkGQJIf8yku7ewThFM"},"senderMessageKeys":[]}]