[{"senderKeyId":773951129,"senderChainKey":{"iteration":14,"seed":"eBQV93gv03qUvCG+HSlhphlbJJ/o6nIDydfiWYY0pqY="},"senderSigningKey":{"public":"BXV1hvlvHOe269Qh+YsEaSFyUK4ug3YXO+GI6CglpVou"},"senderMessageKeys":[]},{"senderKeyId":773951129,"senderChainKey":{"iteration":9,"seed":"I5uQf827RV2gYuOc6BfcYh8ZG6d5rXO1KDzNdHczMJM="},"senderSigningKey":{"public":"BXV1hvlvHOe269Qh+YsEaSFyUK4ug3YXO+GI6CglpVou"},"senderMessageKeys":[]},{"senderKeyId":2039755495,"senderChainKey":{"iteration":1,"seed":"pHpBmmk3wyRU94BrguIBsVM+BTshVHY5vpJoMoWLAqA="},"senderSigningKey":{"public":"BehnfvjEc0WRIoXzsG9cjbvo2+iTDAmbRVu/7wCy3MxE"},"senderMessageKeys":[]}]