[{"senderKeyId":1297757228,"senderChainKey":{"iteration":14,"seed":"9KtxCM65cIW6LmZFTxtDxUorMgwmGAzRZlZEGbvdAWs="},"senderSigningKey":{"public":"BZMBwkKr9FYAkwGDswigCXV5WUL9hz8hH2DOXUyCklsg"},"senderMessageKeys":[]},{"senderKeyId":1803808022,"senderChainKey":{"iteration":1,"seed":"CWmB0AkK6X67ERKZ0Z+hw75CQ+knZ7PCayfkPwpVVE8="},"senderSigningKey":{"public":"BdgUf4qAgVxbNcFBuG3s2qRcXepnB3O8hmpm/EIzPjlk"},"senderMessageKeys":[]},{"senderKeyId":1424898193,"senderChainKey":{"iteration":1,"seed":"516OkzaTCXrfJ3DFkTzO8Lwbkxn19EjmcNcEQqzzIaA="},"senderSigningKey":{"public":"BbEqSoLDNa8RMkeD7e12RyxhjOrJ0mZeBoggYDPClhxY"},"senderMessageKeys":[]},{"senderKeyId":1072089578,"senderChainKey":{"iteration":1,"seed":"0VeJxD4p39mnFgVD69uEBIukmBsOOWzKV4ohpNhH+XI="},"senderSigningKey":{"public":"BdRVBRG9YOaqaq7TbdwkVussao+CrmfNP9tOlkFpgep7"},"senderMessageKeys":[]}]