[{"senderKeyId":19055974,"senderChainKey":{"iteration":1,"seed":"TNNhijsVDw4a+zMYnlbAo9bEBwnyaHNGdkPNuABST+w="},"senderSigningKey":{"public":"BXsn3xPc242mIzIAWi/sbZ7EDWvaUtizVhFHbC5/Qjgx"},"senderMessageKeys":[]},{"senderKeyId":1676627403,"senderChainKey":{"iteration":1,"seed":"7muXppidu7O5nvzmVB9tWyn/SrG9SVzUmdfTzGA/gl4="},"senderSigningKey":{"public":"BQPAh7DX3xs3Fehx8faFLXo1SAKAalOaqcO9FNk15gMf"},"senderMessageKeys":[]},{"senderKeyId":2057779425,"senderChainKey":{"iteration":1,"seed":"pr5JSYT8AvdihTp4T3bJHUnO0eVQDO9kgV/n6aZD9fo="},"senderSigningKey":{"public":"BYxfD99DfurDfWV5HDDSgEQrpr037CVKW+HOmMXMLhgI"},"senderMessageKeys":[]},{"senderKeyId":2077563272,"senderChainKey":{"iteration":5,"seed":"0WPWx6mYLspV60MThVnMbcVPEgry/9tdAo705dWXuoM="},"senderSigningKey":{"public":"BVDfmQ7qqv1Xxw7Mn7KqhbrbwSO0viuPPoiyO7+dPutr"},"senderMessageKeys":[]},{"senderKeyId":1624841296,"senderChainKey":{"iteration":3,"seed":"IOA090a1VVRfIsozlUcq6SzasULKugYRLHElTfAHJuI="},"senderSigningKey":{"public":"Bb9xwx7bwWPRw0L773q2AeWE9G5J9QS/SJuJJwvrIes+"},"senderMessageKeys":[]}]