[{"senderKeyId":625579883,"senderChainKey":{"iteration":2,"seed":"mv6eEMGeRm7/u8iq4AS0uXxOR+RbPsHPKonWNzB709s="},"senderSigningKey":{"public":"BXIfGFrj3z/ICes7nl+rZuX/WOnfKuWHsFV9L6R/iM1H"},"senderMessageKeys":[]},{"senderKeyId":420818012,"senderChainKey":{"iteration":4,"seed":"AITpcXibPrmT+PxjRY2z93GO41S4lQUnIGJqC6Thl2Y="},"senderSigningKey":{"public":"BVL+RYptoIgNhkotvxbU3y4xQXlFxaAdWoAUc6JCcak0"},"senderMessageKeys":[]},{"senderKeyId":640808960,"senderChainKey":{"iteration":1,"seed":"tdAvkri/sg3Um7ahcGhqdVhlegs0fiaP7ClCBYhjdcU="},"senderSigningKey":{"public":"BbwwSWo/mYA5J+fLjCcFRebjvyBBiuFNVoIBhcQInC83"},"senderMessageKeys":[]},{"senderKeyId":892991940,"senderChainKey":{"iteration":1,"seed":"TNnLBYYaeEZENzAXk7q0F/dECQ+Wn9zlfQeR8Z5UTUQ="},"senderSigningKey":{"public":"BU07ETCC1nruE8DXfDWYYva85SLX5SpUmRvDoo7G2cJZ"},"senderMessageKeys":[]},{"senderKeyId":821833994,"senderChainKey":{"iteration":1,"seed":"ki9UmOi2eno/dHAkEHaG/3K/q9lAXs7xWNdWBe5+9fQ="},"senderSigningKey":{"public":"Bb2q2+N9FhE/U+Tbqw3EnjAD1LEIvfK4ilTg8JLEEyEf"},"senderMessageKeys":[]}]