[{"senderKeyId":837133554,"senderChainKey":{"iteration":1,"seed":"NQkNc+ubBEqEkgDSvnAjzS3jzJA1Xv34R2nf/jmOvHc="},"senderSigningKey":{"public":"BVU8mkre5txtap4i4b9N3qKPi/BycwviGEyx7Tf1e6xb"},"senderMessageKeys":[]},{"senderKeyId":893774271,"senderChainKey":{"iteration":4,"seed":"BJWt4t7sVddigHp6fGq6Ju80pZ0nigijG9/Dqufkv98="},"senderSigningKey":{"public":"BZEDygwzw4Y33MkAVfv1QvB7TN33XutLG4MsU5Gd/yNn"},"senderMessageKeys":[]},{"senderKeyId":1176608798,"senderChainKey":{"iteration":2,"seed":"ZFWgp+OnSM+vVsWVaw7akYKX8Bfkv74bh4sUwSc5SM8="},"senderSigningKey":{"public":"BVMb66AD/1CBXp9mmRVUK3E3C5Y7T3yEK0pJvO7s9Btm"},"senderMessageKeys":[]},{"senderKeyId":2122678837,"senderChainKey":{"iteration":1,"seed":"AxOHHHW2R2EOSJCLQO+2sD38WFkAZP6ndvnaBKUjlB4="},"senderSigningKey":{"public":"Ba40O1i8HNdVNvj7u/NfFVAI6EPCqIyob6San574uiVK"},"senderMessageKeys":[]}]