[{"senderKeyId":1552088672,"senderChainKey":{"iteration":4,"seed":"Dsvbs5PXea7sgvxQMd4iiBF/qaKFaVLWIGyC4pmIaYY="},"senderSigningKey":{"public":"Bb9W7V+Jzik9iSQwYqcHZa2ow4dQV7y2p7052DEhb8Iv"},"senderMessageKeys":[]},{"senderKeyId":188498029,"senderChainKey":{"iteration":9,"seed":"aZk6AEPVPnEP+UFzhGwbMQQ9m6ijLxCw1lIK3fR3K7I="},"senderSigningKey":{"public":"BbbQ/s+mge0pdZ0yoqO8u+yVO42qHPjEgT0CNEJKETEp"},"senderMessageKeys":[]},{"senderKeyId":348109038,"senderChainKey":{"iteration":8,"seed":"N2XbhhcLmhoObQoJF6YCZzaKntYHrYD17YlqRaD29ps="},"senderSigningKey":{"public":"BfgB3hYGHkcrO2hr5nvH9Nu7r+Jxjss1mQWvFVE9cFJV"},"senderMessageKeys":[]}]