[{"senderKeyId":1317143917,"senderChainKey":{"iteration":7,"seed":"bh+I4IyxR+SCEFHtZslqOAmnPhvmpDVX7LeUqkLy9OA="},"senderSigningKey":{"public":"BeiWVBuK6rjYUV4SmM3U+GjVTBl/yF0Bck/70r9axfZ+"},"senderMessageKeys":[]},{"senderKeyId":440362217,"senderChainKey":{"iteration":1,"seed":"EEvGxm3Ojx0Q+m0YGuIl7fng5WlXIVW3NdjKVCrx9bA="},"senderSigningKey":{"public":"BfFlzlVuBOBFJFhR6dihtTowCwDpNQHD7NjNjueGdiFw"},"senderMessageKeys":[]},{"senderKeyId":1246265877,"senderChainKey":{"iteration":1,"seed":"kLYck6fSdFP0ul0vCdB/ys50OuUEi2XPixpoQp+qJJY="},"senderSigningKey":{"public":"BXlsGJ/Q5lSCc5lj9y7FTekGdHYC3NUeCkXfmSnbh8ZC"},"senderMessageKeys":[]}]