[{"senderKeyId":688844586,"senderChainKey":{"iteration":1,"seed":"XDIFmnLYlt+E0lsDOes8aFRxIo8oSzn5aQ/9jkRd+dw="},"senderSigningKey":{"public":"BZJPJSId6qRfyE+QhDcPBxFHceEWg/a2yBDotRGyugZH"},"senderMessageKeys":[]},{"senderKeyId":1781287658,"senderChainKey":{"iteration":2,"seed":"tMQCot+Z3H0ebqiAZZKeBfKzWrR0e5zmoLav/CMONs0="},"senderSigningKey":{"public":"BaVy9/3uzgokdod2wvrp0jIJazhX6oEctdza5qRbna9Y"},"senderMessageKeys":[]},{"senderKeyId":1781287658,"senderChainKey":{"iteration":1,"seed":"hse2cZz5IkKNflWvUsIWnrN73uJOCRDH3ZU860QvSMQ="},"senderSigningKey":{"public":"BaVy9/3uzgokdod2wvrp0jIJazhX6oEctdza5qRbna9Y"},"senderMessageKeys":[]}]