[{"senderKeyId":323769064,"senderChainKey":{"iteration":11,"seed":"Ay/DP2JMkTPe+T1hMS8IJHl76rI+FMq1wwaKDY2XSdc="},"senderSigningKey":{"public":"BTlOJqX5A+Mku5ksAM+eygTQGcvHDo+37gz91De1qWcM"},"senderMessageKeys":[]},{"senderKeyId":1821839075,"senderChainKey":{"iteration":3,"seed":"LBqWsQGLrlfeQU5YJ/Uk6UOhoUnmb/nPyStR1vhkCi8="},"senderSigningKey":{"public":"BTH8OA5/ud21Oca1f0XN8jWOWoYHFB6HwJbU/yclvDAS"},"senderMessageKeys":[]},{"senderKeyId":1821839075,"senderChainKey":{"iteration":2,"seed":"91j2DeLBkTpdZzIqqq9uPq/AUXgRI5rCQM+VnFyOIiA="},"senderSigningKey":{"public":"BTH8OA5/ud21Oca1f0XN8jWOWoYHFB6HwJbU/yclvDAS"},"senderMessageKeys":[]},{"senderKeyId":1300455326,"senderChainKey":{"iteration":23,"seed":"Wd1OUnefKbVxQk2b/k8sz7grfEynOCuhbPOo3xTOCbY="},"senderSigningKey":{"public":"BS4nZq8uXelAFDyifCFewn04/Azd1zb9qWnfZO+Evrx0"},"senderMessageKeys":[]},{"senderKeyId":350970621,"senderChainKey":{"iteration":1,"seed":"WP8KA5Zl6QZC4p5xUxX6N1DDRAYHM1VlrdlQq5guX+c="},"senderSigningKey":{"public":"BRByVZbtX7FpznAjwOdNfpmPXkB/wJLXDbLc057ps98q"},"senderMessageKeys":[]},{"senderKeyId":1372389829,"senderChainKey":{"iteration":1,"seed":"+1J4eU0txUm5DGrnc451a83BnwrlrEg8kfzXK6kdjVY="},"senderSigningKey":{"public":"BarQt8qBgLQq/vhTK2JKpcXAUWKirPBGtFT4vzYNkcYt"},"senderMessageKeys":[]},{"senderKeyId":118122657,"senderChainKey":{"iteration":2,"seed":"79Ta5ou3bID3zeGN5GBnZLp82wPLc0pJVa6Lz+pbmIE="},"senderSigningKey":{"public":"BeTkDI+p8ibSxqGxEUt/AyUWLM/x7HL74ZbUTzkEljBi"},"senderMessageKeys":[]}]