[{"senderKeyId":2012266121,"senderChainKey":{"iteration":3,"seed":"b+CVoVPkz1sQAZCoIM9oSQsh20/GTXASsQQ65abn0X0="},"senderSigningKey":{"public":"BcTHiwKZmpZ1L80CTV6tlsnwzkY5kzX+2rLp6iH8lSdd"},"senderMessageKeys":[]},{"senderKeyId":1134896502,"senderChainKey":{"iteration":5,"seed":"7OJiAMZ6umJ1rwzSXU8mY0kUMi8lucJwnBAEDKXi5qs="},"senderSigningKey":{"public":"BVGWLFulpuQ5GdEGC8t4GyXtqUjr3dYcvuUvfF/7SGNf"},"senderMessageKeys":[]},{"senderKeyId":1134896502,"senderChainKey":{"iteration":4,"seed":"BiMUBUN9K3Avftyw+8I2zVbtcgDquLHxvDs8jEKjjn4="},"senderSigningKey":{"public":"BVGWLFulpuQ5GdEGC8t4GyXtqUjr3dYcvuUvfF/7SGNf"},"senderMessageKeys":[]}]