[{"senderKeyId":785707936,"senderChainKey":{"iteration":7,"seed":"kSLaRW7LZ5ZwFAi/aCt2XUOf5EVa4dE3leZgFv9K1e0="},"senderSigningKey":{"public":"BT9px9r2t9gD3nyRKeQVjlag/vY4eYpjR4KvLPc+6YAZ"},"senderMessageKeys":[]},{"senderKeyId":1870029533,"senderChainKey":{"iteration":7,"seed":"vWEEWArTS+07kvDV+bxWj1wBW3fNDQ34pORjoKjucjA="},"senderSigningKey":{"public":"BeVaEdwzXI2j1mE81z/u9qM1nydbiv72phJ/TY7dK/47"},"senderMessageKeys":[]},{"senderKeyId":2019336687,"senderChainKey":{"iteration":1,"seed":"yOMvdnGNzE64ePiSfB5Y8fWtlOKjYYtvmq8ZS1IhS2E="},"senderSigningKey":{"public":"Be7wTT4lRheAeSvH0nTzN4eJOkpmbYNUAGjIYot0Gm5Q"},"senderMessageKeys":[]}]