[{"senderKeyId":431001589,"senderChainKey":{"iteration":5,"seed":"cP3J/YL2Q32wUYJuMWPfrkm0T02Z5i6a4f9GKSwf4N4="},"senderSigningKey":{"public":"Be+f+f0KKt2ATHlGqNPdAVK6gwG7oltIeonuFa5oJWld"},"senderMessageKeys":[]},{"senderKeyId":431001589,"senderChainKey":{"iteration":2,"seed":"JUND5X72qZmIRSE/j/VrgARI8glyUO4uT8xxuTNlaYw="},"senderSigningKey":{"public":"Be+f+f0KKt2ATHlGqNPdAVK6gwG7oltIeonuFa5oJWld"},"senderMessageKeys":[]},{"senderKeyId":403212733,"senderChainKey":{"iteration":1,"seed":"4Tt/K1ozOka73l0kDhltc/cxwqJ15ssnWMqs7N4ksb8="},"senderSigningKey":{"public":"BfIpRh4WJ+ucvIlfIaq2QIswaaPkcqMa4hsXcnUxIJsj"},"senderMessageKeys":[]},{"senderKeyId":160445605,"senderChainKey":{"iteration":1,"seed":"B6mDd1B41m3Ahk8ERb2WS33HgUO2rakQP+DIKByFKdU="},"senderSigningKey":{"public":"BQlplA4fzBKaB1+sgjWnUnDP1KO9ZnblBe6zoUQQwaRA"},"senderMessageKeys":[]}]