[{"senderKeyId":1820459653,"senderChainKey":{"iteration":2,"seed":"rLJ/9bT8g2by0Bm+scHPFr7rlqocVu95+5zxZx03Bxg="},"senderSigningKey":{"public":"Bc/+Mir6Tl5XeOo/4QKCKspT+jrc0E0Cpldy31YX3bxj"},"senderMessageKeys":[]},{"senderKeyId":1281707348,"senderChainKey":{"iteration":3,"seed":"CR4CDgWxHdvY52/2WezETWcN2YxtMno9S4+o9QOOAlE="},"senderSigningKey":{"public":"BQwMNOEX2K0HwbXGbNlnTlj9XQfbXqI8X0jN6843LqFY"},"senderMessageKeys":[]},{"senderKeyId":1281707348,"senderChainKey":{"iteration":1,"seed":"WbyGZhXcFu8iy9dH0T5MS1+2/ib+kOjjLoFgjEiYjt8="},"senderSigningKey":{"public":"BQwMNOEX2K0HwbXGbNlnTlj9XQfbXqI8X0jN6843LqFY"},"senderMessageKeys":[]},{"senderKeyId":1301526607,"senderChainKey":{"iteration":2,"seed":"OKF/bLxvB/jzas0Cyj7KGtUctlVbU0lWEfVS40kOAb4="},"senderSigningKey":{"public":"BXffZCwG5vEGRn1GsPuCFuN/5NefCQ/hCx9xF3pREFwC"},"senderMessageKeys":[]},{"senderKeyId":1164082886,"senderChainKey":{"iteration":1,"seed":"K1q1AR0RWvN6FdIieOQjegqxuPCrRoohxlZDVQSBOcw="},"senderSigningKey":{"public":"BUK45mWg9zF3y1co35nuEVwy5jusEO7AsF34sPUNO1w5"},"senderMessageKeys":[]}]