[{"senderKeyId":1498253504,"senderChainKey":{"iteration":3,"seed":"HdUnJpO1V+muCnq0RwGOYpbxTto5XG8/5RNaqWytcHM="},"senderSigningKey":{"public":"BYuSxqRLelT1DLSUAlJsTfO93tCspSKmt+K6gg+oxo8w"},"senderMessageKeys":[]},{"senderKeyId":967908218,"senderChainKey":{"iteration":5,"seed":"eg0iNca/PSIcnmLUfYtBLcXgOsosydqT42iNmYdB1rs="},"senderSigningKey":{"public":"BQfQqEyte7ianW+qbxMVc78v1YWvvJRBwpO7aNw6Ld1o"},"senderMessageKeys":[]},{"senderKeyId":967908218,"senderChainKey":{"iteration":3,"seed":"ql6gL6rv865htEOxNVUuyuRYl6LfddGH+kLs4lH2240="},"senderSigningKey":{"public":"BQfQqEyte7ianW+qbxMVc78v1YWvvJRBwpO7aNw6Ld1o"},"senderMessageKeys":[]},{"senderKeyId":1852366477,"senderChainKey":{"iteration":2,"seed":"K9erKjPcTEEmByV/G+iwMFatcCTywtZkguAJ/QV2WXM="},"senderSigningKey":{"public":"BZyVFSVwz+sgd4cIm2dbAtbwfdAcLTRyDorvnzbK9yYT"},"senderMessageKeys":[]},{"senderKeyId":1219720200,"senderChainKey":{"iteration":7,"seed":"anDOxlvCu5uL8Q/uAErpUeil8uDRtcem1KpGNNdXhJE="},"senderSigningKey":{"public":"BQkBjA6fvE+/6v9uukDmycEPzqma1KSrDP73u8gps1AP"},"senderMessageKeys":[]},{"senderKeyId":1646352162,"senderChainKey":{"iteration":3,"seed":"Dn63iTbp8FLHMogXD39v3HFiZpYVyWnMBoEd1f/jxUo="},"senderSigningKey":{"public":"BXtCdNmQa91BWRh7i2/ZnqnkHYS7U10dnPDhx0D4PUg2"},"senderMessageKeys":[]},{"senderKeyId":1164347315,"senderChainKey":{"iteration":1,"seed":"2Y1+qSYWS4GZLOno8Izm5FQkxepYaaC0uawqTZPHvF0="},"senderSigningKey":{"public":"BfV4BHrZSYGcSSNCCz8W/Mc4G+HDy+83E/84pZtiWX0b"},"senderMessageKeys":[]}]