[{"senderKeyId":1073475826,"senderChainKey":{"iteration":1,"seed":"NLFdedyQZ/2fjS4G3nuC9BPKrrZ7cAxM62gi1SQZYQg="},"senderSigningKey":{"public":"BV9pL9BRY0wUg8U1YFq/qAQaQExnQBrIhcWGgnZOxTwr"},"senderMessageKeys":[]},{"senderKeyId":1540992770,"senderChainKey":{"iteration":3,"seed":"AZ3XjlwWJP+Hjzeg91UD77AltzLJxXcXtV0teLjdFTQ="},"senderSigningKey":{"public":"BSDGj+FJeKevFINpsTcE6JCp+BFeacXP/PodcbuXMOJS"},"senderMessageKeys":[]},{"senderKeyId":1921878935,"senderChainKey":{"iteration":3,"seed":"Wd2/vbieDL+eJpXKF5h7WMFHlRWdl9zyGT9qoziIVGg="},"senderSigningKey":{"public":"BThMkb6DiM8TZEeHtNofYPG08+hnk3AAV7vena01Y/pz"},"senderMessageKeys":[]}]