[{"senderKeyId":261649967,"senderChainKey":{"iteration":17,"seed":"Ks4BvNvcCimJp9Qcl++FbMl1mMfLeOAYJlxsZDZfkNA="},"senderSigningKey":{"public":"BcgsWuLdU66UKr0W7Dq2o9AmD10oNr+23K900BnfAWMV"},"senderMessageKeys":[]},{"senderKeyId":975773419,"senderChainKey":{"iteration":1,"seed":"bzTmw/WnQZZdpGOidaLHSlkWuq321Z9QhzGqHMsVQDI="},"senderSigningKey":{"public":"BaNCaLvTejFcTALt7hVrxIuC6Zqx7+f24l5nZOGSW8o5"},"senderMessageKeys":[]},{"senderKeyId":13266860,"senderChainKey":{"iteration":23,"seed":"vA9x4XoBvRFLM2/MhmpwFlmtuWJ+c9I31QIkOOD5Ac0="},"senderSigningKey":{"public":"BcW64FO4ZJMwLmlHYSCPCrGREdjF7d3io8GIpfHdn8sG"},"senderMessageKeys":[]},{"senderKeyId":548700536,"senderChainKey":{"iteration":8,"seed":"g6cKDT6zEHseetqNFdIkSf8UctiDhB3nNEusp0w5BPU="},"senderSigningKey":{"public":"BUBzVqt4f0j6Iv6hkSr8vfnyJUMizuOqetTggidoams1"},"senderMessageKeys":[]},{"senderKeyId":548700536,"senderChainKey":{"iteration":2,"seed":"q9UKSp4ks8qMeBh0HJroxPKwjndbmPn4MrgH+5hXpzM="},"senderSigningKey":{"public":"BUBzVqt4f0j6Iv6hkSr8vfnyJUMizuOqetTggidoams1"},"senderMessageKeys":[]},{"senderKeyId":74127134,"senderChainKey":{"iteration":11,"seed":"rYRNs8QqgakAvuZED3DyDOhZtwmI1skp6b/gF00fINw="},"senderSigningKey":{"public":"BRnJSjQRPEhS7HALNblxssrVh3TB7aLpIlh0flshWlFI"},"senderMessageKeys":[]},{"senderKeyId":413789764,"senderChainKey":{"iteration":1,"seed":"tV70sQZI3RrLu4xxdPsGQQgzWTMtUn6CR5EyPM7k74w="},"senderSigningKey":{"public":"BYOodkUuSAJ5UgG88q1sCJXLf86iyeYk4aZhZwR5V5lv"},"senderMessageKeys":[]},{"senderKeyId":1162846460,"senderChainKey":{"iteration":26,"seed":"afRde+anYqzqcyxwUATdYZ5ylckIuinz9e3IVNz7c5Y="},"senderSigningKey":{"public":"BazoR20jyodhQh/Xp/Ye5IYFXX5m8JdMMS0CkElQQMZH"},"senderMessageKeys":[]},{"senderKeyId":1162846460,"senderChainKey":{"iteration":6,"seed":"w1IuI8hMS7Lo7MPIfjDcDapEe84Jz62CRZM3ef0oiTQ="},"senderSigningKey":{"public":"BazoR20jyodhQh/Xp/Ye5IYFXX5m8JdMMS0CkElQQMZH"},"senderMessageKeys":[]},{"senderKeyId":1139338351,"senderChainKey":{"iteration":2,"seed":"3y4ODbdMgTPfmSAceeaazGQAQpQpwG0uxD2WGWlPpsA="},"senderSigningKey":{"public":"BZ2sTq/WIr9dU+HOIup6dnMncK5UDLOxRUoZGWh1CmxJ"},"senderMessageKeys":[]},{"senderKeyId":2034194105,"senderChainKey":{"iteration":6,"seed":"3E+rWUZkCX9xEyXk6ItmrAmUvDx7w/aTHVockdha6HA="},"senderSigningKey":{"public":"BTNAcfSCK/V0mz470gNMtbA+npr/+tVymsVu29/RutEs"},"senderMessageKeys":[]},{"senderKeyId":868782598,"senderChainKey":{"iteration":4,"seed":"wx9Y8zo3/OS5j2/bs/cBJywQQUkOIH5nIUoJ+hKmQ2E="},"senderSigningKey":{"public":"BSs/gqCdZ5a+kBrW4CiViglM0tbuDpOjT3nUooDDkul6"},"senderMessageKeys":[]},{"senderKeyId":473313971,"senderChainKey":{"iteration":5,"seed":"OuPM/OJZSMG7SrPFN6HwRD46fVv09ZN3/kC0jGDpr2I="},"senderSigningKey":{"public":"BVxD5lWL3CR+rd7wyxG89Y7caliQnYLwkzuBkoQCRTM5"},"senderMessageKeys":[]},{"senderKeyId":447377795,"senderChainKey":{"iteration":30,"seed":"8yFOeivIOP835OgQKI2yQujjMZ2hbDRLcnHeOqybSNQ="},"senderSigningKey":{"public":"BXEFvEgky9ZQMXr067megbKrx5DIKBRSeP16/t9TuXRR"},"senderMessageKeys":[]},{"senderKeyId":1417533733,"senderChainKey":{"iteration":1,"seed":"6yexsKLV3dsnMas0cdP98zUjvsJoeqJ82rRKAvhkXXk="},"senderSigningKey":{"public":"BSuKlBoPhRTxDPWom3/a/CrC4YKeS50kOdmcrnjffEwa"},"senderMessageKeys":[]}]