[{"senderKeyId":1890093138,"senderChainKey":{"iteration":2,"seed":"vDuv/9hNbyioL9BTzy1OsLeLowcstNjftzIM0rq3f7k="},"senderSigningKey":{"public":"BWIzk8GkZTEehV26wItBpECIylgJ8bDn0Af3GKJz3P0u"},"senderMessageKeys":[]},{"senderKeyId":180879523,"senderChainKey":{"iteration":6,"seed":"eaoes6/qMPS47laRv7wNZuP7T24WnkdmYUcdKbqXB0I="},"senderSigningKey":{"public":"BSahkL/uwrRUkkT6k81zoEXPuokS6TFOMiILniWLBD8h"},"senderMessageKeys":[]},{"senderKeyId":523789390,"senderChainKey":{"iteration":3,"seed":"cCX5E7QtrIuHKWm26Z2I1TPifGwvph2UqPYL5za/+LI="},"senderSigningKey":{"public":"BZ1dZ92/Z00etXo5wfoaCtqXOdRGfyLgb+3nfnKgAmYt"},"senderMessageKeys":[]}]