[{"senderKeyId":473243483,"senderChainKey":{"iteration":2,"seed":"CQTokQI55wp50iDANgRBzo4I0lSxQKATL3AwJH05l+Y="},"senderSigningKey":{"public":"BdpTBvhyNoJKNoaQYpNJ82pz4nLn57yMcSgGeo0kPeYP"},"senderMessageKeys":[]},{"senderKeyId":802938638,"senderChainKey":{"iteration":4,"seed":"yR4XOASpxWKQlK+Pi0PkpCyuM4SbKksUfHr3wxPfquo="},"senderSigningKey":{"public":"BekHhlxxYRp4BhEan6C0c59AYhaZQQ2QtRbZ51s2YGFg"},"senderMessageKeys":[]},{"senderKeyId":1355904689,"senderChainKey":{"iteration":7,"seed":"p4OaPNwAyKGcFoKfG/mU8bi2QXStwA646SDA3KOWuKU="},"senderSigningKey":{"public":"BcI7wIUI4huVMlMZY2KIgzkxE3Ysn2tLTDQX935pGk16"},"senderMessageKeys":[]},{"senderKeyId":1355904689,"senderChainKey":{"iteration":3,"seed":"/g3Rj/saSq+oCVyBy6QhXc4wRAnHeeBQct8S3cD+Xrk="},"senderSigningKey":{"public":"BcI7wIUI4huVMlMZY2KIgzkxE3Ysn2tLTDQX935pGk16"},"senderMessageKeys":[]}]