[{"senderKeyId":767886112,"senderChainKey":{"iteration":13,"seed":"oUXb4amH0e42/WzhiA62zYBAmiVAT581b6ngkFtmR20="},"senderSigningKey":{"public":"BW4CV4vLddG4mRXI3yAxfo0sx13NaZwtO0m/W7d4vB4S"},"senderMessageKeys":[]},{"senderKeyId":767886112,"senderChainKey":{"iteration":2,"seed":"7k/2e9idRNElXamgt01n79lAQ8kqcJuz+3AuyWYkihk="},"senderSigningKey":{"public":"BW4CV4vLddG4mRXI3yAxfo0sx13NaZwtO0m/W7d4vB4S"},"senderMessageKeys":[]},{"senderKeyId":1655218382,"senderChainKey":{"iteration":4,"seed":"HRxQzkp3xEd4Ra0+Ck5bhaBBwOm4FsghjiFKrtXBlG4="},"senderSigningKey":{"public":"BdBNO8uK8O98mc+TsuOSf7C6gwXwZOX15Hx2LDOIHE5Q"},"senderMessageKeys":[]}]