[{"senderKeyId":134912144,"senderChainKey":{"iteration":2,"seed":"tg3cOuKEqQbeYLFyq8hhvu+zRmQ7gGRArR6DcCwGyyU="},"senderSigningKey":{"public":"BbJZ6RgNqlUUOmXGQjAOeXdA/dEzfJGNKqrhzbQ7ba9z"},"senderMessageKeys":[]},{"senderKeyId":56236490,"senderChainKey":{"iteration":3,"seed":"qVoI1oh3WzWYbWYQB2qJTpbjmp4EmJ4p7tNtHTrkgy4="},"senderSigningKey":{"public":"BXrWENsQ1tJEqZ11iVGH5BIzso2uRMyp21FT14+tlhME"},"senderMessageKeys":[]},{"senderKeyId":205046303,"senderChainKey":{"iteration":3,"seed":"lAQuNZ5qalsDxfKRykpizutlc0CmQSaCB6Oi53Szic4="},"senderSigningKey":{"public":"BWJQjRH1VdVY4ml4KRQqxZT3crK1Ay9dFJSSNDVgh7wr"},"senderMessageKeys":[]},{"senderKeyId":1426429708,"senderChainKey":{"iteration":3,"seed":"TLkwo/be5jr4kf8klaJ3ioCmkUusLovIivazejI41mk="},"senderSigningKey":{"public":"BVENHlzbMj6feQ3KqTIbJJDNHSbb2B7WD+xGzvHFrMIQ"},"senderMessageKeys":[]}]