[{"senderKeyId":958824058,"senderChainKey":{"iteration":2,"seed":"q6ftBjEtWU6EIX93fsz+obOhwakQxWwkD6jNn/bwCTE="},"senderSigningKey":{"public":"BfxRkWmUeD7ZyBOkI6NDePHj+0iwMS1GpEKT/5Bv/y9P"},"senderMessageKeys":[]},{"senderKeyId":1236062164,"senderChainKey":{"iteration":3,"seed":"Ux9o6YqnBhHRVwzZzkBLLXsrJPdbT0Sl7oun13BaDG0="},"senderSigningKey":{"public":"BeAKzYZP4dvuKMs+oE9vrqoMhZlbfkajXZi7B32r2lwP"},"senderMessageKeys":[]},{"senderKeyId":1236062164,"senderChainKey":{"iteration":1,"seed":"4Cu/qqZ+gl+6JWZ4Q4IPdWjuBIa7wGaiGBoBlR53J18="},"senderSigningKey":{"public":"BeAKzYZP4dvuKMs+oE9vrqoMhZlbfkajXZi7B32r2lwP"},"senderMessageKeys":[]},{"senderKeyId":1332761961,"senderChainKey":{"iteration":1,"seed":"ER95RYDETpwe/Yxc41S3qmG/ZwdvrzW4XCN9mZHSHVM="},"senderSigningKey":{"public":"BXL9H4fjyUBN76G9LNOCzwEnf6e8X8P+ggSUFoZBW7Bd"},"senderMessageKeys":[]}]