[{"senderKeyId":721086246,"senderChainKey":{"iteration":3,"seed":"myV9hMVCFWXvUSnlX6Ctm2JR2cTfnHyyErTE2v2q4ic="},"senderSigningKey":{"public":"BcmW43295lQNq8a5XcRNr+idUgX/iIN9od8ThqJkdRc6"},"senderMessageKeys":[]},{"senderKeyId":305964592,"senderChainKey":{"iteration":1,"seed":"8FENd8D9INw7Y1ySI+rLlh44dC3YI/ElBmtcQkQy83c="},"senderSigningKey":{"public":"BUCFQ4I+BL9ALdwlt+xj4wDg/IaaJ71Pt4NMIwzUqyYa"},"senderMessageKeys":[]},{"senderKeyId":1385515830,"senderChainKey":{"iteration":3,"seed":"c1W6VfYcsmato+0zBcotHhfPQn+pZzLAsRcKbiH3byM="},"senderSigningKey":{"public":"Bb9dayMT6tPCCKXDN2tBgaOktUG8oz7ASj5qQnJPW405"},"senderMessageKeys":[]},{"senderKeyId":1385515830,"senderChainKey":{"iteration":2,"seed":"9kv9tUVckrtZ9P3gtRZaWikv5No09962P6hholB+34A="},"senderSigningKey":{"public":"Bb9dayMT6tPCCKXDN2tBgaOktUG8oz7ASj5qQnJPW405"},"senderMessageKeys":[]}]