[{"senderKeyId":1747246397,"senderChainKey":{"iteration":1,"seed":"BdWoknodu7bq/95K5TRP6b96Lte/j50BYPqu30dXqAU="},"senderSigningKey":{"public":"BQ9Y0yOTYy5zq2o6cqCK/Z++vgRQI2jH5i8MJinaHtIv"},"senderMessageKeys":[]},{"senderKeyId":1968014702,"senderChainKey":{"iteration":2,"seed":"cy7Az1z6hvSTbdafyzeN/S8h09AvIauewfQqEBw9i3g="},"senderSigningKey":{"public":"BeYenZGQXPiha5yYaxKLab08JTdmayGC1QQkfL3fXfUn"},"senderMessageKeys":[]},{"senderKeyId":1252662545,"senderChainKey":{"iteration":1,"seed":"lpHxlfOcpCO6EfEulHANK3l3F9sLJoajgiPjTuul9lU="},"senderSigningKey":{"public":"BRtoUbTIiYF6raO+AVkCpHI61ymrNKLJEinWtXbrY959"},"senderMessageKeys":[]},{"senderKeyId":144710029,"senderChainKey":{"iteration":1,"seed":"KPXhR1QQUZl4UwkG0FsezziIkGgm4qbwfiLnzi1xWoM="},"senderSigningKey":{"public":"BSWP95kCGZ5Y7oDmE1rUP9nFb6PyWOBgQMj/yU9QyCBt"},"senderMessageKeys":[]}]