[{"senderKeyId":1861077380,"senderChainKey":{"iteration":7,"seed":"3ZH/cpKNFNR2Dp0WZf78bmY5o8ySiJsC18vXwI+By9I="},"senderSigningKey":{"public":"BfeHusqi5s+q7qoPm/x5KlLV+xXl4l9bN3OaGiZrsRAN"},"senderMessageKeys":[]},{"senderKeyId":1861077380,"senderChainKey":{"iteration":6,"seed":"oKrp1kzwg6KoxlLTYb2b5BReUX6QxZ2T8tfHLmVqk4E="},"senderSigningKey":{"public":"BfeHusqi5s+q7qoPm/x5KlLV+xXl4l9bN3OaGiZrsRAN"},"senderMessageKeys":[]},{"senderKeyId":1571925,"senderChainKey":{"iteration":2,"seed":"ylx4CprMqVStQ7APp5Ca3RUSlSLL04XcnQndIEWkIHc="},"senderSigningKey":{"public":"BZwEaLR6lO03JurXYhNuHH5K8m1gP0quwZWGZqKGII5X"},"senderMessageKeys":[]}]