[{"senderKeyId":2091427895,"senderChainKey":{"iteration":1,"seed":"UEozVwzmbJQhWlHC+p9XCSoaeHYPKAS1Upro5bb5DxM="},"senderSigningKey":{"public":"BbGyfOxy9QrB/B6iKLajpDug7ywSkhstjhijPgGI4Btn"},"senderMessageKeys":[]},{"senderKeyId":1604024998,"senderChainKey":{"iteration":1,"seed":"fZEeu6mtV47icANixYLirBad/kOSWaqTK+sXo5Lp91s="},"senderSigningKey":{"public":"BcPPwBkgHfymY4qkZ6hOrHNl/2o2AWvGTzFgiBvDE6ZF"},"senderMessageKeys":[]},{"senderKeyId":997043526,"senderChainKey":{"iteration":1,"seed":"x6GDr2TkqX39xDpvT8j1VBEOL2MLWM9Rkjsxctej/V4="},"senderSigningKey":{"public":"BQKVY5oAzg+qXnYM59fKGxj7KkRZ5RvGl81I6GxC3DZc"},"senderMessageKeys":[]}]