[{"senderKeyId":1696430614,"senderChainKey":{"iteration":3,"seed":"f9eAhdiJSxvZjHkcXjUB7XyXAwTcyVExQP7CfwPRLAw="},"senderSigningKey":{"public":"BSRtiADE6BBhN9okM0gianPKHozDKfFWBdQG0+NKoXhe"},"senderMessageKeys":[]},{"senderKeyId":1696430614,"senderChainKey":{"iteration":1,"seed":"jd6RaPzkf885/YVtDJFucM5F3pzSAgao4R317jmubtA="},"senderSigningKey":{"public":"BSRtiADE6BBhN9okM0gianPKHozDKfFWBdQG0+NKoXhe"},"senderMessageKeys":[]},{"senderKeyId":1696430614,"senderChainKey":{"iteration":2,"seed":"1vssDW3k+/rci3Qo7B4DbQOm6hoCO1IFwFnGo+r/Ks4="},"senderSigningKey":{"public":"BSRtiADE6BBhN9okM0gianPKHozDKfFWBdQG0+NKoXhe"},"senderMessageKeys":[]},{"senderKeyId":1780929506,"senderChainKey":{"iteration":1,"seed":"9iDwLphoV+Rs0KWpok/TyQFVurvie4fkg9YFBFW+YtA="},"senderSigningKey":{"public":"BWuZ/TuIu46zXJ5NrXM+fRDP9FhAcCplHkY7Fr92JR4C"},"senderMessageKeys":[]},{"senderKeyId":1518804431,"senderChainKey":{"iteration":1,"seed":"kYXkK5+ghXB76/keJo6xVzXjuYmbATjaLSbOC6UQFPQ="},"senderSigningKey":{"public":"BX1UibkASIj8WDouuaY21QADyxCCgZPa/shisdz8pjoJ"},"senderMessageKeys":[]}]