[{"senderKeyId":1411474207,"senderChainKey":{"iteration":52,"seed":"UPF7WsaKIXMXXkw33XEYMF/L45fGqN92W4U4Rroml/w="},"senderSigningKey":{"public":"BYir9a0Vp94MceqHXiBnRBAGYKhjcimlRNWv2ieimk4a"},"senderMessageKeys":[]},{"senderKeyId":1411474207,"senderChainKey":{"iteration":51,"seed":"+U4SuoRMKtzEhYrWyEGXtB/osww4OUy7BAKuFWD0gLE="},"senderSigningKey":{"public":"BYir9a0Vp94MceqHXiBnRBAGYKhjcimlRNWv2ieimk4a"},"senderMessageKeys":[]},{"senderKeyId":2144927988,"senderChainKey":{"iteration":2,"seed":"uqdWsd4h0LSY6wu6tRUzaUQRgOjRud2w0IhHA2OJMPs="},"senderSigningKey":{"public":"Bbs5zo6TBGOdQVQ6cg6Zr6H8Rw2PsuWmD9pdgm1Rf5dq"},"senderMessageKeys":[]},{"senderKeyId":1528877352,"senderChainKey":{"iteration":2,"seed":"5JJu1uFYa+/otAUD9K4Fa1gD35Yi4+uRV3AZJwYRLzE="},"senderSigningKey":{"public":"BXDonTKk+sPSWxmjGfLacF5Tq2DQpFhZ73wv6UeUfjE+"},"senderMessageKeys":[]},{"senderKeyId":1528877352,"senderChainKey":{"iteration":1,"seed":"/kvbDrg9jqpQyMMxXrI3e1kWTLixUuOl+6fQNqeGCzk="},"senderSigningKey":{"public":"BXDonTKk+sPSWxmjGfLacF5Tq2DQpFhZ73wv6UeUfjE+"},"senderMessageKeys":[]}]