{"_sessions":{"BU2i/wAjG42YYF0467SYDki1Dt4IdOpbm/eHmI6DDTI0":{"registrationId":622148151,"currentRatchet":{"ephemeralKeyPair":{"pubKey":"BX1phlD8V2u7vwZZQuig7jXf3Zs9b5iQGrSKFOGMCD9t","privKey":"WF3mI33De65+Qr5DUGnF61LN4LBS4dF4fS3VTKmfzHw="},"lastRemoteEphemeralKey":"BWviWeYAP2J2zOYRCfNPaU0wdvGIH2nV1obAFRhDTe0y","previousCounter":0,"rootKey":"uimue4Y6zBlBg2b+4nJJqZL7oxHa56kSg0WVOVzO7PU="},"indexInfo":{"baseKey":"BU2i/wAjG42YYF0467SYDki1Dt4IdOpbm/eHmI6DDTI0","baseKeyType":1,"closed":1686180714049,"used":1686180711496,"created":1686180711496,"remoteIdentityKey":"BfQhOD8FJMRZxjOay6/3I6pbx93McRlpkh4hlxqMOME7"},"_chains":{"BX1phlD8V2u7vwZZQuig7jXf3Zs9b5iQGrSKFOGMCD9t":{"chainKey":{"counter":0,"key":"SPwTLI987AafY0BVPB1OQ4ogBN4Wva45lTE5Rr5Q4iE="},"chainType":1,"messageKeys":{}}},"pendingPreKey":{"signedKeyId":1,"baseKey":"BU2i/wAjG42YYF0467SYDki1Dt4IdOpbm/eHmI6DDTI0","preKeyId":6758401}},"Bbz9meEsQCwVsJ9IcQnxYLU5pjPkCP5GnEFO+ennHrVv":{"registrationId":622148151,"currentRatchet":{"ephemeralKeyPair":{"pubKey":"BbYxaIVcBSS67Y1oy+NWs4fvMzdq8OmBPur47eWYy7J9","privKey":"GFZRS0C2kzvZIgeEdb6NOFMOaB1OL8zdzJdXlXQ5B3E="},"lastRemoteEphemeralKey":"BWviWeYAP2J2zOYRCfNPaU0wdvGIH2nV1obAFRhDTe0y","previousCounter":0,"rootKey":"fYQI0nZIfbQjbjNo91nZNymNWE5flzJj+hjgShqb4gk="},"indexInfo":{"baseKey":"Bbz9meEsQCwVsJ9IcQnxYLU5pjPkCP5GnEFO+ennHrVv","baseKeyType":1,"closed":-1,"used":1686180713437,"created":1686180713437,"remoteIdentityKey":"BfQhOD8FJMRZxjOay6/3I6pbx93McRlpkh4hlxqMOME7"},"_chains":{"BbYxaIVcBSS67Y1oy+NWs4fvMzdq8OmBPur47eWYy7J9":{"chainKey":{"counter":0,"key":"lTGtWdL4ajuLwklMwKuqs+1R0yE4jpvjJyM8Pyk5P58="},"chainType":1,"messageKeys":{}}},"pendingPreKey":{"signedKeyId":1,"baseKey":"Bbz9meEsQCwVsJ9IcQnxYLU5pjPkCP5GnEFO+ennHrVv","preKeyId":6758394}}},"version":"v1"}