{"_sessions":{"BaZ4jKPTE8uYq08hy7zelO/sWw+DXMAdzoNEmYROC7Up":{"registrationId":1184151596,"currentRatchet":{"ephemeralKeyPair":{"pubKey":"Bf/VEI6aqRTVhq95ddabVklkTucNGy2BHW5LYtljrJ16","privKey":"aPCUsiEgd11cyS7MLA/KSN5/0Wzo3/0j/WZAF9NlQl4="},"lastRemoteEphemeralKey":"Bctqh0vJR2PFG+pS+qemzgmJBu0Yj7Oiqdm0rN//roZl","previousCounter":0,"rootKey":"FRRbvFHOINOrzuMRLvIlCEonNRELXvrDfE8eLFhHwwE="},"indexInfo":{"baseKey":"BaZ4jKPTE8uYq08hy7zelO/sWw+DXMAdzoNEmYROC7Up","baseKeyType":1,"closed":1686180714049,"used":1686180711409,"created":1686180711409,"remoteIdentityKey":"Bal29fT9tgFLBb13fWuT0EGEEvL4DSH68EnwlvnIAnkO"},"_chains":{"Bf/VEI6aqRTVhq95ddabVklkTucNGy2BHW5LYtljrJ16":{"chainKey":{"counter":0,"key":"087vhBWce3j2UvvK6E2Ffngd3/C0b1hmxb2rpRQ/C5k="},"chainType":1,"messageKeys":{}}},"pendingPreKey":{"signedKeyId":5,"baseKey":"BaZ4jKPTE8uYq08hy7zelO/sWw+DXMAdzoNEmYROC7Up","preKeyId":9232748}},"BT5kLAXwKywONt1+FsgsiG4QSRKPfAVG1CcS+zNQ8kZB":{"registrationId":1184151596,"currentRatchet":{"ephemeralKeyPair":{"pubKey":"BWUvNUXIHhQ1GOrzpoxA8jbVvNhdQtUs7ybi7+N+cRdx","privKey":"cEVLJlx/CRGJovEFHCiwFqZjT13L9ugaV3URnv/K+2c="},"lastRemoteEphemeralKey":"Bctqh0vJR2PFG+pS+qemzgmJBu0Yj7Oiqdm0rN//roZl","previousCounter":0,"rootKey":"eFSa8S+JCbhM+QZ42xzQM7Dcj5X/n5H4EBK7V40VKrg="},"indexInfo":{"baseKey":"BT5kLAXwKywONt1+FsgsiG4QSRKPfAVG1CcS+zNQ8kZB","baseKeyType":1,"closed":-1,"used":1686180713366,"created":1686180713366,"remoteIdentityKey":"Bal29fT9tgFLBb13fWuT0EGEEvL4DSH68EnwlvnIAnkO"},"_chains":{"BWUvNUXIHhQ1GOrzpoxA8jbVvNhdQtUs7ybi7+N+cRdx":{"chainKey":{"counter":0,"key":"7Cko2YJY9hGVZ2ZbZByXVkoxxJG99PEJErXWK648SqU="},"chainType":1,"messageKeys":{}}},"pendingPreKey":{"signedKeyId":5,"baseKey":"BT5kLAXwKywONt1+FsgsiG4QSRKPfAVG1CcS+zNQ8kZB","preKeyId":9232579}}},"version":"v1"}