{"_sessions":{"BY6w61n7OnQu4iFpd+0Yxofk0muZJzFKE56e1cygKV9l":{"registrationId":12998,"currentRatchet":{"ephemeralKeyPair":{"pubKey":"BUWz+8DARlhrWGQWfwh4ATKdtOnnfLFBaoEuuskw75EJ","privKey":"ONxdffjh2eyaEke2i+S1PTCtr/53/e3cDeWz9hRtK04="},"lastRemoteEphemeralKey":"BQUg9WzdEbXHdg45A31RlIFt8PzdtflQOEmgPBYWZ6Vu","previousCounter":0,"rootKey":"dGCmzEZb9LQoE+OXEgOkOto5BuvFYRsFQCepUmlg+zg="},"indexInfo":{"baseKey":"BY6w61n7OnQu4iFpd+0Yxofk0muZJzFKE56e1cygKV9l","baseKeyType":1,"closed":1686180714048,"used":1686180711335,"created":1686180711335,"remoteIdentityKey":"Bd/cMDcW6HSXnFtjliRvMikaLZ4xorJMXpT8xj/C4mUG"},"_chains":{"BUWz+8DARlhrWGQWfwh4ATKdtOnnfLFBaoEuuskw75EJ":{"chainKey":{"counter":0,"key":"7Q2pki9GVoK5R2O4ZPvAqMEOunk7g/0hk6H3zYWUl5c="},"chainType":1,"messageKeys":{}}},"pendingPreKey":{"signedKeyId":1,"baseKey":"BY6w61n7OnQu4iFpd+0Yxofk0muZJzFKE56e1cygKV9l","preKeyId":980}},"BT5DPrRz8/Db0Qbp0fsBUAiRhFFkCbPnltrEIWWeR6B8":{"registrationId":12998,"currentRatchet":{"ephemeralKeyPair":{"pubKey":"BSsY8C0nidSrZYPxEawyO6RUNbt+Yrmh4nkmKfet8NAX","privKey":"wHDFjcA205ScOhOT2L51KuPs0itenVNQrKVQwXpR2XM="},"lastRemoteEphemeralKey":"BQUg9WzdEbXHdg45A31RlIFt8PzdtflQOEmgPBYWZ6Vu","previousCounter":0,"rootKey":"2wSMFTMqYhB5WUo9j+g1LC9Vvuvww7jpbgDCrpnnYp0="},"indexInfo":{"baseKey":"BT5DPrRz8/Db0Qbp0fsBUAiRhFFkCbPnltrEIWWeR6B8","baseKeyType":1,"closed":-1,"used":1686180713289,"created":1686180713289,"remoteIdentityKey":"Bd/cMDcW6HSXnFtjliRvMikaLZ4xorJMXpT8xj/C4mUG"},"_chains":{"BSsY8C0nidSrZYPxEawyO6RUNbt+Yrmh4nkmKfet8NAX":{"chainKey":{"counter":0,"key":"rUMbv02+oR7tsbE/6NzocYsZnPKmEzXUohnykgYVfCw="},"chainType":1,"messageKeys":{}}},"pendingPreKey":{"signedKeyId":1,"baseKey":"BT5DPrRz8/Db0Qbp0fsBUAiRhFFkCbPnltrEIWWeR6B8","preKeyId":241}}},"version":"v1"}