{"_sessions":{"BXi658JTgMl66/WEoHNt6RI/PFmCAqRn/fXfSeyDRDth":{"registrationId":916993996,"currentRatchet":{"ephemeralKeyPair":{"pubKey":"BZq7rFUJIy+5iz+TYvZY3G1A2ddBrLTe447bajQZVHMo","privKey":"MD9dDjrnZF+xiC2/HReigxG+w5li57hC81b6l5lLK2U="},"lastRemoteEphemeralKey":"BcVFYWrLuRerAWtGtr3uYXfttcDY//CU/ib4Zxx3PAgo","previousCounter":0,"rootKey":"SstNQYpCBktTOAsgFxhLcvwMU8R8U25W91dUUZMTDn4="},"indexInfo":{"baseKey":"BXi658JTgMl66/WEoHNt6RI/PFmCAqRn/fXfSeyDRDth","baseKeyType":2,"closed":-1,"used":1686190620872,"created":1686190620872,"remoteIdentityKey":"Bdk/j4wvyHpDU/RpPsQwZ+mEn1djc7uW4NJjFh+I7lBl"},"_chains":{"BcVFYWrLuRerAWtGtr3uYXfttcDY//CU/ib4Zxx3PAgo":{"chainKey":{"counter":4,"key":"Xkep/jS85Ioc/9G/3+3l2zykYD5lr9nD6G7xy+EEKPY="},"chainType":2,"messageKeys":{}},"BZq7rFUJIy+5iz+TYvZY3G1A2ddBrLTe447bajQZVHMo":{"chainKey":{"counter":-1,"key":"55bfVApGNhZyI3cpUM2blKPVoBs6FXNmV7YZiIOPpFw="},"chainType":1,"messageKeys":{}}}}},"version":"v1"}