{"_sessions":{"BVyvWRCpmJgDbsaRio3lMTu2ltrp65wNZVtG/k8CJyB8":{"registrationId":909266650,"currentRatchet":{"ephemeralKeyPair":{"pubKey":"BW86OW2r+aohZXU7ofeK7Cdt2iMaG8HQ+4LgJovpi8oz","privKey":"eEkWFqmanzlNzEfW6bFaXVrvzKfviJuS5KVcbylW024="},"lastRemoteEphemeralKey":"Bexion7MgsNvQ4D0+Mx2DTMzs3rUM9Qc97JwhOsbw51F","previousCounter":0,"rootKey":"dtEHd9we5vNr+jaQ6YfBg8L2WhoHkun31aOlCx5y1BQ="},"indexInfo":{"baseKey":"BVyvWRCpmJgDbsaRio3lMTu2ltrp65wNZVtG/k8CJyB8","baseKeyType":1,"closed":1686180714049,"used":1686180711453,"created":1686180711453,"remoteIdentityKey":"BYSwaXhFzNQFzoaBVMRVVadPZB18kchHudJOWB+JCxkm"},"_chains":{"BW86OW2r+aohZXU7ofeK7Cdt2iMaG8HQ+4LgJovpi8oz":{"chainKey":{"counter":0,"key":"lfP28LiyRNpbwea/Gkp5oTdk1fPHCecM6OdfUDDjqcs="},"chainType":1,"messageKeys":{}}},"pendingPreKey":{"signedKeyId":8,"baseKey":"BVyvWRCpmJgDbsaRio3lMTu2ltrp65wNZVtG/k8CJyB8","preKeyId":6402185}},"BcIxvsElHjRlJtxbcHa7cZlsWDPpEBsPeepnbttYCjsw":{"registrationId":909266650,"currentRatchet":{"ephemeralKeyPair":{"pubKey":"Bey3FzW0Df4mC8nsGs07evp3W5u9S0Go5tyXhEZRB0lO","privKey":"QKBYW2u3TjYGGJj2B4aOiKqlI/i1h5cY6WBFNkgVjnA="},"lastRemoteEphemeralKey":"Bexion7MgsNvQ4D0+Mx2DTMzs3rUM9Qc97JwhOsbw51F","previousCounter":0,"rootKey":"OGQj2PpndCd6YFr14xoQP+xBGCipOK8rC62Jl0To3As="},"indexInfo":{"baseKey":"BcIxvsElHjRlJtxbcHa7cZlsWDPpEBsPeepnbttYCjsw","baseKeyType":1,"closed":-1,"used":1686180713398,"created":1686180713398,"remoteIdentityKey":"BYSwaXhFzNQFzoaBVMRVVadPZB18kchHudJOWB+JCxkm"},"_chains":{"Bey3FzW0Df4mC8nsGs07evp3W5u9S0Go5tyXhEZRB0lO":{"chainKey":{"counter":0,"key":"GWtCdNqbq+IA2i/R2ck6T9f0mjoPS4tPJm3N89yxXoc="},"chainType":1,"messageKeys":{}}},"pendingPreKey":{"signedKeyId":8,"baseKey":"BcIxvsElHjRlJtxbcHa7cZlsWDPpEBsPeepnbttYCjsw","preKeyId":6402108}}},"version":"v1"}