{"_sessions":{"BYWeMHMpt215y7154k4AHdnZ1RdjaoAmC+Xk0kQwRs1c":{"registrationId":1829409021,"currentRatchet":{"ephemeralKeyPair":{"pubKey":"BQwatjpUvWh02jz8TEIeo75nuYKmUUznahCvjcS1JKJc","privKey":"UAYYPl7L5fKdyWx7E/bpitHfWtt8kB7WLGI6fVPcOHk="},"lastRemoteEphemeralKey":"BTCr2v+Ku40lIDUZpVv8hPhXj1lzQ0TuWwNKa/CakC8M","previousCounter":0,"rootKey":"AA+XpITgFIPSstsvPEZsO8BAQ1ZGULjVC6EoFsGHXxc="},"indexInfo":{"baseKey":"BYWeMHMpt215y7154k4AHdnZ1RdjaoAmC+Xk0kQwRs1c","baseKeyType":1,"closed":1686180714050,"used":1686180711669,"created":1686180711669,"remoteIdentityKey":"BRBljXvHCA/orn/P7n3VySu++bR2KHlVqITnC6lNnSon"},"_chains":{"BQwatjpUvWh02jz8TEIeo75nuYKmUUznahCvjcS1JKJc":{"chainKey":{"counter":0,"key":"x88zprawb++ng3r/IdEXLIkIFOVl3RhjgJxcddalk7I="},"chainType":1,"messageKeys":{}}},"pendingPreKey":{"signedKeyId":9,"baseKey":"BYWeMHMpt215y7154k4AHdnZ1RdjaoAmC+Xk0kQwRs1c","preKeyId":14436797}},"BQaj7P1750T2NGI8diw6C1LI9a0lpVoaF1uBdGKvoS8W":{"registrationId":1829409021,"currentRatchet":{"ephemeralKeyPair":{"pubKey":"BU64QMaZyYUIGyWx8oZ4OehCvsOnxOxEMMwMVL3P6RN8","privKey":"aCjvSmG92SvlRi+irRaWQ1Td1XKiy4opzpB0t6wCN10="},"lastRemoteEphemeralKey":"BTCr2v+Ku40lIDUZpVv8hPhXj1lzQ0TuWwNKa/CakC8M","previousCounter":0,"rootKey":"4XDPJ4qK12C5QmpbSD+/LhUJU4K9O2jM0RNBkoP7LTs="},"indexInfo":{"baseKey":"BQaj7P1750T2NGI8diw6C1LI9a0lpVoaF1uBdGKvoS8W","baseKeyType":1,"closed":-1,"used":1686180713601,"created":1686180713601,"remoteIdentityKey":"BRBljXvHCA/orn/P7n3VySu++bR2KHlVqITnC6lNnSon"},"_chains":{"BU64QMaZyYUIGyWx8oZ4OehCvsOnxOxEMMwMVL3P6RN8":{"chainKey":{"counter":0,"key":"BqLqjiyP1UoJQDDThAZCLgzbRIRaOAABQC3Kf1PJOPA="},"chainType":1,"messageKeys":{}}},"pendingPreKey":{"signedKeyId":9,"baseKey":"BQaj7P1750T2NGI8diw6C1LI9a0lpVoaF1uBdGKvoS8W","preKeyId":14436498}}},"version":"v1"}