{"_sessions":{"BTqJVq2CevIKSd7QBtxQ3LUIKIVsPPUgoEHUgQ+R+uEw":{"registrationId":2022830397,"currentRatchet":{"ephemeralKeyPair":{"pubKey":"BTPcQ97IblVyYhh6CVn8acYFDqYkQZq8svAIQLrD3DML","privKey":"MODcecSglgITYVih1+fcszmCQrFVDKrN+fo9X8iPp3o="},"lastRemoteEphemeralKey":"BQRcj6riTdUM/iaH4k7EROYFN8hVfrPyZMmYmeNkG/k9","previousCounter":0,"rootKey":"5vXtfkfeZtVY3+98nPFrcDQW1LkXzaUyY0KcEzI0/a4="},"indexInfo":{"baseKey":"BTqJVq2CevIKSd7QBtxQ3LUIKIVsPPUgoEHUgQ+R+uEw","baseKeyType":1,"closed":1686180714050,"used":1686180711657,"created":1686180711657,"remoteIdentityKey":"BZSFAhouvVvllsfPd283bKaJ80uU9d1lCRHwRRWOn85p"},"_chains":{"BTPcQ97IblVyYhh6CVn8acYFDqYkQZq8svAIQLrD3DML":{"chainKey":{"counter":0,"key":"tacdQtZX6pvKuRhVx6icRygHjwjiCEwwsN9cutIgHVc="},"chainType":1,"messageKeys":{}}},"pendingPreKey":{"signedKeyId":2,"baseKey":"BTqJVq2CevIKSd7QBtxQ3LUIKIVsPPUgoEHUgQ+R+uEw","preKeyId":9679398}},"BYsPtbRGRX6hvCWSq5skN2UtNkGIXzqbOmCy4PSxU0th":{"registrationId":2022830397,"currentRatchet":{"ephemeralKeyPair":{"pubKey":"BZ5/ZU/KftBNEFdVxNRXnvRBFzDoPwH+qk9ZEaOQWoAr","privKey":"GNM4/Kq1ocIMaYI9Nf5ERLtyuTEEeVhBTh2VLhrIzFc="},"lastRemoteEphemeralKey":"BQRcj6riTdUM/iaH4k7EROYFN8hVfrPyZMmYmeNkG/k9","previousCounter":0,"rootKey":"vvzbYC350MMqAZQJNVTHsaK8AeTlFBbTrUoXaMV1OtQ="},"indexInfo":{"baseKey":"BYsPtbRGRX6hvCWSq5skN2UtNkGIXzqbOmCy4PSxU0th","baseKeyType":1,"closed":-1,"used":1686180713576,"created":1686180713576,"remoteIdentityKey":"BZSFAhouvVvllsfPd283bKaJ80uU9d1lCRHwRRWOn85p"},"_chains":{"BZ5/ZU/KftBNEFdVxNRXnvRBFzDoPwH+qk9ZEaOQWoAr":{"chainKey":{"counter":0,"key":"gPiYYqhUFKFp6UXd0EvBmZCH43vL3ILMAj3HIscS9tM="},"chainType":1,"messageKeys":{}}},"pendingPreKey":{"signedKeyId":2,"baseKey":"BYsPtbRGRX6hvCWSq5skN2UtNkGIXzqbOmCy4PSxU0th","preKeyId":9679000}}},"version":"v1"}