{"_sessions":{"BfaOeJ8GnpINEORkaGE6kUulnJ82JQMEYFIyTvwQhj0l":{"registrationId":815323915,"currentRatchet":{"ephemeralKeyPair":{"pubKey":"BQjN50hNkMNpz/kYKpnBRWj3k/kCQTsHGAg6ZJFsnsUB","privKey":"4LICsBWsxaokMWRCQLRrarqMtZefyQ65Dcpom0ICeUs="},"lastRemoteEphemeralKey":"BdBwLTJTWsyOSdEgrFLvjMHlMYyFI/MTyvcVSJa8S2ld","previousCounter":0,"rootKey":"c6rcVQ8MHqfP7y9b82wxeN641L61sOcvbbqXj9u3LEk="},"indexInfo":{"baseKey":"BfaOeJ8GnpINEORkaGE6kUulnJ82JQMEYFIyTvwQhj0l","baseKeyType":2,"closed":-1,"used":1686285849212,"created":1686285849212,"remoteIdentityKey":"BS/h4ckW9+XvYOvlQCdk2MGHU+1uRIuH27aqv1LWGZIr"},"_chains":{"BdBwLTJTWsyOSdEgrFLvjMHlMYyFI/MTyvcVSJa8S2ld":{"chainKey":{"counter":0,"key":"m+Sazg5RtKCeO1MXcAp55kmAMyxiyRF2HegOII654FM="},"chainType":2,"messageKeys":{}},"BQjN50hNkMNpz/kYKpnBRWj3k/kCQTsHGAg6ZJFsnsUB":{"chainKey":{"counter":-1,"key":"dzm5+6IRnMkTgEOfVRhJvgXr4GTUZebuWd1UeGNZTto="},"chainType":1,"messageKeys":{}}}}},"version":"v1"}