{"_sessions":{"BUsEFjcHmQqmUV4giyFW/ioaOVFU932KvIQdg7UK7qRM":{"registrationId":404184067,"currentRatchet":{"ephemeralKeyPair":{"pubKey":"BQR/3cRH375qFKqZEjZFeC8KJDo7Ep4HCI10cA4ykih/","privKey":"AOqyFvvZU8rnpIwVFqU4iegowZVEm6ukrNei5vpcM2Y="},"lastRemoteEphemeralKey":"BSvXKn9EuDa4BYqMqGTSvilGxV/Zcf6AGKpat7DHKMh3","previousCounter":0,"rootKey":"SAqveSKZ4Pwo5jm7kSqURFKFxJSxVUQMEkPYDylCUCc="},"indexInfo":{"baseKey":"BUsEFjcHmQqmUV4giyFW/ioaOVFU932KvIQdg7UK7qRM","baseKeyType":1,"closed":1686180714050,"used":1686180711721,"created":1686180711721,"remoteIdentityKey":"BfDo2HlTud4q/OeQNxlPFWRrABM4d4bdRBmtWnER4t0t"},"_chains":{"BQR/3cRH375qFKqZEjZFeC8KJDo7Ep4HCI10cA4ykih/":{"chainKey":{"counter":0,"key":"nx3q7xJbo9S4vvhAzP1gmOsjX74U/52u5zPmU5JKN9U="},"chainType":1,"messageKeys":{}}},"pendingPreKey":{"signedKeyId":7,"baseKey":"BUsEFjcHmQqmUV4giyFW/ioaOVFU932KvIQdg7UK7qRM","preKeyId":9733759}},"BYmS/Is5GrW/OeIBG/MpjlMSGPKByNbVkPZFHFijs/9g":{"registrationId":404184067,"currentRatchet":{"ephemeralKeyPair":{"pubKey":"BSzpf4w2fhOWjmYQ61hnG28mf8KkSNTFNFYJostIubUX","privKey":"0DSSs5JM25/qUmdqt6/J8P8jO6iOvLmem8Jha254NGI="},"lastRemoteEphemeralKey":"Beo6NPskfawtHFpCpJ8jwyoKABQw9gBmEeyPvQwttNtr","previousCounter":0,"rootKey":"4dqCg9RC7pU3S5dSJgV4Dk6KW54B8cun7K5pWmIFGAs="},"indexInfo":{"baseKey":"BYmS/Is5GrW/OeIBG/MpjlMSGPKByNbVkPZFHFijs/9g","baseKeyType":1,"closed":-1,"used":1686203973860,"created":1686180713755,"remoteIdentityKey":"BfDo2HlTud4q/OeQNxlPFWRrABM4d4bdRBmtWnER4t0t"},"_chains":{"Beo6NPskfawtHFpCpJ8jwyoKABQw9gBmEeyPvQwttNtr":{"chainKey":{"counter":0,"key":"B4bFxvwTBcO4QnlFRW/rR2GSG/+iew6lKJXZWIz2MFc="},"chainType":2,"messageKeys":{}},"BSzpf4w2fhOWjmYQ61hnG28mf8KkSNTFNFYJostIubUX":{"chainKey":{"counter":-1,"key":"pE1KLCpSgFEaAom0GzFDuJ7oSo46MYgqIIa9A2lpId8="},"chainType":1,"messageKeys":{}}}}},"version":"v1"}