{"_sessions":{"BUzdjihxIAWDmzI34/2TzkDbVg6wQbj7rayUI0cedb9d":{"registrationId":2117590149,"currentRatchet":{"ephemeralKeyPair":{"pubKey":"BYkLIn5ewq9eJJpnuECLMeqvMt8reGr+Y6xnS44YvvUn","privKey":"8FEu4JTEe+xtuUMIbszhx3yq50QrajhSEVtMVQmaAEw="},"lastRemoteEphemeralKey":"BcMTCl+1o7ycbpGsYWzlVXncNSYlfJZ4sBaMpQnOdzwL","previousCounter":0,"rootKey":"nYz6DG0Xg7CRZbQpG8wY/po66JJakiwTFJ8IWMuuNcU="},"indexInfo":{"baseKey":"BUzdjihxIAWDmzI34/2TzkDbVg6wQbj7rayUI0cedb9d","baseKeyType":1,"closed":1686180714049,"used":1686180711482,"created":1686180711482,"remoteIdentityKey":"BeGSffln1tH9Gv72406UX3zJVq+6aURNlhjNZHoLUHsN"},"_chains":{"BYkLIn5ewq9eJJpnuECLMeqvMt8reGr+Y6xnS44YvvUn":{"chainKey":{"counter":0,"key":"8sPSDhpeQIwITaNTg2hQTqGCyZb6Gi1//+pondFLKpk="},"chainType":1,"messageKeys":{}}},"pendingPreKey":{"signedKeyId":9,"baseKey":"BUzdjihxIAWDmzI34/2TzkDbVg6wQbj7rayUI0cedb9d","preKeyId":23821}},"BRWLucDS39RWxHolgFR9+ATMZg3XJq8+EsyJRarhH8cD":{"registrationId":2117590149,"currentRatchet":{"ephemeralKeyPair":{"pubKey":"BUbS4Wl6ik4AOlj9d2oZliaTuK8N/I1Nn59vKl5N8b0y","privKey":"yGhia5tG6/8nslra+3dpNg/g68lJObWMK3c6mfD+b1s="},"lastRemoteEphemeralKey":"BcMTCl+1o7ycbpGsYWzlVXncNSYlfJZ4sBaMpQnOdzwL","previousCounter":0,"rootKey":"aoZotkiqZD/tGP7bKIg49yrj6GNG2XYJ1gWRREFG9vM="},"indexInfo":{"baseKey":"BRWLucDS39RWxHolgFR9+ATMZg3XJq8+EsyJRarhH8cD","baseKeyType":1,"closed":-1,"used":1686180713425,"created":1686180713425,"remoteIdentityKey":"BeGSffln1tH9Gv72406UX3zJVq+6aURNlhjNZHoLUHsN"},"_chains":{"BUbS4Wl6ik4AOlj9d2oZliaTuK8N/I1Nn59vKl5N8b0y":{"chainKey":{"counter":0,"key":"rR6PYCIyMCUMu2uqAD431Y+ywFN5KVMkatRi8en0dxU="},"chainType":1,"messageKeys":{}}},"pendingPreKey":{"signedKeyId":9,"baseKey":"BRWLucDS39RWxHolgFR9+ATMZg3XJq8+EsyJRarhH8cD","preKeyId":23601}}},"version":"v1"}