{"_sessions":{"Bd+MoUgDZezSfY3UlbAY10MEC9IPapo+qowBJGYk4Tov":{"registrationId":1020688238,"currentRatchet":{"ephemeralKeyPair":{"pubKey":"BXxUD2wbqMxAZQ9C8fA8p8ucVkoe+zGTm4YMfsm3nCdd","privKey":"eNE51l2dLSEYZmp70ADsAWe+288pDn4wZOKYZn4YP2k="},"lastRemoteEphemeralKey":"BVk2vgv7sJWKk9mWPYiGmSZuLciWxrNF2xY4aCEdUodF","previousCounter":0,"rootKey":"Fgly9QE0uFhjnkNHKcRvdiTK+FsgNajXpSPojbrGXqc="},"indexInfo":{"baseKey":"Bd+MoUgDZezSfY3UlbAY10MEC9IPapo+qowBJGYk4Tov","baseKeyType":1,"closed":1686180714049,"used":1686180711499,"created":1686180711499,"remoteIdentityKey":"BffToVazg8guIYnBKCs4iWY1GcmgqozqJXxCiimkCpsp"},"_chains":{"BXxUD2wbqMxAZQ9C8fA8p8ucVkoe+zGTm4YMfsm3nCdd":{"chainKey":{"counter":0,"key":"tOUf+0M8tdnTQuac4mBMb6yzeZWkDXNhYEOgIGhUtYg="},"chainType":1,"messageKeys":{}}},"pendingPreKey":{"signedKeyId":6,"baseKey":"Bd+MoUgDZezSfY3UlbAY10MEC9IPapo+qowBJGYk4Tov","preKeyId":9918620}},"Beb30qTYAJlIWnewdk5hp/jnoCg5hi4Rp1xavuxEYNYa":{"registrationId":1020688238,"currentRatchet":{"ephemeralKeyPair":{"pubKey":"Bbs0NdJVmtJ6wjp5pvEjp/li/bU0zPSAK0HJ3Te3nbl3","privKey":"GDf6TyucoFs0ix38XhDxYM2VnicNxIB6jWT9MXnPRFA="},"lastRemoteEphemeralKey":"BVk2vgv7sJWKk9mWPYiGmSZuLciWxrNF2xY4aCEdUodF","previousCounter":0,"rootKey":"N04ZPjaBMFcr+vlQsEgL3aW/685wEkWWejrIZensCMc="},"indexInfo":{"baseKey":"Beb30qTYAJlIWnewdk5hp/jnoCg5hi4Rp1xavuxEYNYa","baseKeyType":1,"closed":1686203593614,"used":1686180713440,"created":1686180713440,"remoteIdentityKey":"BffToVazg8guIYnBKCs4iWY1GcmgqozqJXxCiimkCpsp"},"_chains":{"Bbs0NdJVmtJ6wjp5pvEjp/li/bU0zPSAK0HJ3Te3nbl3":{"chainKey":{"counter":0,"key":"rElGJim1zV4U3PXJe9y5L+yLY7GgWddQjMnh4qkPQ60="},"chainType":1,"messageKeys":{}}},"pendingPreKey":{"signedKeyId":6,"baseKey":"Beb30qTYAJlIWnewdk5hp/jnoCg5hi4Rp1xavuxEYNYa","preKeyId":9917840}},"BdvQIKgCQLSXS80+GNEZgMysnNHKKJkQY/GIJAH+GG4t":{"registrationId":1020688238,"currentRatchet":{"ephemeralKeyPair":{"pubKey":"BSLOi9SeqP5GKpmjLCxZ3oAycPIyazk2P/QqLKKXNq1e","privKey":"qMsoJXKL14rm7HVQNWTUBxv1/TyKLxMVTmGotocTlUQ="},"lastRemoteEphemeralKey":"BVk2vgv7sJWKk9mWPYiGmSZuLciWxrNF2xY4aCEdUodF","previousCounter":0,"rootKey":"eR5lcmEB5x2+ILrw7M736rPgU6ua3J/DT+B+v16tB1M="},"indexInfo":{"baseKey":"BdvQIKgCQLSXS80+GNEZgMysnNHKKJkQY/GIJAH+GG4t","baseKeyType":1,"closed":1686203594363,"used":1686203593612,"created":1686203593612,"remoteIdentityKey":"BffToVazg8guIYnBKCs4iWY1GcmgqozqJXxCiimkCpsp"},"_chains":{"BSLOi9SeqP5GKpmjLCxZ3oAycPIyazk2P/QqLKKXNq1e":{"chainKey":{"counter":-1,"key":"S/WcV+ZP+OxGsGdwnKPJhtnygj3/uYT4vfaHcYMD1rE="},"chainType":1,"messageKeys":{}}},"pendingPreKey":{"signedKeyId":6,"baseKey":"BdvQIKgCQLSXS80+GNEZgMysnNHKKJkQY/GIJAH+GG4t","preKeyId":9918557}},"BTerYcXOc5DMpRQQ8XZSRCGHliF20Qg5Luza5N7ui+pW":{"registrationId":1020688238,"currentRatchet":{"ephemeralKeyPair":{"pubKey":"BbSLc91PFZ22eYslzEySy99Rg8SzdNBXJgNSxpRrONca","privKey":"GOXvXswZM9dUa1o8UrNE/J/1xVeobR1Y8AyFFdpCJnc="},"lastRemoteEphemeralKey":"BVk2vgv7sJWKk9mWPYiGmSZuLciWxrNF2xY4aCEdUodF","previousCounter":0,"rootKey":"IYnCIyQtOz0XtysfEy3zWzanKH575nGn/89Esxb8Fu4="},"indexInfo":{"baseKey":"BTerYcXOc5DMpRQQ8XZSRCGHliF20Qg5Luza5N7ui+pW","baseKeyType":1,"closed":1686203595074,"used":1686203594361,"created":1686203594361,"remoteIdentityKey":"BffToVazg8guIYnBKCs4iWY1GcmgqozqJXxCiimkCpsp"},"_chains":{"BbSLc91PFZ22eYslzEySy99Rg8SzdNBXJgNSxpRrONca":{"chainKey":{"counter":-1,"key":"lUjyB4Llcepmr6YxkfpmgRzAzFV/Kzz38gBY6Gd6Y88="},"chainType":1,"messageKeys":{}}},"pendingPreKey":{"signedKeyId":6,"baseKey":"BTerYcXOc5DMpRQQ8XZSRCGHliF20Qg5Luza5N7ui+pW","preKeyId":9917818}},"BUANV+jXS3J/qMp/Aft9FHnA4IGzFAda7mfQx2OC7n1L":{"registrationId":1020688238,"currentRatchet":{"ephemeralKeyPair":{"pubKey":"BRbkP4n8nJPXgExjMZaj1397magbqCrCqmXZmUef/W1j","privKey":"GHD7ZOSniGosoyDqISMLfFgWJ5WHTfvr8lBeWePs218="},"lastRemoteEphemeralKey":"BVk2vgv7sJWKk9mWPYiGmSZuLciWxrNF2xY4aCEdUodF","previousCounter":0,"rootKey":"5eXgnkHDZvqqvQ4YCnOBaL63xwyy73BkphfwXVYgvGU="},"indexInfo":{"baseKey":"BUANV+jXS3J/qMp/Aft9FHnA4IGzFAda7mfQx2OC7n1L","baseKeyType":1,"closed":1686203595813,"used":1686203595059,"created":1686203595059,"remoteIdentityKey":"BffToVazg8guIYnBKCs4iWY1GcmgqozqJXxCiimkCpsp"},"_chains":{"BRbkP4n8nJPXgExjMZaj1397magbqCrCqmXZmUef/W1j":{"chainKey":{"counter":-1,"key":"IZdib6XCGkqDp8nlDrdJD++zZ7ZZ25vXc2M+xYaMY2w="},"chainType":1,"messageKeys":{}}},"pendingPreKey":{"signedKeyId":6,"baseKey":"BUANV+jXS3J/qMp/Aft9FHnA4IGzFAda7mfQx2OC7n1L","preKeyId":9918611}},"BeX8+tng+qcE/LSudIfdJDGYjdl/A7KJU/TuYemU1Lxg":{"registrationId":1020688238,"currentRatchet":{"ephemeralKeyPair":{"pubKey":"BYpbSsNDxOSXEjsAt8cuxL3Jyq/jX76s6DhLDSIu1Apu","privKey":"OEeiXCz88L2LqivPjpe4SRfMeSnGvf1V5jQpRLuFDGk="},"lastRemoteEphemeralKey":"BVk2vgv7sJWKk9mWPYiGmSZuLciWxrNF2xY4aCEdUodF","previousCounter":0,"rootKey":"tIgvyUJSRcfVR3mrHuOJst1V5XrgdF1gPsF9CABeBFY="},"indexInfo":{"baseKey":"BeX8+tng+qcE/LSudIfdJDGYjdl/A7KJU/TuYemU1Lxg","baseKeyType":1,"closed":1686203596718,"used":1686203595811,"created":1686203595811,"remoteIdentityKey":"BffToVazg8guIYnBKCs4iWY1GcmgqozqJXxCiimkCpsp"},"_chains":{"BYpbSsNDxOSXEjsAt8cuxL3Jyq/jX76s6DhLDSIu1Apu":{"chainKey":{"counter":-1,"key":"4rF16vXqMr0/8nKJ8cK+Gkwkkpnj2di/Oax4pNqpDIc="},"chainType":1,"messageKeys":{}}},"pendingPreKey":{"signedKeyId":6,"baseKey":"BeX8+tng+qcE/LSudIfdJDGYjdl/A7KJU/TuYemU1Lxg","preKeyId":9918716}},"Bf3H1LaNLW+amHW+K2ANtpCeYK8GarMQiAMC2+tur95o":{"registrationId":1020688238,"currentRatchet":{"ephemeralKeyPair":{"pubKey":"BUxklY2YGsnxhawJ0NixM/h7CCYEkhfW+f1bsngsjpVU","privKey":"mGlrE33+kNi98TGSf5r/ZHasBcXwBMx2ir2OmOHPS0E="},"lastRemoteEphemeralKey":"BVk2vgv7sJWKk9mWPYiGmSZuLciWxrNF2xY4aCEdUodF","previousCounter":0,"rootKey":"3KZlCpHyHvgepEYEG2egJyeEJTBuCBoCc230Ph0rkXc="},"indexInfo":{"baseKey":"Bf3H1LaNLW+amHW+K2ANtpCeYK8GarMQiAMC2+tur95o","baseKeyType":1,"closed":-1,"used":1686203596716,"created":1686203596716,"remoteIdentityKey":"BffToVazg8guIYnBKCs4iWY1GcmgqozqJXxCiimkCpsp"},"_chains":{"BUxklY2YGsnxhawJ0NixM/h7CCYEkhfW+f1bsngsjpVU":{"chainKey":{"counter":-1,"key":"tce0R/c/6tqATZf4TMctYAh8s8U9yBHY97e/kP6P/Go="},"chainType":1,"messageKeys":{}}},"pendingPreKey":{"signedKeyId":6,"baseKey":"Bf3H1LaNLW+amHW+K2ANtpCeYK8GarMQiAMC2+tur95o","preKeyId":9918635}}},"version":"v1"}