{"_sessions":{"BS2975GozdY3+EkGRUfVGQ7z1Q4ClXJtuWVVNzeAbvFG":{"registrationId":5918720,"currentRatchet":{"ephemeralKeyPair":{"pubKey":"BeDvUQjFUKVbyHHjPtxYlTCTksJioFKg1YjLA53GHxp+","privKey":"aBT2+WNx+rTjFFqLCl778IBSRiMgLS4etVt9DPUyFkY="},"lastRemoteEphemeralKey":"BSlrWKFPma2X+QLCRkIebr1r6u5guAgqmjeSYzQi8AhG","previousCounter":0,"rootKey":"I6Ar5IVprjmpjf9HdbZf241XX9jpSogml1JbOMQSsv4="},"indexInfo":{"baseKey":"BS2975GozdY3+EkGRUfVGQ7z1Q4ClXJtuWVVNzeAbvFG","baseKeyType":2,"closed":-1,"used":1686291705417,"created":1686291705417,"remoteIdentityKey":"BQAicN2o4cKWxg3wHwbF7MZFfuhqf/1lHo49NrYrVDJD"},"_chains":{"BSlrWKFPma2X+QLCRkIebr1r6u5guAgqmjeSYzQi8AhG":{"chainKey":{"counter":0,"key":"16r41pV/yR8wMTMgqdEvncthJYpEaPwJB6vrkX5pnGY="},"chainType":2,"messageKeys":{}},"BeDvUQjFUKVbyHHjPtxYlTCTksJioFKg1YjLA53GHxp+":{"chainKey":{"counter":-1,"key":"rZPcuepGDBu9BoM7wnEWySgUg69jG4lHHsLx/G/PAiI="},"chainType":1,"messageKeys":{}}}}},"version":"v1"}