{"_sessions":{"BeHiqNq4/iDuzbZq6DlWt5l2JcTUQ4m2ryy8U9TqFZJB":{"registrationId":785673124,"currentRatchet":{"ephemeralKeyPair":{"pubKey":"BUhsoAUBn7vGoLySYZ3u2Jen9bHWL9W3Q7Qb9n2Z6E4G","privKey":"SMTIm32ZQyL3tenSyPy2ckoyFdEib9c67S3Y1XgcnEg="},"lastRemoteEphemeralKey":"BQYFIr3oLTgfHTjyCCDEtM87SuHHS5MEM1K3HFsQj/xy","previousCounter":0,"rootKey":"ZmcQuE6evGmh/3TFl6tXeKKl2SGybqp7svk2N3hyeGw="},"indexInfo":{"baseKey":"BeHiqNq4/iDuzbZq6DlWt5l2JcTUQ4m2ryy8U9TqFZJB","baseKeyType":2,"closed":-1,"used":1686206705057,"created":1686206705057,"remoteIdentityKey":"BeZG21Uij6EUqKQhiWLV1shjCfngKCNCCI+fVio46u4y"},"_chains":{"BQYFIr3oLTgfHTjyCCDEtM87SuHHS5MEM1K3HFsQj/xy":{"chainKey":{"counter":2,"key":"Vc0TOQiqgdVzYG+tLTNMB6xvJIUrmqPBEn0V8TRyZaA="},"chainType":2,"messageKeys":{}},"BUhsoAUBn7vGoLySYZ3u2Jen9bHWL9W3Q7Qb9n2Z6E4G":{"chainKey":{"counter":-1,"key":"aG4AfB5vrIOBmIcuu40zSEB2XoHq7tBmwGb9S/ZMNbg="},"chainType":1,"messageKeys":{}}}}},"version":"v1"}