{"_sessions":{"BWLYZu4WAAn7PtBz6mdhSeLuH+xV7Gze3O0gWRR64Pda":{"registrationId":891530172,"currentRatchet":{"ephemeralKeyPair":{"pubKey":"BUA6t+5visZw26IYWq4xAC18jNc+cF0b4/ffipP7oIIG","privKey":"aGbfWaiCSJNVekelZuxM+2CQW0kjs6bEd+Jkn/eOEU8="},"lastRemoteEphemeralKey":"BTjh2y7AzcQQ4elLxjmqwJC+E7gZiVSnKa3Cozet7Bdf","previousCounter":0,"rootKey":"b0sSS1MpnuuONo5jZNwGe3xsDBNsnc/qxc00OOiUxxo="},"indexInfo":{"baseKey":"BWLYZu4WAAn7PtBz6mdhSeLuH+xV7Gze3O0gWRR64Pda","baseKeyType":1,"closed":1686180714049,"used":1686180711536,"created":1686180711536,"remoteIdentityKey":"BTt6nm3YYMJO4BTPnbDZaWIdBcuDT/jojUY9KBZFNC1z"},"_chains":{"BUA6t+5visZw26IYWq4xAC18jNc+cF0b4/ffipP7oIIG":{"chainKey":{"counter":0,"key":"ktqqEASxyw91ihxTwKDP/ORrDVN3zLh1L5GQhpkGy4w="},"chainType":1,"messageKeys":{}}},"pendingPreKey":{"signedKeyId":10,"baseKey":"BWLYZu4WAAn7PtBz6mdhSeLuH+xV7Gze3O0gWRR64Pda","preKeyId":14873059}},"BenasJU4LQUBTiJR3b/p9nyg0ccf2kfntDLuKah5xYcy":{"registrationId":891530172,"currentRatchet":{"ephemeralKeyPair":{"pubKey":"Bfq8VZTl2+86Rj/b1OngwDHTT3Y168ICL4+EWpr6bX4g","privKey":"UOa4s6yBCQ/LPPiG5pauuKJDxn03DUc0ZDSjhJvTtnI="},"lastRemoteEphemeralKey":"BVuUOrPvazZqkMa+38/lAyhDvfMYZt3Wx2QeLwJm2CEy","previousCounter":0,"rootKey":"Xj0+KGa4mTu+klvvEPTd9f5Prvj8FcigiLh0VF5Qctk="},"indexInfo":{"baseKey":"BenasJU4LQUBTiJR3b/p9nyg0ccf2kfntDLuKah5xYcy","baseKeyType":1,"closed":-1,"used":1686278360473,"created":1686180713471,"remoteIdentityKey":"BTt6nm3YYMJO4BTPnbDZaWIdBcuDT/jojUY9KBZFNC1z"},"_chains":{"BVuUOrPvazZqkMa+38/lAyhDvfMYZt3Wx2QeLwJm2CEy":{"chainKey":{"counter":2,"key":"ylLC3e0hAZI4/T69FxyVI6gkQPHQbR6vRpDAgU3AX3k="},"chainType":2,"messageKeys":{}},"Bfq8VZTl2+86Rj/b1OngwDHTT3Y168ICL4+EWpr6bX4g":{"chainKey":{"counter":-1,"key":"g6+tU7crMcJu/Dqhk7bbB+xJ+rx5Lij+WLFMIW741mE="},"chainType":1,"messageKeys":{}}}}},"version":"v1"}