{"_sessions":{"BXNHErbjOwt/rbi0nwi/7zfplY1Ctj9tV4TN/5dy7w9I":{"registrationId":1962441755,"currentRatchet":{"ephemeralKeyPair":{"pubKey":"BYinTgrbbH3BvpaYB7Bdj4nDpMEBndjzHxlOIMWm5boL","privKey":"IFqy4ZG/XL8lNr+M2PtuJy9bmBEcPPwcm9V3f0iQ1kA="},"lastRemoteEphemeralKey":"BX1th9V2ua9SdtkxEqQqsPHg7mcs9XIY6rK90QKv5EcR","previousCounter":0,"rootKey":"7dhHbLUWlm2sc5oiVHzZI1Qk3K/jQrLAYDvivJ/ETBs="},"indexInfo":{"baseKey":"BXNHErbjOwt/rbi0nwi/7zfplY1Ctj9tV4TN/5dy7w9I","baseKeyType":2,"closed":-1,"used":1686207923123,"created":1686207923123,"remoteIdentityKey":"BW5cqKbtXCePc/I7KontJPXotr1vC5szPqmv8oORFLEL"},"_chains":{"BX1th9V2ua9SdtkxEqQqsPHg7mcs9XIY6rK90QKv5EcR":{"chainKey":{"counter":1,"key":"1MKrz9lu+6k5/QpGX7RXVd1AQskkxXswVyk6QjRns3A="},"chainType":2,"messageKeys":{}},"BYinTgrbbH3BvpaYB7Bdj4nDpMEBndjzHxlOIMWm5boL":{"chainKey":{"counter":-1,"key":"ai1tKpYx3lWIPVO5IAvXW+eCIX5cu7SgvczbqEAFyJc="},"chainType":1,"messageKeys":{}}}}},"version":"v1"}