{"_sessions":{"Ba9cXocos1wT5q3+MSNpBTbN2/n2eitorlJ+lslq0G0J":{"registrationId":467519825,"currentRatchet":{"ephemeralKeyPair":{"pubKey":"BctQxiRLBHEgk+tnhQK6g02ismK6k6s3sgGDrlzU0uRB","privKey":"ACt4If45OvkNF3cE2GuxRrnGBq3DRdHRMgGFT/S32Vs="},"lastRemoteEphemeralKey":"Be/BiWl1UGIDxUbwxBMwgvFYu7L3EntX+6sxS928nNMa","previousCounter":0,"rootKey":"Xt61Tw5TEFc4toUX6nlJDw7E2H78H6TxSenrMk5sPBc="},"indexInfo":{"baseKey":"Ba9cXocos1wT5q3+MSNpBTbN2/n2eitorlJ+lslq0G0J","baseKeyType":1,"closed":1686180714049,"used":1686180711517,"created":1686180711517,"remoteIdentityKey":"BVQNNy++6zegHT7Vu0Oz7Dzj0klO+UAOjZYzKfEwROkz"},"_chains":{"BctQxiRLBHEgk+tnhQK6g02ismK6k6s3sgGDrlzU0uRB":{"chainKey":{"counter":0,"key":"LKMGyZIS/o2v9XuRkd/GI54nCfl6xA4RpqyukrjcKzw="},"chainType":1,"messageKeys":{}}},"pendingPreKey":{"signedKeyId":3,"baseKey":"Ba9cXocos1wT5q3+MSNpBTbN2/n2eitorlJ+lslq0G0J","preKeyId":12272150}},"Bfvqt+21CG4tis1brpy0xyZx3c+rCT6UjP9x2kNqs8Yn":{"registrationId":467519825,"currentRatchet":{"ephemeralKeyPair":{"pubKey":"BXZWJMfBvYizo0EiO4rhO89nWst9vMB6T/YPFvuC+Coi","privKey":"0BEHhNI6OeDpKnEdS0UKAcgKBTowwS6OAf1AzoLzI0s="},"lastRemoteEphemeralKey":"Be/BiWl1UGIDxUbwxBMwgvFYu7L3EntX+6sxS928nNMa","previousCounter":0,"rootKey":"pKvC9UV6rgjoelBvk4MZnZ6SzaH1hQmSnWtyQMkL88w="},"indexInfo":{"baseKey":"Bfvqt+21CG4tis1brpy0xyZx3c+rCT6UjP9x2kNqs8Yn","baseKeyType":1,"closed":-1,"used":1686180713458,"created":1686180713458,"remoteIdentityKey":"BVQNNy++6zegHT7Vu0Oz7Dzj0klO+UAOjZYzKfEwROkz"},"_chains":{"BXZWJMfBvYizo0EiO4rhO89nWst9vMB6T/YPFvuC+Coi":{"chainKey":{"counter":0,"key":"tI8POfPNYbug2FpnafJZfgbUxwEC9w2mbkFvWoKPDmQ="},"chainType":1,"messageKeys":{}}},"pendingPreKey":{"signedKeyId":3,"baseKey":"Bfvqt+21CG4tis1brpy0xyZx3c+rCT6UjP9x2kNqs8Yn","preKeyId":12271384}}},"version":"v1"}