{"_sessions":{"BfjAvAoXGTSrwFbkBNLRNKUUB67FX+j4QHPICcVYxxoz":{"registrationId":561453157,"currentRatchet":{"ephemeralKeyPair":{"pubKey":"BapKBJjXpyUfS3orpDCokfcFumpR05b0qiGIhcO7UEIA","privKey":"IGBY284WhsliiQyU8sD7KMYSCUM3QHPfaY4hoAWswnw="},"lastRemoteEphemeralKey":"BZdafTXhSKEq7+Gq9xikx2EJ7DpF9WwRP0lMUbD/MkYA","previousCounter":0,"rootKey":"fYXRvl5jLtKn1af2WS/0f9r+vYPMdJ3M/sJoR8flgCc="},"indexInfo":{"baseKey":"BfjAvAoXGTSrwFbkBNLRNKUUB67FX+j4QHPICcVYxxoz","baseKeyType":2,"closed":-1,"used":1686292622299,"created":1686291917908,"remoteIdentityKey":"BThX2i6/2xQV8EJjB9xwGUgAx/+EQNMwkn2532+7syg5"},"_chains":{"BVw0Wc1BoHVJhyQMhJCEHbEJybsBGZFZNqp3W4bxBmlU":{"chainKey":{"counter":1},"chainType":2,"messageKeys":{"0":"5laJ4/lc5anu/DucREwzANw4yFdVk+yw5NyEZ6ostbI="}},"BWXXkfARpyKxEOtC0RYD7H/fXGS0o7lsborlnbGhiDhy":{"chainKey":{"counter":1},"chainType":2,"messageKeys":{}},"BYYymMeX9YyZFG2ygPOglKKcRv3y2/ZZHClC98+K1V8t":{"chainKey":{"counter":0},"chainType":2,"messageKeys":{}},"BeOiK0TpCuDcosPdDq7QogFk/9YZbIzaOtpdOqxv3p0z":{"chainKey":{"counter":0},"chainType":2,"messageKeys":{}},"Beq5kEa6UmId/vbmnoNtv7d0dSTk8LcCmqlgUczsGwwd":{"chainKey":{"counter":0},"chainType":2,"messageKeys":{}},"BULtQM4GmOR4tT9zpTFawwKrv3DKcJNH6CWrXHxlVuYg":{"chainKey":{"counter":1},"chainType":2,"messageKeys":{}},"BfJDC746vhVyAWw5OO1dTnagGD1rGioQFXcqcte0WjEL":{"chainKey":{"counter":1},"chainType":2,"messageKeys":{}},"BVxbzMCBWeCSkakbjhETKQnsrhRnX6gGjsMbKjnj0g4K":{"chainKey":{"counter":0},"chainType":2,"messageKeys":{}},"BX80sLUlwK61LQ7S+w/FMM2uX4x8OocYy/6ZVxOrwwZv":{"chainKey":{"counter":0},"chainType":2,"messageKeys":{}},"BbBEONlRw4M7+CgvC1vqefEtmeG5+/15PuGNx7+qcvUK":{"chainKey":{"counter":0},"chainType":2,"messageKeys":{}},"BQPg3jgYvT06V0gxjJBTiW9ty4385ZdDqzrlaTmaTph5":{"chainKey":{"counter":4},"chainType":2,"messageKeys":{}},"BZ0fvS3Dw3n4zdK131nextUtwyEvVgMPh/dSlPsthXxm":{"chainKey":{"counter":0},"chainType":2,"messageKeys":{}},"BVEQg3kwp+pVu5mT3AYi9kOR3JapgZKibZAofnXY2c1n":{"chainKey":{"counter":0},"chainType":2,"messageKeys":{}},"BdaWfza4wN36WvSDIkrrjKCmq6Q68UHaTOUGc4Vpaz03":{"chainKey":{"counter":0},"chainType":2,"messageKeys":{}},"BZdafTXhSKEq7+Gq9xikx2EJ7DpF9WwRP0lMUbD/MkYA":{"chainKey":{"counter":0,"key":"h4kb+GOXV0WMsVyA3xRT16dpV+KZ03sz0OhxGIplbrI="},"chainType":2,"messageKeys":{}},"BapKBJjXpyUfS3orpDCokfcFumpR05b0qiGIhcO7UEIA":{"chainKey":{"counter":-1,"key":"gtgS+bwff6BoHb0lTWS1hke7wS45EqPiGCKUaxerjoU="},"chainType":1,"messageKeys":{}}}}},"version":"v1"}