{"_sessions":{"BcF4QbIMbjJfjg3XuSd2dB8J9dN0NUr6x2cFqCSPgBMs":{"registrationId":93047199,"currentRatchet":{"ephemeralKeyPair":{"pubKey":"BWcTxx8exBRx9bIth4LMFWRglzBxXk8SpI7EQDinMgVe","privKey":"GLCs68ZSZKNEtBMMbjSra0xk19AKyxZZMQ58Qvx9Nkk="},"lastRemoteEphemeralKey":"BRCJrEjjjvmVKU1c0SxXRQWuBYpMRaYweSeljIDCq9N9","previousCounter":0,"rootKey":"kwxj0Kxv26NLxkCWGHYsE49/RCPHJ7zaMUOeQ9WcPqc="},"indexInfo":{"baseKey":"BcF4QbIMbjJfjg3XuSd2dB8J9dN0NUr6x2cFqCSPgBMs","baseKeyType":1,"closed":1686180714048,"used":1686180711365,"created":1686180711365,"remoteIdentityKey":"BS907KSxqzEWw4IM70L4YPeEai7gWXxkEePI6Ebznw0a"},"_chains":{"BWcTxx8exBRx9bIth4LMFWRglzBxXk8SpI7EQDinMgVe":{"chainKey":{"counter":0,"key":"mGw4aJWyB1logv+X5THODz/+4Bd5+tYB3GRig4gXmaM="},"chainType":1,"messageKeys":{}}},"pendingPreKey":{"signedKeyId":12,"baseKey":"BcF4QbIMbjJfjg3XuSd2dB8J9dN0NUr6x2cFqCSPgBMs","preKeyId":11835174}},"BcAJJ09oC4a0H2KeP8pOBn+q06wTd8TcDeWT9JkklZ0z":{"registrationId":93047199,"currentRatchet":{"ephemeralKeyPair":{"pubKey":"Bavv8kLrJD8B4a5ZJh6EPRmWD/5w/rVobG0TpU9uz7AZ","privKey":"KN7yst5HMlQ0w3Y8c7ohU638n6eTc+i2rC7LTPcngGU="},"lastRemoteEphemeralKey":"BRCJrEjjjvmVKU1c0SxXRQWuBYpMRaYweSeljIDCq9N9","previousCounter":0,"rootKey":"tU+xsWIWwslz3DFnKS2iYE2KU6vw9AagXNRNUQZgm3Q="},"indexInfo":{"baseKey":"BcAJJ09oC4a0H2KeP8pOBn+q06wTd8TcDeWT9JkklZ0z","baseKeyType":1,"closed":-1,"used":1686180713321,"created":1686180713321,"remoteIdentityKey":"BS907KSxqzEWw4IM70L4YPeEai7gWXxkEePI6Ebznw0a"},"_chains":{"Bavv8kLrJD8B4a5ZJh6EPRmWD/5w/rVobG0TpU9uz7AZ":{"chainKey":{"counter":0,"key":"kyNFzN1hVNt/0rhsMb/aTmInZPgfxqfxH1YU3v5FFkU="},"chainType":1,"messageKeys":{}}},"pendingPreKey":{"signedKeyId":12,"baseKey":"BcAJJ09oC4a0H2KeP8pOBn+q06wTd8TcDeWT9JkklZ0z","preKeyId":11835201}}},"version":"v1"}