{"_sessions":{"BXtkrKX4LquhvmTssolhmBmcrFRboNVLRTONal8jpKok":{"registrationId":1776893734,"currentRatchet":{"ephemeralKeyPair":{"pubKey":"BYyd7M4QndXgFnQ5C6rAC1O1bEVk4YhNKrRVQI8nPs1e","privKey":"+KnjiukATGZxlRVTmE8NQbBT6JwypOQ4bDKHPhXPdUk="},"lastRemoteEphemeralKey":"BXG2CTppfxJIE2y6XKm+fgYtB0qYz0U+dIsJcnfmeDE2","previousCounter":0,"rootKey":"kevZ4sRtft50FflEMJXJb1iRj927I/076kfDZQoBsqE="},"indexInfo":{"baseKey":"BXtkrKX4LquhvmTssolhmBmcrFRboNVLRTONal8jpKok","baseKeyType":1,"closed":1686180714051,"used":1686180711820,"created":1686180711820,"remoteIdentityKey":"BSLE0O5Zplvc8jqStabgA96M0Yooh3vuSh3nMNrpVTcE"},"_chains":{"BYyd7M4QndXgFnQ5C6rAC1O1bEVk4YhNKrRVQI8nPs1e":{"chainKey":{"counter":0,"key":"UutJwP/CV9PojqszA/Zs8D1yiIDGo/hFBenwnDMlpUw="},"chainType":1,"messageKeys":{}}},"pendingPreKey":{"signedKeyId":0,"baseKey":"BXtkrKX4LquhvmTssolhmBmcrFRboNVLRTONal8jpKok","preKeyId":10889214}},"Bf05HNgFJRbDuzS9fywrQxD9yDQBE32jr4wvOGxFzYAh":{"registrationId":1776893734,"currentRatchet":{"ephemeralKeyPair":{"pubKey":"BQ4PriiVglcerwsZFVLwklFbD4ejyhOE9Of6CzfBVwtf","privKey":"wIFDhhUnQK8mT4BM2BVuxge0zxs0AgRz0ApBFCkzVHw="},"lastRemoteEphemeralKey":"BRwoKPlaEfG0M2FoCFTMQ/9dAwUvdVmHuepfQLEl5gl2","previousCounter":0,"rootKey":"XAHzHZjmj7wY9F8JpsPld70/275pJUq8yuwehpahhdA="},"indexInfo":{"baseKey":"Bf05HNgFJRbDuzS9fywrQxD9yDQBE32jr4wvOGxFzYAh","baseKeyType":1,"closed":-1,"used":1686271229923,"created":1686180713974,"remoteIdentityKey":"BSLE0O5Zplvc8jqStabgA96M0Yooh3vuSh3nMNrpVTcE"},"_chains":{"BRwoKPlaEfG0M2FoCFTMQ/9dAwUvdVmHuepfQLEl5gl2":{"chainKey":{"counter":3,"key":"CPhatUKspNRljcrviE+R7kn2WBgEXEddc+oxEOoyQhc="},"chainType":2,"messageKeys":{"2":"eInKLkRezApgc5jnurmF9pEBUDt6ttGz1bn4C9zwBDw="}},"BQ4PriiVglcerwsZFVLwklFbD4ejyhOE9Of6CzfBVwtf":{"chainKey":{"counter":-1,"key":"7gFA5DTP2tVrgjJ0mRhuLcaD3veWZrKNPiV92Bg5ExQ="},"chainType":1,"messageKeys":{}}}}},"version":"v1"}