{"_sessions":{"BZ+StHCR9Pu+1uUAtRmd+dbguzxhdUqn2CytGihBiIto":{"registrationId":937586904,"currentRatchet":{"ephemeralKeyPair":{"pubKey":"BVTURZRO20uTeWxXmp2VMY8E9bfQ5qcYQs4wJ8PICX4Z","privKey":"gNnQYswoSVmKrsSmgqcZsBt85ZBTW8Br+jzYNfXdElQ="},"lastRemoteEphemeralKey":"BVwNk6Fwl4EQ0q2io0lmG2m8+0CX14eVlYpmLH/wme0Y","previousCounter":0,"rootKey":"wVZCu4URmmxvMRtAjIieEE4Qiod42N33gTk0z8vQxjE="},"indexInfo":{"baseKey":"BZ+StHCR9Pu+1uUAtRmd+dbguzxhdUqn2CytGihBiIto","baseKeyType":1,"closed":1686180714051,"used":1686180711838,"created":1686180711838,"remoteIdentityKey":"BWcPQa48jAAmWCdlwYa3cJ4Xtn1jXVII2GE0pHBDtjN6"},"_chains":{"BVTURZRO20uTeWxXmp2VMY8E9bfQ5qcYQs4wJ8PICX4Z":{"chainKey":{"counter":0,"key":"GKmLm0k1ioecmaWY1ElH48uutIvnGRqVLxG7KvsoI40="},"chainType":1,"messageKeys":{}}},"pendingPreKey":{"signedKeyId":2,"baseKey":"BZ+StHCR9Pu+1uUAtRmd+dbguzxhdUqn2CytGihBiIto","preKeyId":5198773}},"Bb0e5KekDObyz0IPjnNEl8RiPRPmLhW40/xYxxMEoa4q":{"registrationId":937586904,"currentRatchet":{"ephemeralKeyPair":{"pubKey":"BaouuMuJMI9pfqVltGT+dZLFpozx4aorlKq3bbsyEYU4","privKey":"0NGChr88zrUXNeNUG6ONIrj/z+sJi8VixD6izDP8pn0="},"lastRemoteEphemeralKey":"BVwNk6Fwl4EQ0q2io0lmG2m8+0CX14eVlYpmLH/wme0Y","previousCounter":0,"rootKey":"hFw9XYwv3tVfh0tzTK5B+JN0HwomgIQ4e+MnaK6wT8E="},"indexInfo":{"baseKey":"Bb0e5KekDObyz0IPjnNEl8RiPRPmLhW40/xYxxMEoa4q","baseKeyType":1,"closed":-1,"used":1686180714019,"created":1686180714019,"remoteIdentityKey":"BWcPQa48jAAmWCdlwYa3cJ4Xtn1jXVII2GE0pHBDtjN6"},"_chains":{"BaouuMuJMI9pfqVltGT+dZLFpozx4aorlKq3bbsyEYU4":{"chainKey":{"counter":0,"key":"IFZIvNEz3k8yf0FljyKXjZK7m6U9ainwa89NbbWtvmo="},"chainType":1,"messageKeys":{}}},"pendingPreKey":{"signedKeyId":2,"baseKey":"Bb0e5KekDObyz0IPjnNEl8RiPRPmLhW40/xYxxMEoa4q","preKeyId":5198792}}},"version":"v1"}