{"_sessions":{"BV3sCu7m4iLSscIewSb2UuHJRVh9UnWLYc2CHu1CEsh0":{"registrationId":711223470,"currentRatchet":{"ephemeralKeyPair":{"pubKey":"BQXJlsaGin6wNKjeoJHSUjIVRoCi6mYXZJvKqisTnUsX","privKey":"eG260fp4Vuq9+LRbV6BOY93l3u6UANibdH8y+PAjSXI="},"lastRemoteEphemeralKey":"BWH8PMRkhtHocXHNUM6zwA+sUuKgElorXeRYG0zh51Zt","previousCounter":0,"rootKey":"V5HlXMvqnh59ecnzAMmM+VFSkY8D5Sx9FOCGZhQw4fg="},"indexInfo":{"baseKey":"BV3sCu7m4iLSscIewSb2UuHJRVh9UnWLYc2CHu1CEsh0","baseKeyType":1,"closed":1686180714050,"used":1686180711771,"created":1686180711771,"remoteIdentityKey":"BXUVWtjpLxQs+O/01ERubTcQyBHurqimDz1B3pCoPK10"},"_chains":{"BQXJlsaGin6wNKjeoJHSUjIVRoCi6mYXZJvKqisTnUsX":{"chainKey":{"counter":0,"key":"a2V43JO0NyzogJY4Ku1Z5qSNDcrCVc540GoEcn6VxJ4="},"chainType":1,"messageKeys":{}}},"pendingPreKey":{"signedKeyId":1,"baseKey":"BV3sCu7m4iLSscIewSb2UuHJRVh9UnWLYc2CHu1CEsh0","preKeyId":4920289}},"BXL6v09mMeMUee7TDfsC+NSLOaqN7BwUXTr7jdmEDqp6":{"registrationId":711223470,"currentRatchet":{"ephemeralKeyPair":{"pubKey":"BTabuYKlKFcfsjWmHTx/qdS/FYW/xR8f9Mz2WkgD1V0Y","privKey":"qKen97BeFG04b0iNa7uppe9mzuc7KNqjgMNcwPOcBl4="},"lastRemoteEphemeralKey":"BWH8PMRkhtHocXHNUM6zwA+sUuKgElorXeRYG0zh51Zt","previousCounter":0,"rootKey":"rI8GOkks9ZvC3T5b1FM/0jzmfzbBUsrknULjg3KQe6g="},"indexInfo":{"baseKey":"BXL6v09mMeMUee7TDfsC+NSLOaqN7BwUXTr7jdmEDqp6","baseKeyType":1,"closed":-1,"used":1686180713856,"created":1686180713856,"remoteIdentityKey":"BXUVWtjpLxQs+O/01ERubTcQyBHurqimDz1B3pCoPK10"},"_chains":{"BTabuYKlKFcfsjWmHTx/qdS/FYW/xR8f9Mz2WkgD1V0Y":{"chainKey":{"counter":0,"key":"QotFQ3/LanC7K7EFxECZJ8mXoily1tiYpesGKDEoMSw="},"chainType":1,"messageKeys":{}}},"pendingPreKey":{"signedKeyId":1,"baseKey":"BXL6v09mMeMUee7TDfsC+NSLOaqN7BwUXTr7jdmEDqp6","preKeyId":4919608}}},"version":"v1"}