{"_sessions":{"BcCydC88HOAisO9wT+t4gXzMETm2KcZVFSjqD/R9qgsI":{"registrationId":286272586,"currentRatchet":{"ephemeralKeyPair":{"pubKey":"BWI/W7Zw0KnZ6y4eiwXrXpMvj7/ReR4tOyr0kQqp0TRg","privKey":"IGvkES9PIBLgX+3DsTwLzkhRM7YX+t2YyBbadYS+oGg="},"lastRemoteEphemeralKey":"BcHt5xVVYxppzOiRuhEdbgjf3IPpCtz4dRl8rqsndstm","previousCounter":0,"rootKey":"ukkdSaj0nPaRwyRDqQWY3MltVjppDQiJP4VkcDmtXiE="},"indexInfo":{"baseKey":"BcCydC88HOAisO9wT+t4gXzMETm2KcZVFSjqD/R9qgsI","baseKeyType":1,"closed":1686180714051,"used":1686180711844,"created":1686180711844,"remoteIdentityKey":"BbLOkeYs7EiTuTHENqXTU8tKsWmgWsEtXt1RRfSXBIht"},"_chains":{"BWI/W7Zw0KnZ6y4eiwXrXpMvj7/ReR4tOyr0kQqp0TRg":{"chainKey":{"counter":0,"key":"cpZhilmSRYwHMX+NoG1z9Jm4Lg6aKtg3tKOHgl/rrB8="},"chainType":1,"messageKeys":{}}},"pendingPreKey":{"signedKeyId":18,"baseKey":"BcCydC88HOAisO9wT+t4gXzMETm2KcZVFSjqD/R9qgsI","preKeyId":10242557}},"BWdqlE5D+LzE/uefzm3sbP5csty3JCusEAXxBX1D0u0m":{"registrationId":286272586,"currentRatchet":{"ephemeralKeyPair":{"pubKey":"BfKU2fcCQh8Gcrae+K4yWp6inCniMzp00T2B9S6tKagw","privKey":"uArSQ9jtTaOXLRTovdUy69N2zbuiYL1Jcyw0leuMJkU="},"lastRemoteEphemeralKey":"BcHt5xVVYxppzOiRuhEdbgjf3IPpCtz4dRl8rqsndstm","previousCounter":0,"rootKey":"q87NJ/gHJROp0Xg5zQBIhJd9wOf/B1AXtOmAJy4k/lk="},"indexInfo":{"baseKey":"BWdqlE5D+LzE/uefzm3sbP5csty3JCusEAXxBX1D0u0m","baseKeyType":1,"closed":-1,"used":1686180714039,"created":1686180714039,"remoteIdentityKey":"BbLOkeYs7EiTuTHENqXTU8tKsWmgWsEtXt1RRfSXBIht"},"_chains":{"BfKU2fcCQh8Gcrae+K4yWp6inCniMzp00T2B9S6tKagw":{"chainKey":{"counter":0,"key":"qPH/2u7QwGCN0GRswoAjytAF1fhmgSXUITriGy/oX3E="},"chainType":1,"messageKeys":{}}},"pendingPreKey":{"signedKeyId":18,"baseKey":"BWdqlE5D+LzE/uefzm3sbP5csty3JCusEAXxBX1D0u0m","preKeyId":10242398}}},"version":"v1"}