{"_sessions":{"BS3neE/AGHuBp5Zi4yLuwMHIQLeDynJ39G8Z4qDzyZpQ":{"registrationId":813624194,"currentRatchet":{"ephemeralKeyPair":{"pubKey":"BUHBh3pOnS/9tgfFo/ucFOTnUm23/vlO+71MU3Na7kNQ","privKey":"2H4ikDD90Wl8A8XOS3ozlZ74B0LoetNZ1OECT2O3TmQ="},"lastRemoteEphemeralKey":"BRcBLEDztmX6tzWdf7yQ6oekUYdAogzbweloMOYG0UBJ","previousCounter":0,"rootKey":"sfqx0hUlZ+zVBjQseTdJfVeoVyt983yNTBqx9sOa5D4="},"indexInfo":{"baseKey":"BS3neE/AGHuBp5Zi4yLuwMHIQLeDynJ39G8Z4qDzyZpQ","baseKeyType":1,"closed":1686180714049,"used":1686180711568,"created":1686180711568,"remoteIdentityKey":"BbhJOn+1bLLKMhpd1ejDmt8tco2cOIg7cbyfYgVwqk5z"},"_chains":{"BUHBh3pOnS/9tgfFo/ucFOTnUm23/vlO+71MU3Na7kNQ":{"chainKey":{"counter":0,"key":"5Uoyp0x7asLWkafC7HV8D8UkiIVVUySBRy1l6q1sTEQ="},"chainType":1,"messageKeys":{}}},"pendingPreKey":{"signedKeyId":12,"baseKey":"BS3neE/AGHuBp5Zi4yLuwMHIQLeDynJ39G8Z4qDzyZpQ","preKeyId":8248466}},"BZwyfTnbxLfR4qfTpPtE6dFFCS4w70otawjYL0DWVadL":{"registrationId":813624194,"currentRatchet":{"ephemeralKeyPair":{"pubKey":"BdHLtMo17IjF1Ye69/sBDNESEhFt/fu11n9MRfzMkyQM","privKey":"yIF4JFkamn+sWZszRaNL0fy2zLzSsxrV6wAZ4YQNcW0="},"lastRemoteEphemeralKey":"BRcBLEDztmX6tzWdf7yQ6oekUYdAogzbweloMOYG0UBJ","previousCounter":0,"rootKey":"tIPRc3AQ4Au4Mj9npHvLVfgo9YUXZd1+iIzmfuniIvk="},"indexInfo":{"baseKey":"BZwyfTnbxLfR4qfTpPtE6dFFCS4w70otawjYL0DWVadL","baseKeyType":1,"closed":-1,"used":1686180713497,"created":1686180713497,"remoteIdentityKey":"BbhJOn+1bLLKMhpd1ejDmt8tco2cOIg7cbyfYgVwqk5z"},"_chains":{"BdHLtMo17IjF1Ye69/sBDNESEhFt/fu11n9MRfzMkyQM":{"chainKey":{"counter":0,"key":"MHHU3KqyyDz+v7/ypJ20qbfF4i1SonI/kP6sUM5VNGk="},"chainType":1,"messageKeys":{}}},"pendingPreKey":{"signedKeyId":12,"baseKey":"BZwyfTnbxLfR4qfTpPtE6dFFCS4w70otawjYL0DWVadL","preKeyId":8248516}}},"version":"v1"}