{"_sessions":{"BT23O07FlYQC9Jt5zwZSvaC18E80VII3PwrrmLdWVHke":{"registrationId":59997603,"currentRatchet":{"ephemeralKeyPair":{"pubKey":"BeTnmbxFFIuBlsIFgEavosck9uLg8WTljWM0Oo8ca5IW","privKey":"oJgtckb6yGXwGNAdT7odNnInXYZQJmZ2SZIUtOoAPWQ="},"lastRemoteEphemeralKey":"BUrywJ7zrjY5BB92oayKvHEUlPfiq9cy7HOkE5CwoxNd","previousCounter":0,"rootKey":"ov24saCg+JYzCBN42+Y/QeXCWJW9ctCr6qjxnCn8nBQ="},"indexInfo":{"baseKey":"BT23O07FlYQC9Jt5zwZSvaC18E80VII3PwrrmLdWVHke","baseKeyType":2,"closed":-1,"used":1686228459700,"created":1686228459700,"remoteIdentityKey":"BYHsZZ/SDhcWu8kuY5yEnU1K1HvaYZE+kS0uMx+5xtx/"},"_chains":{"BUrywJ7zrjY5BB92oayKvHEUlPfiq9cy7HOkE5CwoxNd":{"chainKey":{"counter":0,"key":"key8XMu+Y2WxUvQZkXHbYRWCRare/7QReKgqr01q2Ik="},"chainType":2,"messageKeys":{}},"BeTnmbxFFIuBlsIFgEavosck9uLg8WTljWM0Oo8ca5IW":{"chainKey":{"counter":-1,"key":"emrBj5aQ+fh2KCNNKoWaPHQ/M39NN/FOgcg+5GBXYPg="},"chainType":1,"messageKeys":{}}}}},"version":"v1"}