{"_sessions":{"BWBg/J3vIPFckx6KUPUdBliZlByMAzL2L12/H/cObQMD":{"registrationId":1802400906,"currentRatchet":{"ephemeralKeyPair":{"pubKey":"BV59ohnUUDZ6xiaV3NpGQYcxJDXu2R8sK4g8DwRfc3ho","privKey":"cNVHnhijNqGVk45INQ05rO2wcCb6VeR8y52UHBW553k="},"lastRemoteEphemeralKey":"Bbb8FPqWwt6b/uZCE5nfnV9kugDQy1VaQs2O7m3HdHwH","previousCounter":0,"rootKey":"sh3R5xCTms2alJCT5mcpJmTrcXZ+zJKE1cJ9mfr2FGc="},"indexInfo":{"baseKey":"BWBg/J3vIPFckx6KUPUdBliZlByMAzL2L12/H/cObQMD","baseKeyType":1,"closed":1686180714051,"used":1686180711816,"created":1686180711816,"remoteIdentityKey":"BbImGuBEvRRulVSPBV95gCrGM9CLkaP/j8liv7szaKtM"},"_chains":{"BV59ohnUUDZ6xiaV3NpGQYcxJDXu2R8sK4g8DwRfc3ho":{"chainKey":{"counter":0,"key":"zyR3ZWVmApypo+8rUq8ekHy51de0YCmfluAuMhStavg="},"chainType":1,"messageKeys":{}}},"pendingPreKey":{"signedKeyId":5,"baseKey":"BWBg/J3vIPFckx6KUPUdBliZlByMAzL2L12/H/cObQMD","preKeyId":14284710}},"BXjSUIqjVO8DU8oxu4Ha5eXC51YLPzAJLCDMcnqHP5ZL":{"registrationId":1802400906,"currentRatchet":{"ephemeralKeyPair":{"pubKey":"BdHdykBk1iRdHJ0t2QLRgdcf0I8p3bqmbR0KJ01A3hd3","privKey":"iFDrKD2xmgBXBoei9b22o46CA5HRnFWutiRwqmV7l1M="},"lastRemoteEphemeralKey":"Bbb8FPqWwt6b/uZCE5nfnV9kugDQy1VaQs2O7m3HdHwH","previousCounter":0,"rootKey":"cXuD2EJTA2Bbm2n88hvTVujR/uNZo0groNA5fsngHY0="},"indexInfo":{"baseKey":"BXjSUIqjVO8DU8oxu4Ha5eXC51YLPzAJLCDMcnqHP5ZL","baseKeyType":1,"closed":-1,"used":1686180713970,"created":1686180713970,"remoteIdentityKey":"BbImGuBEvRRulVSPBV95gCrGM9CLkaP/j8liv7szaKtM"},"_chains":{"BdHdykBk1iRdHJ0t2QLRgdcf0I8p3bqmbR0KJ01A3hd3":{"chainKey":{"counter":0,"key":"hrRIqkgsZGlVUujvivYiU/3ZoriWrv7LIdqrqs+i5Ts="},"chainType":1,"messageKeys":{}}},"pendingPreKey":{"signedKeyId":5,"baseKey":"BXjSUIqjVO8DU8oxu4Ha5eXC51YLPzAJLCDMcnqHP5ZL","preKeyId":14285347}}},"version":"v1"}