{"_sessions":{"BYaiyHo024Nu5bSzcHUSj63nYW0y4A8K5/FNUdVY8d8P":{"registrationId":1242548931,"currentRatchet":{"ephemeralKeyPair":{"pubKey":"Bd2ndTrv4qs5CtW62uaCvdlJpnAwIiy861Ls6OI3jexC","privKey":"mEZ+wvLr8op16gg7tV4GjsgrENVlJxIJL7Tn1Ybqf10="},"lastRemoteEphemeralKey":"BRECp9x99bf0X5yZ4HiCIdT3CG+bCfqRlN4HZV/qT7cF","previousCounter":0,"rootKey":"NaK/qUdMqzf4qSNpeRFyyzYqbA22PngJLLcp0trpYJ4="},"indexInfo":{"baseKey":"BYaiyHo024Nu5bSzcHUSj63nYW0y4A8K5/FNUdVY8d8P","baseKeyType":1,"closed":1686180714050,"used":1686180711681,"created":1686180711681,"remoteIdentityKey":"BTJnWddy/ZEpe+yeCx1X3l43T0O3bmxsS/GID4Is5GwK"},"_chains":{"Bd2ndTrv4qs5CtW62uaCvdlJpnAwIiy861Ls6OI3jexC":{"chainKey":{"counter":0,"key":"5LkscHp9uScLKL8uX78sw6Aje05YQUJWyGAOdfjX3Jw="},"chainType":1,"messageKeys":{}}},"pendingPreKey":{"signedKeyId":3,"baseKey":"BYaiyHo024Nu5bSzcHUSj63nYW0y4A8K5/FNUdVY8d8P","preKeyId":10026312}},"BRRSWlTh94CA2enOyhMmYHiief4EzvCuUuBUaY7UHGxQ":{"registrationId":1242548931,"currentRatchet":{"ephemeralKeyPair":{"pubKey":"Bb5UTiGGXVe3Le9fvy3375dU2DnYBVFK3aeJGgOZjUt0","privKey":"KEVlbEeaLYqEQECMtv0XAXze1Z57BJBi28hk8qPt0mE="},"lastRemoteEphemeralKey":"BRECp9x99bf0X5yZ4HiCIdT3CG+bCfqRlN4HZV/qT7cF","previousCounter":0,"rootKey":"hHCaFfH3td1Vv9BnC23x4pHog8fU6KYafOJhONtIu9w="},"indexInfo":{"baseKey":"BRRSWlTh94CA2enOyhMmYHiief4EzvCuUuBUaY7UHGxQ","baseKeyType":1,"closed":-1,"used":1686180713667,"created":1686180713667,"remoteIdentityKey":"BTJnWddy/ZEpe+yeCx1X3l43T0O3bmxsS/GID4Is5GwK"},"_chains":{"Bb5UTiGGXVe3Le9fvy3375dU2DnYBVFK3aeJGgOZjUt0":{"chainKey":{"counter":0,"key":"bCgn5v7oDV0VhqrWl0rgOTRu1BxCswENCb37bxnQ0Fw="},"chainType":1,"messageKeys":{}}},"pendingPreKey":{"signedKeyId":3,"baseKey":"BRRSWlTh94CA2enOyhMmYHiief4EzvCuUuBUaY7UHGxQ","preKeyId":10026285}}},"version":"v1"}