{"_sessions":{"BVUQPduQZms+WoIiHLq5jaVmxq6LCpzf8dwSMaZVgyh4":{"registrationId":933532492,"currentRatchet":{"ephemeralKeyPair":{"pubKey":"Bd4ef5EafDH1UPd7P89qoLZ/FawczLzr7URuvK5gBB4n","privKey":"SD9yTJ47Kdkkd2XyJtgC4BLLfGVJyVocr5hcYAAF2G0="},"lastRemoteEphemeralKey":"BR/VFE9MbPpIuA9GAz8BPmXa5Ni4QmE9EqYl4cVYSO4l","previousCounter":0,"rootKey":"zQ/QHEW1d3w8qVcW5aSb01noI34LGSg+zFzWjnRKYn8="},"indexInfo":{"baseKey":"BVUQPduQZms+WoIiHLq5jaVmxq6LCpzf8dwSMaZVgyh4","baseKeyType":1,"closed":1686180714051,"used":1686180711823,"created":1686180711823,"remoteIdentityKey":"BcJDqueGKxs0eHFEUCwzcnSxbjjHtXpIrrcF3Dxd0MMB"},"_chains":{"Bd4ef5EafDH1UPd7P89qoLZ/FawczLzr7URuvK5gBB4n":{"chainKey":{"counter":0,"key":"SUk5TYH6GxethnK3Rzpy7aB8Kn6UoamnS+T7mc8N14o="},"chainType":1,"messageKeys":{}}},"pendingPreKey":{"signedKeyId":8,"baseKey":"BVUQPduQZms+WoIiHLq5jaVmxq6LCpzf8dwSMaZVgyh4","preKeyId":8745068}},"BRy4oJIw1QkXpHBLlYVxRh8g+chAfMCiTuibCKvlZxZa":{"registrationId":933532492,"currentRatchet":{"ephemeralKeyPair":{"pubKey":"Bd4aGOqXIdqQLo5EONe8n+NbkvSi3bsMvmKseD0IsYwU","privKey":"0NorB96qjaISEQz2pcdLV658K2ZjzUvPAmVDwDlYf08="},"lastRemoteEphemeralKey":"BR/VFE9MbPpIuA9GAz8BPmXa5Ni4QmE9EqYl4cVYSO4l","previousCounter":0,"rootKey":"gvNk6BrBjZOH2s3xbD6LqDtm5JyhTgpz191SWkVI/u0="},"indexInfo":{"baseKey":"BRy4oJIw1QkXpHBLlYVxRh8g+chAfMCiTuibCKvlZxZa","baseKeyType":1,"closed":-1,"used":1686180713978,"created":1686180713978,"remoteIdentityKey":"BcJDqueGKxs0eHFEUCwzcnSxbjjHtXpIrrcF3Dxd0MMB"},"_chains":{"Bd4aGOqXIdqQLo5EONe8n+NbkvSi3bsMvmKseD0IsYwU":{"chainKey":{"counter":0,"key":"G2bI9nEQJfqnd73dVYHAjTPEMpjRW/HYeVznqn6G9Wo="},"chainType":1,"messageKeys":{}}},"pendingPreKey":{"signedKeyId":8,"baseKey":"BRy4oJIw1QkXpHBLlYVxRh8g+chAfMCiTuibCKvlZxZa","preKeyId":8744497}}},"version":"v1"}