{"_sessions":{"BYSGsMNCbxM8PpmDQomkjzbTfwgFn0g8NtwpZbyc1JJT":{"registrationId":1857462994,"currentRatchet":{"ephemeralKeyPair":{"pubKey":"BSc1HL+PahGs2I6Xd9QEI+19axrfyfogJ0PCa9Qh5q9y","privKey":"ODoFPCeT7UGwfik52j7LYwNIxae5LIj2qp5DFMTlJ2E="},"lastRemoteEphemeralKey":"BSKMRpIoPaohQJCv2Fyxb4jMK/Q8G9ZzovKl8bRgL3kn","previousCounter":0,"rootKey":"EYDZaTstNV8BhOqnV69fkNsLCrarJ0N5amCHs4jRhmw="},"indexInfo":{"baseKey":"BYSGsMNCbxM8PpmDQomkjzbTfwgFn0g8NtwpZbyc1JJT","baseKeyType":1,"closed":1686184275293,"used":1686184275261,"created":1686184275261,"remoteIdentityKey":"BTuw5FwvtuG+1qB7u9xaeowI9sJUdj/TJoS/8HK1dghN"},"_chains":{"BSc1HL+PahGs2I6Xd9QEI+19axrfyfogJ0PCa9Qh5q9y":{"chainKey":{"counter":0,"key":"0GuF2Azf9thg/S9Bqbzz8hGwBHoEFv0YMUiLonQrJ0o="},"chainType":1,"messageKeys":{}}},"pendingPreKey":{"signedKeyId":0,"baseKey":"BYSGsMNCbxM8PpmDQomkjzbTfwgFn0g8NtwpZbyc1JJT","preKeyId":466711}},"BUVVOoY0P0Ci8X7yNMNrx7+1tGvI084OEqucSmC7/XYa":{"registrationId":1857462994,"currentRatchet":{"ephemeralKeyPair":{"pubKey":"BauVT1CxKZ5CQlIn2sfx5xPNOEIeYj3Uy6YYFsJEHtoa","privKey":"qLJHeR/VEROONLvqj8ShOQPGQsBRm4WoqSe5GS+WeE0="},"lastRemoteEphemeralKey":"BSKMRpIoPaohQJCv2Fyxb4jMK/Q8G9ZzovKl8bRgL3kn","previousCounter":0,"rootKey":"gZW7p6dDCOFCUxNm17pubbSJVanqpmA1UCAeqhnKyj0="},"indexInfo":{"baseKey":"BUVVOoY0P0Ci8X7yNMNrx7+1tGvI084OEqucSmC7/XYa","baseKeyType":1,"closed":-1,"used":1686184275288,"created":1686184275288,"remoteIdentityKey":"BTuw5FwvtuG+1qB7u9xaeowI9sJUdj/TJoS/8HK1dghN"},"_chains":{"BauVT1CxKZ5CQlIn2sfx5xPNOEIeYj3Uy6YYFsJEHtoa":{"chainKey":{"counter":0,"key":"zxZ02IKRUCjFsCASAHaz3eNvTbPtwYel71oQmMwJ5oU="},"chainType":1,"messageKeys":{}}},"pendingPreKey":{"signedKeyId":0,"baseKey":"BUVVOoY0P0Ci8X7yNMNrx7+1tGvI084OEqucSmC7/XYa","preKeyId":466410}}},"version":"v1"}