{"_sessions":{"Bc6Mct4se/vLoaU5ydeH670vJ7gvFFFqdaNOecacHj9Y":{"registrationId":671180788,"currentRatchet":{"ephemeralKeyPair":{"pubKey":"BfHNS4KKTyte+10LUIjT7ah4Cc5ESrB0Co46AVXH2vIL","privKey":"uH97TtXYjjjCs/60Jxj88J+32SglOUmBUwrrerAbB2A="},"lastRemoteEphemeralKey":"BT6jHWATzsu0yxveMjF+/lnocX4ggH6KeYlXm84lFEw8","previousCounter":0,"rootKey":"W8izB6M4iV1Hoxbq2nEr27JEGHH/6rt0innbzECXIHs="},"indexInfo":{"baseKey":"Bc6Mct4se/vLoaU5ydeH670vJ7gvFFFqdaNOecacHj9Y","baseKeyType":2,"closed":-1,"used":1686274826103,"created":1686274826103,"remoteIdentityKey":"BVbpL4uy8mRItdJCjfKc8B6rP1+7m71tDNN5Eio+QBMd"},"_chains":{"BT6jHWATzsu0yxveMjF+/lnocX4ggH6KeYlXm84lFEw8":{"chainKey":{"counter":0,"key":"X78l1ludDNws9ZqZk0QhVScCzZoToJdLJIcvJDj26Hs="},"chainType":2,"messageKeys":{}},"BfHNS4KKTyte+10LUIjT7ah4Cc5ESrB0Co46AVXH2vIL":{"chainKey":{"counter":-1,"key":"xCRnb1tEvlbU8EsSID9eTW7QOIRu9u4kuYufeFtVeWQ="},"chainType":1,"messageKeys":{}}}}},"version":"v1"}