{"_sessions":{"BfdCqPhr8HkpK01byIQau28s26A9/bfq6/il4wwqa/tv":{"registrationId":1317647351,"currentRatchet":{"ephemeralKeyPair":{"pubKey":"BS2e9WLHvq5W3rbNNMBynPQglg2HPWAkkAtEEP6RqF5d","privKey":"MKHmPbP5SN85JtJH3XSZkLh9nny7yOeRr3lKCL1xOkg="},"lastRemoteEphemeralKey":"BfWu0FdBHXr6PMvu/eFGPxc3wR/Uvj72BBOSOL+uH018","previousCounter":0,"rootKey":"8hwmx31TAtoCd1AeyTpp7gjKK1lIirOkf/G6F1k5dUY="},"indexInfo":{"baseKey":"BfdCqPhr8HkpK01byIQau28s26A9/bfq6/il4wwqa/tv","baseKeyType":2,"closed":-1,"used":1686212021391,"created":1686212021391,"remoteIdentityKey":"BRinfVt7zv9nGq0MN0Xr/qOG5i4GsUZcxmWKY5wC7F4L"},"_chains":{"BfWu0FdBHXr6PMvu/eFGPxc3wR/Uvj72BBOSOL+uH018":{"chainKey":{"counter":1,"key":"ifJ0zOrNaLXH6Ke4oxiObxvJz3+xOJYO5vFihul+l2s="},"chainType":2,"messageKeys":{}},"BS2e9WLHvq5W3rbNNMBynPQglg2HPWAkkAtEEP6RqF5d":{"chainKey":{"counter":-1,"key":"nPrCKVgNOGSxGY+qdCXmbkHgVYL0xbL5RCvjGEzaRnw="},"chainType":1,"messageKeys":{}}}}},"version":"v1"}