{"_sessions":{"Ba9HlqWK4VtEexVjygkuvby53hsgZJ1xYOD/Rw+dCDMG":{"registrationId":549439095,"currentRatchet":{"ephemeralKeyPair":{"pubKey":"BfXPPNRbu/xEcYeNlorZLCs32Vv6VOSHO9lOZljTexFT","privKey":"eAanOTmmWMp7IDPsc1Avh/VOMdvhMXYod75uwCF+qWg="},"lastRemoteEphemeralKey":"BYEMoq4PNyfR4KjymlsjkpnVv2HaVXKaSMmTIglrkgcA","previousCounter":0,"rootKey":"hX55dCde+VDzmO5+myB9WvpA4QK1vzntec6vJfAg2Jg="},"indexInfo":{"baseKey":"Ba9HlqWK4VtEexVjygkuvby53hsgZJ1xYOD/Rw+dCDMG","baseKeyType":1,"closed":1686180714049,"used":1686180711413,"created":1686180711413,"remoteIdentityKey":"BRlNZ1RPu+oDbXbMBjFWSo7f4HeGlNNPqwVhab1nRA1K"},"_chains":{"BfXPPNRbu/xEcYeNlorZLCs32Vv6VOSHO9lOZljTexFT":{"chainKey":{"counter":0,"key":"3z+3s/EuBHn7KVGdNK0hH7oWoQqMtxYCAeNWpSpNWSE="},"chainType":1,"messageKeys":{}}},"pendingPreKey":{"signedKeyId":2,"baseKey":"Ba9HlqWK4VtEexVjygkuvby53hsgZJ1xYOD/Rw+dCDMG","preKeyId":8570815}},"BWZGqQ5eISqb80o/IczSiO/TBbAk8C9GPjfxY6R3iKof":{"registrationId":549439095,"currentRatchet":{"ephemeralKeyPair":{"pubKey":"BaQoIK0yjBupBaLxtFmAWNWkWX/lxZU4Yxylq/WWZ1ML","privKey":"8PWr8lFq6ODk8s/44MI41+RbUinHayvoEpTXcnYy00U="},"lastRemoteEphemeralKey":"BYEMoq4PNyfR4KjymlsjkpnVv2HaVXKaSMmTIglrkgcA","previousCounter":0,"rootKey":"bmiv5wnndYFb18eZxBNyEaXuHw1Hdz5AXJYBgaIoRxM="},"indexInfo":{"baseKey":"BWZGqQ5eISqb80o/IczSiO/TBbAk8C9GPjfxY6R3iKof","baseKeyType":1,"closed":-1,"used":1686180713370,"created":1686180713370,"remoteIdentityKey":"BRlNZ1RPu+oDbXbMBjFWSo7f4HeGlNNPqwVhab1nRA1K"},"_chains":{"BaQoIK0yjBupBaLxtFmAWNWkWX/lxZU4Yxylq/WWZ1ML":{"chainKey":{"counter":0,"key":"R5Pc3ba9HFngb/d0M7dOJwbuJOAM2D/cHCxMbt36SAs="},"chainType":1,"messageKeys":{}}},"pendingPreKey":{"signedKeyId":2,"baseKey":"BWZGqQ5eISqb80o/IczSiO/TBbAk8C9GPjfxY6R3iKof","preKeyId":8570795}}},"version":"v1"}