{"_sessions":{"BQpme1UGW9/xwqgX01Vi/gVqRLpNGxsMKJGWheXK6vBj":{"registrationId":1282379718,"currentRatchet":{"ephemeralKeyPair":{"pubKey":"BWwRhE/k39xnhX5p51US9U03snxwZofCm+L3VwprMCEE","privKey":"KB/ZlBxi9VAOXkC1sdP+QaI2qNZ4SYuQzhVCoHJ8kkw="},"lastRemoteEphemeralKey":"Ba+eMINwOxni3bE61gfBCyarL54jwt1xsDmu2zWeAaF3","previousCounter":0,"rootKey":"sdS9NJNHBMx6Mkb+Nkt1DxR2m5Jf5VVQTyG41efoc/A="},"indexInfo":{"baseKey":"BQpme1UGW9/xwqgX01Vi/gVqRLpNGxsMKJGWheXK6vBj","baseKeyType":1,"closed":1686180714048,"used":1686180711354,"created":1686180711354,"remoteIdentityKey":"BeKJzEdNjKF1ff94jeMSk/bwOzlMAkNjcbdzkwQSdINA"},"_chains":{"BWwRhE/k39xnhX5p51US9U03snxwZofCm+L3VwprMCEE":{"chainKey":{"counter":0,"key":"YkCJl5koULS7v+gP4h/n1Slmo8wBQHPjzTKmzLIJ2S4="},"chainType":1,"messageKeys":{}}},"pendingPreKey":{"signedKeyId":6080660,"baseKey":"BQpme1UGW9/xwqgX01Vi/gVqRLpNGxsMKJGWheXK6vBj","preKeyId":1076}},"BWxZhrc7bUoeJ3WTjDMj2bMfemFP7X85FvIk7gXrn+Jq":{"registrationId":1282379718,"currentRatchet":{"ephemeralKeyPair":{"pubKey":"BX9+rYbsk9eXwHlCfjjWv1eYT6tQFgJ9vooBjvRaOAsU","privKey":"2Oxu6uwcLGtwlY0MO1n7JTK5qXliQn5Iy6ofMWkTcGk="},"lastRemoteEphemeralKey":"Ba+eMINwOxni3bE61gfBCyarL54jwt1xsDmu2zWeAaF3","previousCounter":0,"rootKey":"VQUi44i93g0a9EmkKFxyiCjDVb5GVu2G3gFn9W110o0="},"indexInfo":{"baseKey":"BWxZhrc7bUoeJ3WTjDMj2bMfemFP7X85FvIk7gXrn+Jq","baseKeyType":1,"closed":-1,"used":1686180713307,"created":1686180713307,"remoteIdentityKey":"BeKJzEdNjKF1ff94jeMSk/bwOzlMAkNjcbdzkwQSdINA"},"_chains":{"BX9+rYbsk9eXwHlCfjjWv1eYT6tQFgJ9vooBjvRaOAsU":{"chainKey":{"counter":0,"key":"b+B8IGp/vuvMQqEMgXvv5I9TOI6W86UCRx+jMFDLb5A="},"chainType":1,"messageKeys":{}}},"pendingPreKey":{"signedKeyId":6080660,"baseKey":"BWxZhrc7bUoeJ3WTjDMj2bMfemFP7X85FvIk7gXrn+Jq","preKeyId":1026}}},"version":"v1"}