{"_sessions":{"BUM104G+Dtf8U7MWwsy+QYWoeIw5EIbSNe1lmj9GuOkQ":{"registrationId":1990402591,"currentRatchet":{"ephemeralKeyPair":{"pubKey":"BSylq5s1AGd06QgefTfImY19yB7PeVSuBlRU7HjwNnJ1","privKey":"UCpZYOkiFGdefiPmZ/x9+oxuHsYs+Xi/ZHU7v0FCQXE="},"lastRemoteEphemeralKey":"BT63/I37gUmB6hYVxd65PhFtVRkPVqXy9IDwIBFP1kxJ","previousCounter":0,"rootKey":"Eomle4Jq21QIpESxR5D/Fr8pktxFVCZlsXhWOKiHCdw="},"indexInfo":{"baseKey":"BUM104G+Dtf8U7MWwsy+QYWoeIw5EIbSNe1lmj9GuOkQ","baseKeyType":1,"closed":1686180714050,"used":1686180711742,"created":1686180711742,"remoteIdentityKey":"BQY5nJY4qNMlTBWfUQ6NZZ4PJd+dvVqDVz58IXLiovJg"},"_chains":{"BSylq5s1AGd06QgefTfImY19yB7PeVSuBlRU7HjwNnJ1":{"chainKey":{"counter":0,"key":"dP2MPG721ODLOx/VbZIJuOVN1hozmKY58m5RfGtZgck="},"chainType":1,"messageKeys":{}}},"pendingPreKey":{"signedKeyId":1,"baseKey":"BUM104G+Dtf8U7MWwsy+QYWoeIw5EIbSNe1lmj9GuOkQ","preKeyId":13662444}},"BVZ2zgDZnqu59CrYNhT/+Jw0Hei8jmkMRmdcOKCO/J1L":{"registrationId":1990402591,"currentRatchet":{"ephemeralKeyPair":{"pubKey":"BWLMFeKd/UslwsBiOD0C3QKoRm1JTmiEuiiBGTlSIUhj","privKey":"AExwvBUCafaYv4BUwcEGOxzV/Yyzeah+wnXllVxaxGM="},"lastRemoteEphemeralKey":"BT63/I37gUmB6hYVxd65PhFtVRkPVqXy9IDwIBFP1kxJ","previousCounter":0,"rootKey":"i1/XV7oXlzFe3Vl1nZbi9yDtHNR4kzF/7exorMKt8K4="},"indexInfo":{"baseKey":"BVZ2zgDZnqu59CrYNhT/+Jw0Hei8jmkMRmdcOKCO/J1L","baseKeyType":1,"closed":-1,"used":1686180713789,"created":1686180713789,"remoteIdentityKey":"BQY5nJY4qNMlTBWfUQ6NZZ4PJd+dvVqDVz58IXLiovJg"},"_chains":{"BWLMFeKd/UslwsBiOD0C3QKoRm1JTmiEuiiBGTlSIUhj":{"chainKey":{"counter":0,"key":"MVoMrI7IHYzD9C86h93lV7vEZrc3+vseCw6SHccUIjY="},"chainType":1,"messageKeys":{}}},"pendingPreKey":{"signedKeyId":1,"baseKey":"BVZ2zgDZnqu59CrYNhT/+Jw0Hei8jmkMRmdcOKCO/J1L","preKeyId":13662464}}},"version":"v1"}