{"_sessions":{"Bfh7pMXCc+2cN5F017c6oQy9dMv71VlGAyg1Ugcd2a9c":{"registrationId":569901118,"currentRatchet":{"ephemeralKeyPair":{"pubKey":"BdaTieAKlTGI+IbIM5sFtlIOluWYl6AAC7K0yleceVhq","privKey":"kG+KYvOycoLIM6MDkw2JHwcLOf/PrgHiwagolwK7V0s="},"lastRemoteEphemeralKey":"BTnezRr29nWyjoE+62K/laWPMrPEZOnKTkaSzsnBEJxz","previousCounter":0,"rootKey":"tK5K/o5k8HjXSdfk8RA7jOH03lg5I8Qsl+pULvWMwCg="},"indexInfo":{"baseKey":"Bfh7pMXCc+2cN5F017c6oQy9dMv71VlGAyg1Ugcd2a9c","baseKeyType":2,"closed":-1,"used":1686199509539,"created":1686199509539,"remoteIdentityKey":"BXUgufaUqA69niYkfmW81/BC1ld30fs3RX3AfcWfOlEh"},"_chains":{"BTnezRr29nWyjoE+62K/laWPMrPEZOnKTkaSzsnBEJxz":{"chainKey":{"counter":4,"key":"ZjOlscLCin7uOKmYj33qTmt8CdpFQ9GFwuO8HNm7YuQ="},"chainType":2,"messageKeys":{}},"BdaTieAKlTGI+IbIM5sFtlIOluWYl6AAC7K0yleceVhq":{"chainKey":{"counter":-1,"key":"YsCEjBmzY2UHjlnEEzgNGYW6+oyWLfSxZOg/Nl7im+A="},"chainType":1,"messageKeys":{}}}}},"version":"v1"}