{"_sessions":{"BfRlMYA9ZyXAO2DVJ7mckO6rZma6Z9tqzscUC/VYRZMG":{"registrationId":793983811,"currentRatchet":{"ephemeralKeyPair":{"pubKey":"BfEEalcaRHlWTRJOMn4V25/9zhWD2JHUedIq8e0dLqlO","privKey":"8H1ob7lO5pVtjZbtMTklgRCXve6P+UFBnPgmpQ25J1E="},"lastRemoteEphemeralKey":"BaiBYMbXrUWYbeH8+aCNDPzTlUllg1hceR1oat4eFtMb","previousCounter":0,"rootKey":"RtlG7koFEmPpvloVnwE7gAayJoN71rdavsgHOeh1WVo="},"indexInfo":{"baseKey":"BfRlMYA9ZyXAO2DVJ7mckO6rZma6Z9tqzscUC/VYRZMG","baseKeyType":1,"closed":1686180714048,"used":1686180711393,"created":1686180711393,"remoteIdentityKey":"BQSxr5qPVQl9u4HraQiiAqqC3fHnMfEP5ifOyT4JBlE9"},"_chains":{"BfEEalcaRHlWTRJOMn4V25/9zhWD2JHUedIq8e0dLqlO":{"chainKey":{"counter":0,"key":"kvLnCnbzkI5eqgSJ/yIhVxt2tgYoBxQ4Ump6AM4mb6g="},"chainType":1,"messageKeys":{}}},"pendingPreKey":{"signedKeyId":3,"baseKey":"BfRlMYA9ZyXAO2DVJ7mckO6rZma6Z9tqzscUC/VYRZMG","preKeyId":15321794}},"BbP/GO7xaLLJ1m7tp8u5IbxnLg0cW/SAuXviBUKY7SU6":{"registrationId":793983811,"currentRatchet":{"ephemeralKeyPair":{"pubKey":"BWypAXkKi3ZFVFz0NUAt6mOaVdLji1HtnPZuvg/iKfZw","privKey":"GFCtkqTNw2e+tzDnVGf5vF6Qwo8UIuMJs5Nm1EcOdUE="},"lastRemoteEphemeralKey":"BaiBYMbXrUWYbeH8+aCNDPzTlUllg1hceR1oat4eFtMb","previousCounter":0,"rootKey":"gUcTeXYK4opHcMy2lJnXiYWbjEF3QrG5OHhhqiKkXbo="},"indexInfo":{"baseKey":"BbP/GO7xaLLJ1m7tp8u5IbxnLg0cW/SAuXviBUKY7SU6","baseKeyType":1,"closed":-1,"used":1686180713351,"created":1686180713351,"remoteIdentityKey":"BQSxr5qPVQl9u4HraQiiAqqC3fHnMfEP5ifOyT4JBlE9"},"_chains":{"BWypAXkKi3ZFVFz0NUAt6mOaVdLji1HtnPZuvg/iKfZw":{"chainKey":{"counter":0,"key":"afj8U/LuCX0Vf471gJ6pmcSCYzlsLpchBupN5GAfRRc="},"chainType":1,"messageKeys":{}}},"pendingPreKey":{"signedKeyId":3,"baseKey":"BbP/GO7xaLLJ1m7tp8u5IbxnLg0cW/SAuXviBUKY7SU6","preKeyId":15321775}}},"version":"v1"}