{"_sessions":{"BYrTx93PE9NupyL5TPnbvr+15Jcxevpfdanl8mZ8xs4U":{"registrationId":888058274,"currentRatchet":{"ephemeralKeyPair":{"pubKey":"BfYyvqxj/w5GM9NkZPvUKa51RKncPlxzSPiYoUT5sidi","privKey":"oH9JtUZPqQyugAUH/tT8ZeAs6IlnYfk0J0jkUP6mf0o="},"lastRemoteEphemeralKey":"BYiJxg0vTASQ2Nuw+8dImzK9wqPOmQIIVlvah9WMjON1","previousCounter":0,"rootKey":"3RqiSDEncylkhAi0tALco9VsurxKFQN8ZPBucKmgpVE="},"indexInfo":{"baseKey":"BYrTx93PE9NupyL5TPnbvr+15Jcxevpfdanl8mZ8xs4U","baseKeyType":1,"closed":1686180714050,"used":1686180711693,"created":1686180711693,"remoteIdentityKey":"BVT7cbywEUzPmRPM4mvQHBOoVsvnA+kd9Pqe12bMj8FJ"},"_chains":{"BfYyvqxj/w5GM9NkZPvUKa51RKncPlxzSPiYoUT5sidi":{"chainKey":{"counter":0,"key":"ex2+tFV9xy7lVJQA0kd0SbzwpRs+WTqoOlH5RXPf8jc="},"chainType":1,"messageKeys":{}}},"pendingPreKey":{"signedKeyId":5,"baseKey":"BYrTx93PE9NupyL5TPnbvr+15Jcxevpfdanl8mZ8xs4U","preKeyId":2367098}},"BX2pjV/iQnrBfhNnbt/jlrQAiqNnS9aRa6TXCkJ7gdNW":{"registrationId":888058274,"currentRatchet":{"ephemeralKeyPair":{"pubKey":"Bdog28YctB3w+GI24ZCc6kclwujUU9w2qIomQCJZLWBq","privKey":"QHwRc1ZwEhLC3U/AzLVfxsAve5zNnToJz65mBo7ZLGU="},"lastRemoteEphemeralKey":"BYiJxg0vTASQ2Nuw+8dImzK9wqPOmQIIVlvah9WMjON1","previousCounter":0,"rootKey":"NrN1071JHIK17sOcIJ0wVY0a2ap+Lle0B8QptMpKJ7A="},"indexInfo":{"baseKey":"BX2pjV/iQnrBfhNnbt/jlrQAiqNnS9aRa6TXCkJ7gdNW","baseKeyType":1,"closed":-1,"used":1686180713693,"created":1686180713693,"remoteIdentityKey":"BVT7cbywEUzPmRPM4mvQHBOoVsvnA+kd9Pqe12bMj8FJ"},"_chains":{"Bdog28YctB3w+GI24ZCc6kclwujUU9w2qIomQCJZLWBq":{"chainKey":{"counter":0,"key":"tL4tQ/dLSn4BPVoGaTDVJtDCJqmrzQ5khTsNAPGDN+Y="},"chainType":1,"messageKeys":{}}},"pendingPreKey":{"signedKeyId":5,"baseKey":"BX2pjV/iQnrBfhNnbt/jlrQAiqNnS9aRa6TXCkJ7gdNW","preKeyId":2367190}}},"version":"v1"}