{"_sessions":{"BTUNqmeC2n++i9GYuImd01ZcIY4uIliU+XhB1aJqkm4O":{"registrationId":271586839,"currentRatchet":{"ephemeralKeyPair":{"pubKey":"Bc2IxHWkWAy+QyRGqUeXh7+1yoRGaJjcTSLlGOLRGH1Z","privKey":"kKobe+h9GsC/6ZYQif0FkQGVVEU75p4vbIiL/JDYUWU="},"lastRemoteEphemeralKey":"BaY4NAIGTY6Ez4TeWrwVtQu7ENJx3uw2Ex1GmwJ/BB8f","previousCounter":0,"rootKey":"2U11yIiPTx/cO7IaaMjSv/Zr8uYeE2hi5dbEydOQxTc="},"indexInfo":{"baseKey":"BTUNqmeC2n++i9GYuImd01ZcIY4uIliU+XhB1aJqkm4O","baseKeyType":1,"closed":1686180714050,"used":1686180711634,"created":1686180711634,"remoteIdentityKey":"BUkP0iN1GIZhxawhGAAJyCVPIHcQMCSfG3+F+hq3yu5B"},"_chains":{"Bc2IxHWkWAy+QyRGqUeXh7+1yoRGaJjcTSLlGOLRGH1Z":{"chainKey":{"counter":0,"key":"11n7/mYZjd/M640mnMKXQFQf9P6qF+LOjthkgbc7MJ8="},"chainType":1,"messageKeys":{}}},"pendingPreKey":{"signedKeyId":0,"baseKey":"BTUNqmeC2n++i9GYuImd01ZcIY4uIliU+XhB1aJqkm4O","preKeyId":5120902}},"BfIaVMMkdzxvucUBz8vIko7y+5xw8WTq3g5D1a/dQGAV":{"registrationId":271586839,"currentRatchet":{"ephemeralKeyPair":{"pubKey":"BWswcaHjIoQ/60Bhbwx2xLkZkHphS3TMFqnRPu9zF8VX","privKey":"4Paj1U+7qcqPQx4rJqkDG8CmOct4somj4n4glxTmyl0="},"lastRemoteEphemeralKey":"BaY4NAIGTY6Ez4TeWrwVtQu7ENJx3uw2Ex1GmwJ/BB8f","previousCounter":0,"rootKey":"nJQxlrewQoKDfCcLdx0+g+DBvF7tIYMFqKBy8r8XWN8="},"indexInfo":{"baseKey":"BfIaVMMkdzxvucUBz8vIko7y+5xw8WTq3g5D1a/dQGAV","baseKeyType":1,"closed":-1,"used":1686180713553,"created":1686180713553,"remoteIdentityKey":"BUkP0iN1GIZhxawhGAAJyCVPIHcQMCSfG3+F+hq3yu5B"},"_chains":{"BWswcaHjIoQ/60Bhbwx2xLkZkHphS3TMFqnRPu9zF8VX":{"chainKey":{"counter":0,"key":"+mTwSEAPGmwW0iqH8qWrwQNVoCzzk+sRUF+bWeRrapg="},"chainType":1,"messageKeys":{}}},"pendingPreKey":{"signedKeyId":0,"baseKey":"BfIaVMMkdzxvucUBz8vIko7y+5xw8WTq3g5D1a/dQGAV","preKeyId":5120819}}},"version":"v1"}