{"_sessions":{"BVqHYzxVgQL1Wpj3rpKGy1HEcLQRj3fn/bW9nRblOjIs":{"registrationId":1407369117,"currentRatchet":{"ephemeralKeyPair":{"pubKey":"BRMmKNr7+FluBvEFI2++afSjBtmx+Cus5jaCQA7jmF5R","privKey":"eApJobvwxIJ4F6pXGsQ9DI/aJlJS55Cpkz2kgTuPymM="},"lastRemoteEphemeralKey":"BSuUHIvvC0WSd76Dv6wr/b0F3+ZejPg8JVXKfgM4nhBB","previousCounter":0,"rootKey":"WpfdargU9DmSvUt9H64OIeEof32+WSOLZDT3q3Xqk0A="},"indexInfo":{"baseKey":"BVqHYzxVgQL1Wpj3rpKGy1HEcLQRj3fn/bW9nRblOjIs","baseKeyType":1,"closed":1686180714049,"used":1686180711430,"created":1686180711430,"remoteIdentityKey":"BRaNApc0JDgNG7NUuNMFz+cCNoTgGqCW9iXS9R690GM2"},"_chains":{"BRMmKNr7+FluBvEFI2++afSjBtmx+Cus5jaCQA7jmF5R":{"chainKey":{"counter":0,"key":"zDt9B356LgFPtmS9XI2C+YU8TYfo9+EP/pqoVN440W0="},"chainType":1,"messageKeys":{}}},"pendingPreKey":{"signedKeyId":8,"baseKey":"BVqHYzxVgQL1Wpj3rpKGy1HEcLQRj3fn/bW9nRblOjIs"}},"BTJW3PDb9/Mx6niAei+PeVwEznLt/Rg8RQRoDIc95UFN":{"registrationId":1407369117,"currentRatchet":{"ephemeralKeyPair":{"pubKey":"BQTFFiAf/0gXPBeDxA+udj+mVcAkQq16esQa65dDSwJn","privKey":"sJj+uqm7zYkhjt3EluKIzDDR+Cm7/EAnuDPETU3yHV8="},"lastRemoteEphemeralKey":"BSuUHIvvC0WSd76Dv6wr/b0F3+ZejPg8JVXKfgM4nhBB","previousCounter":0,"rootKey":"/qN6ue1LZT2U3SBzISvTX4dP6jSSy5yLKo3XeL46qwY="},"indexInfo":{"baseKey":"BTJW3PDb9/Mx6niAei+PeVwEznLt/Rg8RQRoDIc95UFN","baseKeyType":1,"closed":-1,"used":1686180713382,"created":1686180713382,"remoteIdentityKey":"BRaNApc0JDgNG7NUuNMFz+cCNoTgGqCW9iXS9R690GM2"},"_chains":{"BQTFFiAf/0gXPBeDxA+udj+mVcAkQq16esQa65dDSwJn":{"chainKey":{"counter":0,"key":"bnPaOA7NpUVNgLbWtZ8GYPi8yfosBBcvqSMcq/fcZsM="},"chainType":1,"messageKeys":{}}},"pendingPreKey":{"signedKeyId":8,"baseKey":"BTJW3PDb9/Mx6niAei+PeVwEznLt/Rg8RQRoDIc95UFN"}}},"version":"v1"}