{"_sessions":{"BQu2Vhn5nDNykWelBRQPGadmGC+9e/eOUao1DzNMRMJr":{"registrationId":1159898371,"currentRatchet":{"ephemeralKeyPair":{"pubKey":"BXikxw2j0+eHDbiRwvh4UgZ+It6GxIVlS5muhXcflgpY","privKey":"uHx9tTiloFDOTel2dr+63zaPcLi+/tWtyvnYZAPG8lI="},"lastRemoteEphemeralKey":"Bdjxa20L1ccPJGlJvQ9i3lGHL6zyEVbEy+cKOerAHjtE","previousCounter":0,"rootKey":"G3LBIRZ7utIPrs6MGPdQHjUe+HBgSKfDgWZJg076Khg="},"indexInfo":{"baseKey":"BQu2Vhn5nDNykWelBRQPGadmGC+9e/eOUao1DzNMRMJr","baseKeyType":1,"closed":1686180714049,"used":1686180711552,"created":1686180711552,"remoteIdentityKey":"BW3yIwQ+baSXF+kZgEwXuUBkdNWsDMbVkGt/UQp7xR57"},"_chains":{"BXikxw2j0+eHDbiRwvh4UgZ+It6GxIVlS5muhXcflgpY":{"chainKey":{"counter":0,"key":"vk7YJJzpaBcEYgvAY0ZzuwNEypHLN3lS7lKP1zGusVY="},"chainType":1,"messageKeys":{}}},"pendingPreKey":{"signedKeyId":0,"baseKey":"BQu2Vhn5nDNykWelBRQPGadmGC+9e/eOUao1DzNMRMJr"}},"BXRq/00bcoTQEiLHUqcfR3gfluaoG52uCkVP/E5hgFJ6":{"registrationId":1159898371,"currentRatchet":{"ephemeralKeyPair":{"pubKey":"BTDFWKgPlOBlARZP/ZITr+aAPuRrhvEqZsWB3EjlUpJ8","privKey":"sB2sEPonm41Bu6YWFvk/QNT0PhJ8D1U3seDEw1d5pmM="},"lastRemoteEphemeralKey":"Bdjxa20L1ccPJGlJvQ9i3lGHL6zyEVbEy+cKOerAHjtE","previousCounter":0,"rootKey":"BCsi9lKvx/YmZvcIJd6TUwRdEaSlLG5qdkK/cxm16Ng="},"indexInfo":{"baseKey":"BXRq/00bcoTQEiLHUqcfR3gfluaoG52uCkVP/E5hgFJ6","baseKeyType":1,"closed":-1,"used":1686180713483,"created":1686180713483,"remoteIdentityKey":"BW3yIwQ+baSXF+kZgEwXuUBkdNWsDMbVkGt/UQp7xR57"},"_chains":{"BTDFWKgPlOBlARZP/ZITr+aAPuRrhvEqZsWB3EjlUpJ8":{"chainKey":{"counter":0,"key":"/8Nb2FZQhLNrIiqn12yUJd+iYU2/23VVHNZMqM99h9M="},"chainType":1,"messageKeys":{}}},"pendingPreKey":{"signedKeyId":0,"baseKey":"BXRq/00bcoTQEiLHUqcfR3gfluaoG52uCkVP/E5hgFJ6"}}},"version":"v1"}