{"_sessions":{"BThzp57BEhej4TAdB2HiQw8/0Ch+/BLYyjS1F1i3LsQz":{"registrationId":1818959511,"currentRatchet":{"ephemeralKeyPair":{"pubKey":"BXtkGiz+cho3FbJCZ/Bymskfl3JbESYfvjOrxSGJrQY9","privKey":"sFPwFrwUmTQZMQexk9k4bh41EaCyvtb3lsJrvdyVP1s="},"lastRemoteEphemeralKey":"BZF0slZ0m4Cvj17bG12WdoDy8Nrzski4epi7c8Jh1aQu","previousCounter":0,"rootKey":"tyHcyOVHM3jbwXwSZEI5tCr5m2nsRhHb4QfJj5aVl7g="},"indexInfo":{"baseKey":"BThzp57BEhej4TAdB2HiQw8/0Ch+/BLYyjS1F1i3LsQz","baseKeyType":1,"closed":1686180714050,"used":1686180711641,"created":1686180711641,"remoteIdentityKey":"BTH29auINKq02dk1f4Ihk1NVoYczTFt/tHGoY+DeH2UQ"},"_chains":{"BXtkGiz+cho3FbJCZ/Bymskfl3JbESYfvjOrxSGJrQY9":{"chainKey":{"counter":0,"key":"3dBSx4QyzMWMLdz9BFGxrRTKe66oZV0q2mI2vt+koC8="},"chainType":1,"messageKeys":{}}},"pendingPreKey":{"signedKeyId":0,"baseKey":"BThzp57BEhej4TAdB2HiQw8/0Ch+/BLYyjS1F1i3LsQz","preKeyId":7951371}},"BXQ5h9qXDr0PaiHqtg9ycl25W3xuNe3+/UjkAjKvC1YA":{"registrationId":1818959511,"currentRatchet":{"ephemeralKeyPair":{"pubKey":"BXifzWtFqO7iBobOyrpDRwv3p17epeGVto8tQLuejjsL","privKey":"kK6ZfeGLO8k+9b7/SPX6Vq8j7QLF+Jc56sYecl/Otmo="},"lastRemoteEphemeralKey":"BZF0slZ0m4Cvj17bG12WdoDy8Nrzski4epi7c8Jh1aQu","previousCounter":0,"rootKey":"dijjc0fcjzulGklNCqch4ypQTKZDzi1p6pAbnvi3izw="},"indexInfo":{"baseKey":"BXQ5h9qXDr0PaiHqtg9ycl25W3xuNe3+/UjkAjKvC1YA","baseKeyType":1,"closed":-1,"used":1686180713560,"created":1686180713560,"remoteIdentityKey":"BTH29auINKq02dk1f4Ihk1NVoYczTFt/tHGoY+DeH2UQ"},"_chains":{"BXifzWtFqO7iBobOyrpDRwv3p17epeGVto8tQLuejjsL":{"chainKey":{"counter":0,"key":"YuPfdfP+ZThyc3upOjHOiEFjyubTiuKQxGRwLczxRLY="},"chainType":1,"messageKeys":{}}},"pendingPreKey":{"signedKeyId":0,"baseKey":"BXQ5h9qXDr0PaiHqtg9ycl25W3xuNe3+/UjkAjKvC1YA","preKeyId":7951432}}},"version":"v1"}