{"_sessions":{"BdKcjLBi1uVTCkEWOlZNa3m25FzjWLORQZKt+FH0UmM2":{"registrationId":1011352735,"currentRatchet":{"ephemeralKeyPair":{"pubKey":"BZ0+inuWrqmMFev/l0Mf1zupFI5TxUarRWAHIRgyo5Jx","privKey":"8BgOZYab81RRtcfEUBuJWmOyp+XZkxyNEFavRc+NuUQ="},"lastRemoteEphemeralKey":"BU6TF2K9wdDWzOS/VLDueNRMKHljcJWzUfO4qeC3GHZv","previousCounter":0,"rootKey":"G47gFYd7IG0Csi5PJ6XelSdYbcxdZIX8ug5MO73DVms="},"indexInfo":{"baseKey":"BdKcjLBi1uVTCkEWOlZNa3m25FzjWLORQZKt+FH0UmM2","baseKeyType":1,"closed":1686180714049,"used":1686180711595,"created":1686180711595,"remoteIdentityKey":"BY/2oux0NFOzZamOGrmdwd0Paf78WYdJW87i4DQQjzsd"},"_chains":{"BZ0+inuWrqmMFev/l0Mf1zupFI5TxUarRWAHIRgyo5Jx":{"chainKey":{"counter":0,"key":"zit4gJks0CaN4XVVJOMzxxhiFiFSfxRyqaU5HWFJ2MI="},"chainType":1,"messageKeys":{}}},"pendingPreKey":{"signedKeyId":13,"baseKey":"BdKcjLBi1uVTCkEWOlZNa3m25FzjWLORQZKt+FH0UmM2","preKeyId":709443}},"BbR4t8giki6olQq3yMQrkbC+mfN/fbko3lREIDUREOpm":{"registrationId":1011352735,"currentRatchet":{"ephemeralKeyPair":{"pubKey":"BQKxizHkpH4nTfPwOh57+slf05J6RdsLnYDn/sLNkcFA","privKey":"qI2kwB3/sAfLiIEOBL0Hu2Wo6wzcmV+iBdpyhe9DVW0="},"lastRemoteEphemeralKey":"BU6TF2K9wdDWzOS/VLDueNRMKHljcJWzUfO4qeC3GHZv","previousCounter":0,"rootKey":"/OBku2BCv2Xry7s2EHx0mIaJ7r/a/IYE12xvohnyE70="},"indexInfo":{"baseKey":"BbR4t8giki6olQq3yMQrkbC+mfN/fbko3lREIDUREOpm","baseKeyType":1,"closed":-1,"used":1686180713521,"created":1686180713521,"remoteIdentityKey":"BY/2oux0NFOzZamOGrmdwd0Paf78WYdJW87i4DQQjzsd"},"_chains":{"BQKxizHkpH4nTfPwOh57+slf05J6RdsLnYDn/sLNkcFA":{"chainKey":{"counter":0,"key":"dCDnli+GoRRNnrsHzSo18yR3188cJkXn98IIiKRmf+M="},"chainType":1,"messageKeys":{}}},"pendingPreKey":{"signedKeyId":13,"baseKey":"BbR4t8giki6olQq3yMQrkbC+mfN/fbko3lREIDUREOpm","preKeyId":710128}}},"version":"v1"}