{"_sessions":{"BZ43NCoWehBcd9Hg9cAafO7PxC68DtidH5M+v0OtiTRs":{"registrationId":952468534,"currentRatchet":{"ephemeralKeyPair":{"pubKey":"BR5sK8SqweMZ74HEb1RLX+fw0y/NqNa8v2OjKXRgqUcT","privKey":"0Hxdyvic1s1s0UCCV9h2XeQPc/k1xGrRsO3Elq8DGEE="},"lastRemoteEphemeralKey":"BUIoYyIehCplyK0I0+rrJhAYJkG4BdYE83xjWuqw5jEZ","previousCounter":0,"rootKey":"4kjI/DDw/jofgMvV/A+aYm36sToZnSo8SkN0Ji4e3sU="},"indexInfo":{"baseKey":"BZ43NCoWehBcd9Hg9cAafO7PxC68DtidH5M+v0OtiTRs","baseKeyType":1,"closed":1686180714050,"used":1686180711703,"created":1686180711703,"remoteIdentityKey":"BRjF7JMus58146GtCKuGuyQ+OVXb4Kj07Hdd4A47BvJz"},"_chains":{"BR5sK8SqweMZ74HEb1RLX+fw0y/NqNa8v2OjKXRgqUcT":{"chainKey":{"counter":0,"key":"TiPv+f3bTcZsiLUcpw8UGaBkHr+pUDAzqCzc0x/xrBo="},"chainType":1,"messageKeys":{}}},"pendingPreKey":{"signedKeyId":1,"baseKey":"BZ43NCoWehBcd9Hg9cAafO7PxC68DtidH5M+v0OtiTRs","preKeyId":15233179}},"BfGZlmpdmDx0gqLujJEZt4SF2lvzuwsrYVLmLZN/QZo8":{"registrationId":952468534,"currentRatchet":{"ephemeralKeyPair":{"pubKey":"BSSIF+iVXp0GmKmrxZ19Xssh1Psa2kPcYY0iDpshLwdw","privKey":"yMi/eUwAVOd/dSqe+S9shiOfIeHVWliZBC0h/H/+WGQ="},"lastRemoteEphemeralKey":"BUIoYyIehCplyK0I0+rrJhAYJkG4BdYE83xjWuqw5jEZ","previousCounter":0,"rootKey":"Me7WnrZO4iEC7+0sRBB91R13LyqxXwDSOk6c3JrNIwI="},"indexInfo":{"baseKey":"BfGZlmpdmDx0gqLujJEZt4SF2lvzuwsrYVLmLZN/QZo8","baseKeyType":1,"closed":-1,"used":1686180713716,"created":1686180713716,"remoteIdentityKey":"BRjF7JMus58146GtCKuGuyQ+OVXb4Kj07Hdd4A47BvJz"},"_chains":{"BSSIF+iVXp0GmKmrxZ19Xssh1Psa2kPcYY0iDpshLwdw":{"chainKey":{"counter":0,"key":"0fFRj9eThCUQo81ey4nHG+KnE5Wb3TxnQu8/oifvz2E="},"chainType":1,"messageKeys":{}}},"pendingPreKey":{"signedKeyId":1,"baseKey":"BfGZlmpdmDx0gqLujJEZt4SF2lvzuwsrYVLmLZN/QZo8","preKeyId":15233192}}},"version":"v1"}