{"_sessions":{"BY5pVUhc70pH3tCRSqdTkNv/ta9REnHi3LAOLcgXK7ZG":{"registrationId":209021649,"currentRatchet":{"ephemeralKeyPair":{"pubKey":"BdeHhwNhhW7Cg93W63YMDO9NkVJKw/W3AKX1OlYwIycZ","privKey":"+ECIPvaPpJBnHJ9+8DCDfofc5aLA3NovU6EhGrmJoX4="},"lastRemoteEphemeralKey":"BeQ2XnUmlZwMpz6N7cn+5lKK0auAqyjgd3HnlBWo7poV","previousCounter":0,"rootKey":"vwNa9/SMjWJrTrLmUQOtzSqxUCD8ujR559KdOAZgqkA="},"indexInfo":{"baseKey":"BY5pVUhc70pH3tCRSqdTkNv/ta9REnHi3LAOLcgXK7ZG","baseKeyType":1,"closed":1686180714049,"used":1686180711548,"created":1686180711548,"remoteIdentityKey":"BfAkUf46uvdUOJW44RnTsccqTTVhA9hnL+DGtXdqmhNG"},"_chains":{"BdeHhwNhhW7Cg93W63YMDO9NkVJKw/W3AKX1OlYwIycZ":{"chainKey":{"counter":0,"key":"PNbfsvZs83tR7Y8b1ON5JXY6ez9Gwv8SpcL2FMEgAHc="},"chainType":1,"messageKeys":{}}},"pendingPreKey":{"signedKeyId":0,"baseKey":"BY5pVUhc70pH3tCRSqdTkNv/ta9REnHi3LAOLcgXK7ZG"}},"BYVhgkU2Csuv9Z6QhX7KTnOushOtfMth5LQRi/zmZBFb":{"registrationId":209021649,"currentRatchet":{"ephemeralKeyPair":{"pubKey":"BUR/DhjRleRP8sVi5qwT/1RcB+0bEt5Ubq61Wg/czotS","privKey":"0IG6KtS+MA1RG5/W3cf5Kxx2KyCdX2Uq0np9/YJovG8="},"lastRemoteEphemeralKey":"BeQ2XnUmlZwMpz6N7cn+5lKK0auAqyjgd3HnlBWo7poV","previousCounter":0,"rootKey":"41YI6EHEo+R1tL0Lfd69KFgxrroL8gV4rKVmGyWJH+c="},"indexInfo":{"baseKey":"BYVhgkU2Csuv9Z6QhX7KTnOushOtfMth5LQRi/zmZBFb","baseKeyType":1,"closed":-1,"used":1686180713481,"created":1686180713481,"remoteIdentityKey":"BfAkUf46uvdUOJW44RnTsccqTTVhA9hnL+DGtXdqmhNG"},"_chains":{"BUR/DhjRleRP8sVi5qwT/1RcB+0bEt5Ubq61Wg/czotS":{"chainKey":{"counter":0,"key":"mef/Tcf5khZdMbt71DwDOs+pYahKQrDPv+RmR20NbZA="},"chainType":1,"messageKeys":{}}},"pendingPreKey":{"signedKeyId":0,"baseKey":"BYVhgkU2Csuv9Z6QhX7KTnOushOtfMth5LQRi/zmZBFb"}}},"version":"v1"}