{"_sessions":{"BfRTZO1KAonTfBlVAMaVSk5ELGPkVP9iiu8UP0jxIBNH":{"registrationId":1793096134,"currentRatchet":{"ephemeralKeyPair":{"pubKey":"BaiRrOdeB041G79D0yaN/zLEonU8E/idKSqQBCuqWHos","privKey":"kJGUDiDYPh4yQAvLNJoerQmQHflKKgfMsZnHAFncAm4="},"lastRemoteEphemeralKey":"BfYafnFFtxnOE/3B23FHdYMJvB0r5gwcwW3bmdozdv5Q","previousCounter":0,"rootKey":"DB+BWuk65UNpzZCW+2j7cf0KjIdgbZmIsl1mUJk3xWw="},"indexInfo":{"baseKey":"BfRTZO1KAonTfBlVAMaVSk5ELGPkVP9iiu8UP0jxIBNH","baseKeyType":1,"closed":1686180714050,"used":1686180711638,"created":1686180711638,"remoteIdentityKey":"BUwfyuW3OfnbjW5xlkxtdC1OG38vI/fzuyxFyUL91EQQ"},"_chains":{"BaiRrOdeB041G79D0yaN/zLEonU8E/idKSqQBCuqWHos":{"chainKey":{"counter":0,"key":"dwl4XDHTDIq5bAV0Mi2BT8FYNtP09JroRWrrwzNy93E="},"chainType":1,"messageKeys":{}}},"pendingPreKey":{"signedKeyId":3,"baseKey":"BfRTZO1KAonTfBlVAMaVSk5ELGPkVP9iiu8UP0jxIBNH","preKeyId":7768053}},"BUTDUnCyCWuwpJstdrOjLAU46ZRU0Tb0nAt49slKh44J":{"registrationId":1793096134,"currentRatchet":{"ephemeralKeyPair":{"pubKey":"BZQgYP1gP1Zniwf66qCAhqVgva9JsW8g2AsKRAcW4C5a","privKey":"GP/ze0jPvzYN+szgf/GihSE1gGRzgeUGHMkudhVgBnQ="},"lastRemoteEphemeralKey":"BfYafnFFtxnOE/3B23FHdYMJvB0r5gwcwW3bmdozdv5Q","previousCounter":0,"rootKey":"5Kq5zi1wB3nL4uVz6yNAc5Ykp09tyDmXWhk43d/2VNI="},"indexInfo":{"baseKey":"BUTDUnCyCWuwpJstdrOjLAU46ZRU0Tb0nAt49slKh44J","baseKeyType":1,"closed":-1,"used":1686180713556,"created":1686180713556,"remoteIdentityKey":"BUwfyuW3OfnbjW5xlkxtdC1OG38vI/fzuyxFyUL91EQQ"},"_chains":{"BZQgYP1gP1Zniwf66qCAhqVgva9JsW8g2AsKRAcW4C5a":{"chainKey":{"counter":0,"key":"R6g5vv2iANoySb0hfE1DDqwKc66hx2rHVFYEnp+M2W0="},"chainType":1,"messageKeys":{}}},"pendingPreKey":{"signedKeyId":3,"baseKey":"BUTDUnCyCWuwpJstdrOjLAU46ZRU0Tb0nAt49slKh44J","preKeyId":7767689}}},"version":"v1"}