{"_sessions":{"BeOhBH+Fk2KfVNSKHiykfoNdgvS3C5TsOiZFKjhIiFNy":{"registrationId":1292623825,"currentRatchet":{"ephemeralKeyPair":{"pubKey":"Bdp3QAdOQtXxqIgUKPbKybD4j++jpQDsctr9IroK82cH","privKey":"eIeIVb+Rz6FfH1A0BSLekCROHqr3XA0danKQFPJVk3E="},"lastRemoteEphemeralKey":"Bee3/CYMPFfmWd4F4aAg3O+r1GHgGUrKMt+QtgjnI6Ia","previousCounter":0,"rootKey":"brJoslz/S+VhvfGx660haQf6gF7u13M5+P4fc610Cvg="},"indexInfo":{"baseKey":"BeOhBH+Fk2KfVNSKHiykfoNdgvS3C5TsOiZFKjhIiFNy","baseKeyType":1,"closed":1686180714049,"used":1686180711440,"created":1686180711440,"remoteIdentityKey":"BRNYr4S+rwWYJnvcEKXjSD2Ik0Jai8DIme/an+grfWU7"},"_chains":{"Bdp3QAdOQtXxqIgUKPbKybD4j++jpQDsctr9IroK82cH":{"chainKey":{"counter":0,"key":"CDISkzOuuzvAusq7sihMt86Y2icS1VBFe80QLXJURho="},"chainType":1,"messageKeys":{}}},"pendingPreKey":{"signedKeyId":5,"baseKey":"BeOhBH+Fk2KfVNSKHiykfoNdgvS3C5TsOiZFKjhIiFNy"}},"BRwaicdgjVuGI53CtkBlH9TMarcQjlfkDPi5vTmmSJU3":{"registrationId":1292623825,"currentRatchet":{"ephemeralKeyPair":{"pubKey":"BUJC/niI1MbBphmcPJPS/1RkstMzFluJ0iSCQUsQoSNz","privKey":"8MsF1bcEJCYQuWSfmqm2zjh49eADmoz/AGiKyvVi+Vs="},"lastRemoteEphemeralKey":"Bee3/CYMPFfmWd4F4aAg3O+r1GHgGUrKMt+QtgjnI6Ia","previousCounter":0,"rootKey":"2MkIixDa1NSNVsjw+AyZQl85RwvqH7morbUmubf9hVA="},"indexInfo":{"baseKey":"BRwaicdgjVuGI53CtkBlH9TMarcQjlfkDPi5vTmmSJU3","baseKeyType":1,"closed":-1,"used":1686180713388,"created":1686180713388,"remoteIdentityKey":"BRNYr4S+rwWYJnvcEKXjSD2Ik0Jai8DIme/an+grfWU7"},"_chains":{"BUJC/niI1MbBphmcPJPS/1RkstMzFluJ0iSCQUsQoSNz":{"chainKey":{"counter":0,"key":"PgmG3TQLEmhJhJ0TuaRwEWOiKKZFRYvk7q1C7hQU7j0="},"chainType":1,"messageKeys":{}}},"pendingPreKey":{"signedKeyId":5,"baseKey":"BRwaicdgjVuGI53CtkBlH9TMarcQjlfkDPi5vTmmSJU3"}}},"version":"v1"}