{"_sessions":{"Bdh9mugjYrlKRmQnN5YVms2ScCDLQNtSqR1ZVHdXlatJ":{"registrationId":544016664,"currentRatchet":{"ephemeralKeyPair":{"pubKey":"Bd2C3aqShiLdaDjianjgx5rHxoUJQ2VqhFIcLOGSPjVz","privKey":"eJlChcZUfwjlKmwyYYmBg0PzTNOVRInQ8WT3CFry9GA="},"lastRemoteEphemeralKey":"BbRCqPOmmaH1psPhZeL1Be935rUSEe6bCZtorE3fippU","previousCounter":0,"rootKey":"fKCrWg2cpwiGzYwC25dt8VWw2AmoG/9Ayc+S+kjKi0g="},"indexInfo":{"baseKey":"Bdh9mugjYrlKRmQnN5YVms2ScCDLQNtSqR1ZVHdXlatJ","baseKeyType":2,"closed":-1,"used":1686290109416,"created":1686290109416,"remoteIdentityKey":"BXf2c2maaVFcJz6AwADiImO94tHfRG0XNJ2AtMQWm2xh"},"_chains":{"BbRCqPOmmaH1psPhZeL1Be935rUSEe6bCZtorE3fippU":{"chainKey":{"counter":1,"key":"eEWLEJnveVIjgDnzVmFV6vg+oS/+JHlWCLRSkjgojEM="},"chainType":2,"messageKeys":{}},"Bd2C3aqShiLdaDjianjgx5rHxoUJQ2VqhFIcLOGSPjVz":{"chainKey":{"counter":-1,"key":"f+FSTm+LzsN8ei/oGxJEZhcClfjdWgUF/CFcC/QewCo="},"chainType":1,"messageKeys":{}}}}},"version":"v1"}