{"_sessions":{"BZqfl6Ddey3ZqvynfKH5c/U1hDwU1d5t7fQfzb+nu/Jc":{"registrationId":1944741065,"currentRatchet":{"ephemeralKeyPair":{"pubKey":"BbrciLQ2eNDX8ss7ZUx1AFssgAyvLg95Bjwgyv1F6hdb","privKey":"aCCAman6vOC/VKhebiWADzN/YGje8uZzfHTiPjZ3CUs="},"lastRemoteEphemeralKey":"BdEh+nPTa4P5CTDeDZfiOpz5w4fbt+pbQawFI9ILQnVe","previousCounter":0,"rootKey":"rqyhwY1JVGzpPzje/LVc73usX9lO8676mNY5fEOQ9FI="},"indexInfo":{"baseKey":"BZqfl6Ddey3ZqvynfKH5c/U1hDwU1d5t7fQfzb+nu/Jc","baseKeyType":1,"closed":1686180714048,"used":1686180711369,"created":1686180711369,"remoteIdentityKey":"BdHF2SJwvcSgS1yqpEPBBbhVK7A3N+GiS74CbMETrZwI"},"_chains":{"BbrciLQ2eNDX8ss7ZUx1AFssgAyvLg95Bjwgyv1F6hdb":{"chainKey":{"counter":0,"key":"73Xa3kygmpylw6RDGn+XXhTLQ328nI1a2DSSZnS4a5Y="},"chainType":1,"messageKeys":{}}},"pendingPreKey":{"signedKeyId":1,"baseKey":"BZqfl6Ddey3ZqvynfKH5c/U1hDwU1d5t7fQfzb+nu/Jc","preKeyId":3571839}},"BeL/7N8ALv4JnmH9pn6QBLvf3CbF7/Vax3fA7sqAQDQW":{"registrationId":1944741065,"currentRatchet":{"ephemeralKeyPair":{"pubKey":"BZWFarb4DQqwlJvvjVN6Ys1wsE8c5+8gGUJPXVHkOJRd","privKey":"GDkvIlsVdpL/lpQ8fqc5sAW9pLV1YItTi2UMZSkKPGI="},"lastRemoteEphemeralKey":"BdEh+nPTa4P5CTDeDZfiOpz5w4fbt+pbQawFI9ILQnVe","previousCounter":0,"rootKey":"8oysdKGTZzr5E3QXhJSv59uDnQAt8BjdOlt+BzAY+lM="},"indexInfo":{"baseKey":"BeL/7N8ALv4JnmH9pn6QBLvf3CbF7/Vax3fA7sqAQDQW","baseKeyType":1,"closed":-1,"used":1686180713326,"created":1686180713326,"remoteIdentityKey":"BdHF2SJwvcSgS1yqpEPBBbhVK7A3N+GiS74CbMETrZwI"},"_chains":{"BZWFarb4DQqwlJvvjVN6Ys1wsE8c5+8gGUJPXVHkOJRd":{"chainKey":{"counter":0,"key":"602J+9b59Lm0ZE7XnSfyxp9w4n9rkBvTzTuh6vWv1Xg="},"chainType":1,"messageKeys":{}}},"pendingPreKey":{"signedKeyId":1,"baseKey":"BeL/7N8ALv4JnmH9pn6QBLvf3CbF7/Vax3fA7sqAQDQW","preKeyId":3571513}}},"version":"v1"}