{"_sessions":{"BeeRl2xr/j35RqjpctPkbkOeKALN2XjRoQZEuBmA1e9m":{"registrationId":1548701232,"currentRatchet":{"ephemeralKeyPair":{"pubKey":"BTqSbXfrlJXT/KounAna9MX5PEwbgwOWP2chPcxSpk03","privKey":"iPbuZ0ixnXfl+00/Q4Y9gdy+0Aq0Sch9OOvLhhX8Clc="},"lastRemoteEphemeralKey":"BTy+UAB+m9au7pN/vPgrdM9GEskYgT0g6yO994y5jpUT","previousCounter":0,"rootKey":"f35ngkzJrBAc8SAB5kPg8cYksfZL2hyQL7eGDOAlpaM="},"indexInfo":{"baseKey":"BeeRl2xr/j35RqjpctPkbkOeKALN2XjRoQZEuBmA1e9m","baseKeyType":2,"closed":-1,"used":1686209498039,"created":1686209498039,"remoteIdentityKey":"BVwp0wrEtqxCb7DtpwxSOzNxeMgrBzR0YNUoOXg1dAlo"},"_chains":{"BTy+UAB+m9au7pN/vPgrdM9GEskYgT0g6yO994y5jpUT":{"chainKey":{"counter":4,"key":"Vq4pnFOOMa9H8KDsrY4DMf5SiFbWEY+mVuEnCDIKcug="},"chainType":2,"messageKeys":{}},"BTqSbXfrlJXT/KounAna9MX5PEwbgwOWP2chPcxSpk03":{"chainKey":{"counter":-1,"key":"1/JjG0ziMUvM4DA6xnMwjlapV+LH8QOFVh5vgGWdMlY="},"chainType":1,"messageKeys":{}}}}},"version":"v1"}