{"_sessions":{"BRaQtNYUgSQfQe9Cr6CDqiJqWBX3R8mFbhuyMOpPd1l9":{"registrationId":122,"currentRatchet":{"ephemeralKeyPair":{"pubKey":"Bcic2iLlrJdsTQzc2bwGSPtpAZQ/7z9sBulU6fhNSM95","privKey":"qGXooWXUJXKUgWEwbjBWJ/q1U+vVmIa1W0wGFcQWElQ="},"lastRemoteEphemeralKey":"BV6kfIH7B+gPIfmDD5LC36PMTDLSBB7LA4E5uOve9MZ5","previousCounter":0,"rootKey":"dNyTbiTVoDTpfAueQC//3lAi3RmdyPVF1NxNDsnUIsg="},"indexInfo":{"baseKey":"BRaQtNYUgSQfQe9Cr6CDqiJqWBX3R8mFbhuyMOpPd1l9","baseKeyType":1,"closed":1686180714048,"used":1686180711300,"created":1686180711300,"remoteIdentityKey":"BeUjLPYUdDh4OmsaS2dhnQFHBwFt47nX4AlBpVioy+xE"},"_chains":{"Bcic2iLlrJdsTQzc2bwGSPtpAZQ/7z9sBulU6fhNSM95":{"chainKey":{"counter":0,"key":"LVXiMfC6KbHDXV+/MSUPnDfOYChs7nf6ZkZDxCg5+Z8="},"chainType":1,"messageKeys":{}}},"pendingPreKey":{"signedKeyId":1,"baseKey":"BRaQtNYUgSQfQe9Cr6CDqiJqWBX3R8mFbhuyMOpPd1l9"}},"Bfl4AIGAKTUXuVecS3+yEfAK6QRAXli18DHtSBWNTxIc":{"registrationId":122,"currentRatchet":{"ephemeralKeyPair":{"pubKey":"BUVrrXH1mGjyrmIKsxweaipV2/0783QVKVRtf56UYCUh","privKey":"CMKQAyFVp4L0nXINxZOrGBuZXcoApdfQ/n7GP89jaV8="},"lastRemoteEphemeralKey":"BV6kfIH7B+gPIfmDD5LC36PMTDLSBB7LA4E5uOve9MZ5","previousCounter":0,"rootKey":"/FY9l1Ny7WLQkKvGgktHlNcGVmPHkkKqqqZOvNTeAxo="},"indexInfo":{"baseKey":"Bfl4AIGAKTUXuVecS3+yEfAK6QRAXli18DHtSBWNTxIc","baseKeyType":1,"closed":-1,"used":1686180713254,"created":1686180713254,"remoteIdentityKey":"BeUjLPYUdDh4OmsaS2dhnQFHBwFt47nX4AlBpVioy+xE"},"_chains":{"BUVrrXH1mGjyrmIKsxweaipV2/0783QVKVRtf56UYCUh":{"chainKey":{"counter":0,"key":"u3YAYH/kWFmcIU0ryOwDAwPPP7z628YuAtEGT2w+JC0="},"chainType":1,"messageKeys":{}}},"pendingPreKey":{"signedKeyId":1,"baseKey":"Bfl4AIGAKTUXuVecS3+yEfAK6QRAXli18DHtSBWNTxIc"}}},"version":"v1"}