{"_sessions":{"BcEr7YTUHKhaMU6penwop4sZg+De7lA+uafSMkQqX0RU":{"registrationId":312689525,"currentRatchet":{"ephemeralKeyPair":{"pubKey":"BZENiCi8J9z/oZLbnV9vLHdHQpXFjk9ORmr8qjQVLOkW","privKey":"QAVd+zNmOL4b0okWk1mb+ec/FJkE6c4WaMPSXFTi9kM="},"lastRemoteEphemeralKey":"Bb/UMc22SL+xWsp/zW42SiIf5yE3b7UYOBAGOhEuIfJn","previousCounter":0,"rootKey":"iI2p0kkVMBx6DtMIbHMUJr3fwb9GmYiby/nlRWmA9JA="},"indexInfo":{"baseKey":"BcEr7YTUHKhaMU6penwop4sZg+De7lA+uafSMkQqX0RU","baseKeyType":2,"closed":-1,"used":1686189131211,"created":1686189131211,"remoteIdentityKey":"BY7+r1tSAcw/xun3JlntGZL3zg91s/R0cnHdMbmV/TFn"},"_chains":{"Bb/UMc22SL+xWsp/zW42SiIf5yE3b7UYOBAGOhEuIfJn":{"chainKey":{"counter":4,"key":"B69GcedoeWR7H1/vQ9VSZbPqWAdHGPslnvRsco1Zhpo="},"chainType":2,"messageKeys":{}},"BZENiCi8J9z/oZLbnV9vLHdHQpXFjk9ORmr8qjQVLOkW":{"chainKey":{"counter":-1,"key":"duQD61ZTKFKx8HYotJPIYQaLK7CI+D81cDgPuJEFRsg="},"chainType":1,"messageKeys":{}}}}},"version":"v1"}