{"_sessions":{"BVaFUKnXHubq3iTmRjhpxUHFRpCmPdWGTBlzWln6EwRx":{"registrationId":571568924,"currentRatchet":{"ephemeralKeyPair":{"pubKey":"BQIi+sTWU7VQsBOmmKblfPq4tOAqseGOIy/5HCed3o91","privKey":"ANL+rhh9CIrraUNIQIfJ+GP0pSfrECjPGfVkK0UBznw="},"lastRemoteEphemeralKey":"BdrxMLDfXhaI8iT05lBVcIRfMaCRA67ZU35rh1WvzTM5","previousCounter":0,"rootKey":"8HEFCYuNOm//rZUaqsY7RBBgzeXDl46t7TRFoZ3TsCM="},"indexInfo":{"baseKey":"BVaFUKnXHubq3iTmRjhpxUHFRpCmPdWGTBlzWln6EwRx","baseKeyType":2,"closed":-1,"used":1686212500563,"created":1686212500563,"remoteIdentityKey":"BcKop5ZBIKr2uODyM9fRDpbu4/27K4FQvNk9J7qjyLII"},"_chains":{"BdrxMLDfXhaI8iT05lBVcIRfMaCRA67ZU35rh1WvzTM5":{"chainKey":{"counter":1,"key":"5vtTg2TC6nsHpr2KBYXBczCU/T4ZXNEYpusxInDmvlA="},"chainType":2,"messageKeys":{}},"BQIi+sTWU7VQsBOmmKblfPq4tOAqseGOIy/5HCed3o91":{"chainKey":{"counter":-1,"key":"z/RMZHrMcuL8neE3W5g2DldZ/yzsZQh2vUc74s1Z6SU="},"chainType":1,"messageKeys":{}}}}},"version":"v1"}