{"_sessions":{"BV0bvoRX6af3XkLEs+Ut1ecLDC5xTI94JRbCsdyULQxs":{"registrationId":1091710068,"currentRatchet":{"ephemeralKeyPair":{"pubKey":"BQv8wliB2DZ3mJX2w6JCSDyRhJIk497MdQUuT5ibtjYf","privKey":"+FCN66Kwf9Mo0xdV30jmu9P06aMYdTFjiQ77OnAzw0w="},"lastRemoteEphemeralKey":"BaGf8RCnjIrY6Od3+qJKnH/CLv16zLYloOt1wP5n424E","previousCounter":0,"rootKey":"n/DUjseOgDiQs4dE9UJtiEI9BTuAYXZ2aBV1USrTazg="},"indexInfo":{"baseKey":"BV0bvoRX6af3XkLEs+Ut1ecLDC5xTI94JRbCsdyULQxs","baseKeyType":1,"closed":1686180714050,"used":1686180711725,"created":1686180711725,"remoteIdentityKey":"BTHA78bquqf7rDX0gH0xVXDs77NS5Y44v4wT3r/KX04i"},"_chains":{"BQv8wliB2DZ3mJX2w6JCSDyRhJIk497MdQUuT5ibtjYf":{"chainKey":{"counter":0,"key":"PcEcNYMrZ3KvIcxZWHIi/ky9w4XQsNO52axwyx9whCA="},"chainType":1,"messageKeys":{}}},"pendingPreKey":{"signedKeyId":1,"baseKey":"BV0bvoRX6af3XkLEs+Ut1ecLDC5xTI94JRbCsdyULQxs","preKeyId":2071546}},"BYieT+ZI/IItp/hgKfW+fYKjndDvRXGvYa/tmJKbaZNi":{"registrationId":1091710068,"currentRatchet":{"ephemeralKeyPair":{"pubKey":"BcTEzm74S6KEXfU0dzmd8XMkUcwe9liNLEj9KdO8XMM3","privKey":"eNLZ1l7i8m52+Ragnl1fdHS8uUx+gswNGGHvGHhH3lE="},"lastRemoteEphemeralKey":"BfqvcOC5SAvCI9/IL1VjfmmIbMjNAC6sE4fDwDgxT857","previousCounter":0,"rootKey":"1CJWld52/zftlouW9KEJOY28hxTWvCfIvahE49+S1Nc="},"indexInfo":{"baseKey":"BYieT+ZI/IItp/hgKfW+fYKjndDvRXGvYa/tmJKbaZNi","baseKeyType":1,"closed":-1,"used":1686294678259,"created":1686180713758,"remoteIdentityKey":"BTHA78bquqf7rDX0gH0xVXDs77NS5Y44v4wT3r/KX04i"},"_chains":{"BfqvcOC5SAvCI9/IL1VjfmmIbMjNAC6sE4fDwDgxT857":{"chainKey":{"counter":0,"key":"tF41CW3smBPOFY+KrIenOU2kMW7o0tAxR9Y82MPeiu0="},"chainType":2,"messageKeys":{}},"BcTEzm74S6KEXfU0dzmd8XMkUcwe9liNLEj9KdO8XMM3":{"chainKey":{"counter":-1,"key":"qAj9zVad6opfqZ33olaYQY+6Y4XRON4aJh9UPete19Y="},"chainType":1,"messageKeys":{}}}}},"version":"v1"}