{"_sessions":{"BZgJd3/STjCrWDQU14DEyUwunZKTAVPkexfxL69uv793":{"registrationId":412395587,"currentRatchet":{"ephemeralKeyPair":{"pubKey":"BRuaKr/kuYXJuwCBK2VGdbQhn4nwwjYRxcFrtKgLLZQ5","privKey":"0M++10XntWtHO4vOkNdtEbW3/bhQZnEi/PR2KkSJOW0="},"lastRemoteEphemeralKey":"BU8GQijxUMBMbMbMzv/DrA7L+VVy4tDSNxM1eYy06PBe","previousCounter":0,"rootKey":"74bMzHE9qvei52c7MSxV4Sj7r6Wtq6ifs7zmYa32ivI="},"indexInfo":{"baseKey":"BZgJd3/STjCrWDQU14DEyUwunZKTAVPkexfxL69uv793","baseKeyType":1,"closed":1686180714049,"used":1686180711436,"created":1686180711436,"remoteIdentityKey":"Bdg4QiTi6vGWVgoA5Mhrbkf3pYGpcIioJypIo/bUTowz"},"_chains":{"BRuaKr/kuYXJuwCBK2VGdbQhn4nwwjYRxcFrtKgLLZQ5":{"chainKey":{"counter":0,"key":"aVAcEwyKu5X8JXbsjcQrNybIFKU7qNFyKleu4X1YZ2o="},"chainType":1,"messageKeys":{}}},"pendingPreKey":{"signedKeyId":5,"baseKey":"BZgJd3/STjCrWDQU14DEyUwunZKTAVPkexfxL69uv793","preKeyId":879319}},"BbWEheJyc9O/yZ+n6dBDpYcbgTOGQKDgVIBuNvf2VN1P":{"registrationId":412395587,"currentRatchet":{"ephemeralKeyPair":{"pubKey":"BQIMVPuc9zrLrQY7UmbUkN9sStJG5+Mmx5z9mLqFYUlk","privKey":"cOxul417x0Tjdh/6g4Kb/JYuv+njjO7lnbjJKLknanc="},"lastRemoteEphemeralKey":"BU8GQijxUMBMbMbMzv/DrA7L+VVy4tDSNxM1eYy06PBe","previousCounter":0,"rootKey":"9oNz7z9tveAue8vJU6ymnRFqE7kaZrM+gJ4ni5lqAQo="},"indexInfo":{"baseKey":"BbWEheJyc9O/yZ+n6dBDpYcbgTOGQKDgVIBuNvf2VN1P","baseKeyType":1,"closed":-1,"used":1686180713385,"created":1686180713385,"remoteIdentityKey":"Bdg4QiTi6vGWVgoA5Mhrbkf3pYGpcIioJypIo/bUTowz"},"_chains":{"BQIMVPuc9zrLrQY7UmbUkN9sStJG5+Mmx5z9mLqFYUlk":{"chainKey":{"counter":0,"key":"RdUCt0NLwp+pkvawN1nWk7/vERKpO0AFgGgbNTHgCwk="},"chainType":1,"messageKeys":{}}},"pendingPreKey":{"signedKeyId":5,"baseKey":"BbWEheJyc9O/yZ+n6dBDpYcbgTOGQKDgVIBuNvf2VN1P","preKeyId":879393}}},"version":"v1"}