{"_sessions":{"Bawteu30Dz3vg0m1LqdyfkXg2JEkYDKsXRBX4cB8eUhf":{"registrationId":1491562826,"currentRatchet":{"ephemeralKeyPair":{"pubKey":"BXiT+HtJ+kviaPvZe7Gq2ynC6RePTrYT6oC/QC0dsG5K","privKey":"IIi2X7n20um+QbmTa61mUcYtZLFy6bcYMlfqynuWaHA="},"lastRemoteEphemeralKey":"BcJ27sxlyw15Qn3lm/ngZlxHwfLxYWWh1iUj7vLrSUEF","previousCounter":0,"rootKey":"e+3e5WcDLu+hAuQbV8Gco+iwBYpqjMauhQYF1+GNvOU="},"indexInfo":{"baseKey":"Bawteu30Dz3vg0m1LqdyfkXg2JEkYDKsXRBX4cB8eUhf","baseKeyType":1,"closed":1686180714049,"used":1686180711445,"created":1686180711445,"remoteIdentityKey":"BT7gPdD7jy1qzmRLNIWAlFVyfGsB70JPoICj77SJg5Q+"},"_chains":{"BXiT+HtJ+kviaPvZe7Gq2ynC6RePTrYT6oC/QC0dsG5K":{"chainKey":{"counter":0,"key":"0K0CrojUg+5rgM3jI/sEvXM+lT0C+xOy4oymcf2ytJ8="},"chainType":1,"messageKeys":{}}},"pendingPreKey":{"signedKeyId":0,"baseKey":"Bawteu30Dz3vg0m1LqdyfkXg2JEkYDKsXRBX4cB8eUhf","preKeyId":1370626}},"BXBiG7EJ7oL5S6o28+kDnInKzDwpTICPH3er0Vd1jhEk":{"registrationId":1491562826,"currentRatchet":{"ephemeralKeyPair":{"pubKey":"BVyO5O6d9paVXrYFabooHSGuaMxxeHFywhrDVUICeRQ8","privKey":"GECsbjBRJXkJzwRQWSGc2iO4wpYJjNdIazhNAL2i1HY="},"lastRemoteEphemeralKey":"BcJ27sxlyw15Qn3lm/ngZlxHwfLxYWWh1iUj7vLrSUEF","previousCounter":0,"rootKey":"TBffJifhNSUkHE07dCELB5ShABn2E2TKHXwc+lT4k8s="},"indexInfo":{"baseKey":"BXBiG7EJ7oL5S6o28+kDnInKzDwpTICPH3er0Vd1jhEk","baseKeyType":1,"closed":-1,"used":1686180713392,"created":1686180713392,"remoteIdentityKey":"BT7gPdD7jy1qzmRLNIWAlFVyfGsB70JPoICj77SJg5Q+"},"_chains":{"BVyO5O6d9paVXrYFabooHSGuaMxxeHFywhrDVUICeRQ8":{"chainKey":{"counter":0,"key":"Y1bcBy3bi0DznDLtZf7rHok5K4xVUsm3agOEEes3bRo="},"chainType":1,"messageKeys":{}}},"pendingPreKey":{"signedKeyId":0,"baseKey":"BXBiG7EJ7oL5S6o28+kDnInKzDwpTICPH3er0Vd1jhEk","preKeyId":1370600}}},"version":"v1"}