{"_sessions":{"BdGcl7n0OYrOkHw3wW17161DKu3U/tWshntLwQ1LdDcY":{"registrationId":818798949,"currentRatchet":{"ephemeralKeyPair":{"pubKey":"BVZHl1JFLI/AqHoz0SHI+o9u9kn75sVm471e/pCI5j1W","privKey":"4K74ZOzRorAaLN4MN8V8enpLKpeUHT+GfunDCMCz2V4="},"lastRemoteEphemeralKey":"BSommqJ1oOZGejBMxxb6C9JNZVl9TpCJMiVcWX3iMAEm","previousCounter":0,"rootKey":"oM6d5kQ5QBDyySfgLsYqxr9xPfcuGab5ydeIl1KrnG0="},"indexInfo":{"baseKey":"BdGcl7n0OYrOkHw3wW17161DKu3U/tWshntLwQ1LdDcY","baseKeyType":2,"closed":-1,"used":1686181990141,"created":1686181990141,"remoteIdentityKey":"BQZcJ1fV+mTApFwiE17QG1IKYpbv4n8gET/gSCgvkbIp"},"_chains":{"BSommqJ1oOZGejBMxxb6C9JNZVl9TpCJMiVcWX3iMAEm":{"chainKey":{"counter":2,"key":"gG8WXpO2F9RVLljjjiNgAYsd7XAsMSAkprLzt3udHME="},"chainType":2,"messageKeys":{}},"BVZHl1JFLI/AqHoz0SHI+o9u9kn75sVm471e/pCI5j1W":{"chainKey":{"counter":-1,"key":"rl+lMp4bSOJJ2l6q05pqFUfTjrHrcqzcqDeE3JhwHho="},"chainType":1,"messageKeys":{}}}}},"version":"v1"}