{"_sessions":{"Bb0G9G5pA5v3Utzh0FpbwHJCqxg5E4h7lpm9blQPbfIc":{"registrationId":639398835,"currentRatchet":{"ephemeralKeyPair":{"pubKey":"BQyKJavnQXMbEkbgoZwNUS09pFxlTv+/gmz36d4sGoVS","privKey":"yLc56IZgtTtfus1/6lWpOOPlLGUWNQpC6fMGffmbcWo="},"lastRemoteEphemeralKey":"BUAqhaoehNZHQ0tfcwn8P+A6Vt+I01Vpckl6N45SIOk5","previousCounter":0,"rootKey":"2+6qxqcc548k2CAcnuShr1e4fMFdJvgy1b0qdfT5JLU="},"indexInfo":{"baseKey":"Bb0G9G5pA5v3Utzh0FpbwHJCqxg5E4h7lpm9blQPbfIc","baseKeyType":1,"closed":1686180714050,"used":1686180711731,"created":1686180711731,"remoteIdentityKey":"BWLXY2FOwuPiZt7boaJQZME09nutDEhrAej7vGgoayQz"},"_chains":{"BQyKJavnQXMbEkbgoZwNUS09pFxlTv+/gmz36d4sGoVS":{"chainKey":{"counter":0,"key":"y6K+HefIw+ujVqL308YY+9nJ/GOtgmG2pmJ8zVSR3Gs="},"chainType":1,"messageKeys":{}}},"pendingPreKey":{"signedKeyId":1,"baseKey":"Bb0G9G5pA5v3Utzh0FpbwHJCqxg5E4h7lpm9blQPbfIc","preKeyId":16167495}},"Bd50wPF1aPvbzAhiMmdB1uW3s1CgqxAptKxFK/ULB1IQ":{"registrationId":639398835,"currentRatchet":{"ephemeralKeyPair":{"pubKey":"BQpIZb48OU9Qe2wvp35JSvvvXucmmrWvH3HmtH0pMk5b","privKey":"uKBjoxHG4WVEaKpQSFJUGb7fven6vPdj81h+WxP9DHY="},"lastRemoteEphemeralKey":"BUAqhaoehNZHQ0tfcwn8P+A6Vt+I01Vpckl6N45SIOk5","previousCounter":0,"rootKey":"Taccv1PXQ1GJaunQk9osPmnnDLM3WT6Ri6orFwPcFvc="},"indexInfo":{"baseKey":"Bd50wPF1aPvbzAhiMmdB1uW3s1CgqxAptKxFK/ULB1IQ","baseKeyType":1,"closed":-1,"used":1686180713778,"created":1686180713778,"remoteIdentityKey":"BWLXY2FOwuPiZt7boaJQZME09nutDEhrAej7vGgoayQz"},"_chains":{"BQpIZb48OU9Qe2wvp35JSvvvXucmmrWvH3HmtH0pMk5b":{"chainKey":{"counter":0,"key":"8xJ9fPoZaa607uh8HuAYlgZWBK4dLknHpYlSFv/vRcw="},"chainType":1,"messageKeys":{}}},"pendingPreKey":{"signedKeyId":1,"baseKey":"Bd50wPF1aPvbzAhiMmdB1uW3s1CgqxAptKxFK/ULB1IQ","preKeyId":16168002}}},"version":"v1"}