{"_sessions":{"BewPv5f9QFANXRLEQnMyI8uCwiRwb7n2otsvBZbc2GQ2":{"registrationId":838980980,"currentRatchet":{"ephemeralKeyPair":{"pubKey":"BWyOniJS02wEjkSSJ+o7o9QMlKtU5wJ6mvD86GDPgrpV","privKey":"ILeHXg5J2F0tn5BpeMeVgQdnCO8B13RPHORlobocI2A="},"lastRemoteEphemeralKey":"BSKRYP9Yj3uqquX/2omh3HPjXpLSRMq41EtVS5YmxmwK","previousCounter":0,"rootKey":"9/TlKp8NPL3TriLPbErsrDU0F6c88NjHZqyuczfKMII="},"indexInfo":{"baseKey":"BewPv5f9QFANXRLEQnMyI8uCwiRwb7n2otsvBZbc2GQ2","baseKeyType":1,"closed":1686180714050,"used":1686180711748,"created":1686180711748,"remoteIdentityKey":"BS70FUXX1GzQWtligy5ZmFwdI4ZC9wZry1c5LjCP1fMl"},"_chains":{"BWyOniJS02wEjkSSJ+o7o9QMlKtU5wJ6mvD86GDPgrpV":{"chainKey":{"counter":0,"key":"hYs/ALpOp8QbsOG9SSy0tr6IiCpwsTJjuyDKT2rN2YI="},"chainType":1,"messageKeys":{}}},"pendingPreKey":{"signedKeyId":18,"baseKey":"BewPv5f9QFANXRLEQnMyI8uCwiRwb7n2otsvBZbc2GQ2","preKeyId":3197842}},"BTvzxFb0uodbe3lQeukJlrsf9uOAbVpwX1CajLkvjNwS":{"registrationId":838980980,"currentRatchet":{"ephemeralKeyPair":{"pubKey":"BbWFCOK+S8HVMHlW4qjjC0qcdwZf1oaJ9n33vMKOvKpq","privKey":"2KR32qOl/PNTTl/8z9rFzRamky9aCR/BxFAKNMZfvWo="},"lastRemoteEphemeralKey":"BfrN75ZKEJ/LYZEpf42cfcf343vhR3Nga0k7c1jtk1gR","previousCounter":0,"rootKey":"AEsFHiHhGSncuEk3u4TLMtg7yHUscB1Dw8LjHyiWNHA="},"indexInfo":{"baseKey":"BTvzxFb0uodbe3lQeukJlrsf9uOAbVpwX1CajLkvjNwS","baseKeyType":1,"closed":-1,"used":1686282246448,"created":1686180713818,"remoteIdentityKey":"BS70FUXX1GzQWtligy5ZmFwdI4ZC9wZry1c5LjCP1fMl"},"_chains":{"BfrN75ZKEJ/LYZEpf42cfcf343vhR3Nga0k7c1jtk1gR":{"chainKey":{"counter":2,"key":"pT2+dAQ2U3vo0hqOuJIK2ZTanF+ltKYQB/efBAHcRUE="},"chainType":2,"messageKeys":{}},"BbWFCOK+S8HVMHlW4qjjC0qcdwZf1oaJ9n33vMKOvKpq":{"chainKey":{"counter":-1,"key":"IcNYvaRYaZ4dhKBZ8/q2yTkBqdvFUwPEgM6MYd9QYI8="},"chainType":1,"messageKeys":{}}}}},"version":"v1"}