{"_sessions":{"BYYrbfCfWelHS9JMu5mXy+p3S/CydLuF9STLF6LJ2Gci":{"registrationId":750443388,"currentRatchet":{"ephemeralKeyPair":{"pubKey":"BXho6JiMrxeacKQ9dXAMnHrMjuz4a7xx1oGTCyxv/QRG","privKey":"YNbut82KXObkZhZrlYjUfWEzI5AdaFmmba6uFiR+OFo="},"lastRemoteEphemeralKey":"BYkVCx4nJQgyouiXwPVJl7rkzFDdoYi3M5/rGMc8regM","previousCounter":0,"rootKey":"T08DVMYWx9oTD7ex65y5dWsAIZQoCCKKU9EIsaSYcjc="},"indexInfo":{"baseKey":"BYYrbfCfWelHS9JMu5mXy+p3S/CydLuF9STLF6LJ2Gci","baseKeyType":1,"closed":1686180714050,"used":1686180711790,"created":1686180711790,"remoteIdentityKey":"BeXBb92HHkxyuCwyPtmsENTDLuDlkROHOIV0Cfn3Of5N"},"_chains":{"BXho6JiMrxeacKQ9dXAMnHrMjuz4a7xx1oGTCyxv/QRG":{"chainKey":{"counter":0,"key":"LOtYgcVm4BbocT5J4XQpUs1nTWlxY5ZZF/xYHm7b+SM="},"chainType":1,"messageKeys":{}}},"pendingPreKey":{"signedKeyId":0,"baseKey":"BYYrbfCfWelHS9JMu5mXy+p3S/CydLuF9STLF6LJ2Gci"}},"BTmMx1zY2bUhuC5GjOTWQsWu3mWdNZa8K6durlseihgz":{"registrationId":750443388,"currentRatchet":{"ephemeralKeyPair":{"pubKey":"BVi0ahvQDnEgFJNjWuufRmT8DKIvhOdB9BWcupCujzgC","privKey":"cETwXdouKMoG82NV7r5LL4frya41hmIDwL4RNdiHp2M="},"lastRemoteEphemeralKey":"BYkVCx4nJQgyouiXwPVJl7rkzFDdoYi3M5/rGMc8regM","previousCounter":0,"rootKey":"M1P6miCYvWCtsV2tJgporBNhsqXWCj3+Sh6nL5iI62s="},"indexInfo":{"baseKey":"BTmMx1zY2bUhuC5GjOTWQsWu3mWdNZa8K6durlseihgz","baseKeyType":1,"closed":-1,"used":1686180713906,"created":1686180713906,"remoteIdentityKey":"BeXBb92HHkxyuCwyPtmsENTDLuDlkROHOIV0Cfn3Of5N"},"_chains":{"BVi0ahvQDnEgFJNjWuufRmT8DKIvhOdB9BWcupCujzgC":{"chainKey":{"counter":0,"key":"NtUqKpTtwDNJ1cmT5/TDLhbI8Shu9xpB7EKWar9snxI="},"chainType":1,"messageKeys":{}}},"pendingPreKey":{"signedKeyId":0,"baseKey":"BTmMx1zY2bUhuC5GjOTWQsWu3mWdNZa8K6durlseihgz"}}},"version":"v1"}