{"_sessions":{"BUVKdkL6kcRUMqfuZ1HDX0HVGnDemmhX6sH4h7oPTyxf":{"registrationId":1720889029,"currentRatchet":{"ephemeralKeyPair":{"pubKey":"BbOFnSEsD5s95hQfmo+e1HY3o1/0+lVHVda8vbwSNoQo","privKey":"KGensKfjV2h9litWeCMr3pT9hiOeoIuMK6Ragpcw1V4="},"lastRemoteEphemeralKey":"BeVSTTlgyDnV+MeXyZxPigsad9ygWbCxV2wjw/M9ouxe","previousCounter":0,"rootKey":"387jDuKDZkZna9TIDORzFZNbLcdoBA/ovbbEqqK5vfw="},"indexInfo":{"baseKey":"BUVKdkL6kcRUMqfuZ1HDX0HVGnDemmhX6sH4h7oPTyxf","baseKeyType":1,"closed":1686180714050,"used":1686180711710,"created":1686180711710,"remoteIdentityKey":"Bdcps/+As0zm3ZYVgQ4tpmrtJxcP8hbyF0jVS0Te+7Eh"},"_chains":{"BbOFnSEsD5s95hQfmo+e1HY3o1/0+lVHVda8vbwSNoQo":{"chainKey":{"counter":0,"key":"KSIWzHT2Z4AOJXXpyFmu7HskfQMa4bXTp6C7BR8WnpM="},"chainType":1,"messageKeys":{}}},"pendingPreKey":{"signedKeyId":9,"baseKey":"BUVKdkL6kcRUMqfuZ1HDX0HVGnDemmhX6sH4h7oPTyxf","preKeyId":9350336}},"Bean+Ep9Igo+dIHopCBqoSg3Arn1h/XCVPfMFWqup54t":{"registrationId":1720889029,"currentRatchet":{"ephemeralKeyPair":{"pubKey":"BS6OdbIcn9rqqaNtGNhlsZ0kV66NNASdBqDL+VmGdtxg","privKey":"qKpo5rlGQxrHOI5EUcWtcMTx+3FOQgvbnKr55pIdsHs="},"lastRemoteEphemeralKey":"BeVSTTlgyDnV+MeXyZxPigsad9ygWbCxV2wjw/M9ouxe","previousCounter":0,"rootKey":"bePX9oHbCFXl04dyqJE7ZJxMxtkQttTMIKdYc2uVh4U="},"indexInfo":{"baseKey":"Bean+Ep9Igo+dIHopCBqoSg3Arn1h/XCVPfMFWqup54t","baseKeyType":1,"closed":-1,"used":1686180713735,"created":1686180713735,"remoteIdentityKey":"Bdcps/+As0zm3ZYVgQ4tpmrtJxcP8hbyF0jVS0Te+7Eh"},"_chains":{"BS6OdbIcn9rqqaNtGNhlsZ0kV66NNASdBqDL+VmGdtxg":{"chainKey":{"counter":0,"key":"uqrMFEo9kHgLp/eka4KMCrCp2iMiDVTIuaMBDJ8dW5I="},"chainType":1,"messageKeys":{}}},"pendingPreKey":{"signedKeyId":9,"baseKey":"Bean+Ep9Igo+dIHopCBqoSg3Arn1h/XCVPfMFWqup54t","preKeyId":9350351}}},"version":"v1"}