{"_sessions":{"BUTOJTiZU4Yzd23IkmYBToDIA/xIgY+XAtFMNSNTR/kR":{"registrationId":885680345,"currentRatchet":{"ephemeralKeyPair":{"pubKey":"BeerNJ1fjSNH6pXuQvVORL+nPyePShIEmXqqCAw4zdQr","privKey":"sGo98RykTX/eVt+zfyGUVzEAapNZ8TuSgqhrpG+0Lkc="},"lastRemoteEphemeralKey":"BSR/zvrf4B32iEB4PdeZGrTOU2VoWRug3kQsSHxcREFT","previousCounter":0,"rootKey":"nBeLFghx73YK2akQ6xpsUWp089VqOJQ7KoxavRN4Xmc="},"indexInfo":{"baseKey":"BUTOJTiZU4Yzd23IkmYBToDIA/xIgY+XAtFMNSNTR/kR","baseKeyType":2,"closed":-1,"used":1686225856145,"created":1686225856145,"remoteIdentityKey":"BRdyFkTgqlzutIvbRhBbES621OAoaZBKXzTZ3hGFXvFp"},"_chains":{"BSR/zvrf4B32iEB4PdeZGrTOU2VoWRug3kQsSHxcREFT":{"chainKey":{"counter":0,"key":"tHbcW0t3Ap+HpP5SGYLEhi+pG2ZjreLq2KhUehtfRIs="},"chainType":2,"messageKeys":{}},"BeerNJ1fjSNH6pXuQvVORL+nPyePShIEmXqqCAw4zdQr":{"chainKey":{"counter":-1,"key":"pFgQoKJIlFaPLyh2QE0ieip1Cf0oTL4f4ivtNdbBXuI="},"chainType":1,"messageKeys":{}}}}},"version":"v1"}