{"_sessions":{"BfaB5+38wH2tw5jUPFR0KP6B/dwk5i7MlNo43/6Wf2J1":{"registrationId":757298323,"currentRatchet":{"ephemeralKeyPair":{"pubKey":"BX2bb8iR+il42y+8sQqb13vHfLQmW+kYlDoimyxrJyJ3","privKey":"YNWzLHy6i5f0oukyx17iR6UZam7l1DE4d+QqWDDQjGs="},"lastRemoteEphemeralKey":"BW261coFgc2+7AcEo3Hlbp0eBW7WPJ2k5BPgcYc7iZpo","previousCounter":0,"rootKey":"C0u5PT+bqZV25C5V2Go4jQQ57Zyff692LQd6sthPu2s="},"indexInfo":{"baseKey":"BfaB5+38wH2tw5jUPFR0KP6B/dwk5i7MlNo43/6Wf2J1","baseKeyType":1,"closed":1686180714049,"used":1686180711580,"created":1686180711580,"remoteIdentityKey":"BYhVcOF/xqKw6unoyjXTOoTOdHDSe1LnEZ5rnUZsN+wy"},"_chains":{"BX2bb8iR+il42y+8sQqb13vHfLQmW+kYlDoimyxrJyJ3":{"chainKey":{"counter":0,"key":"uruKf2nu/j3vRSkyNVr7bR6CzRI4RfK6uq58VFg+JEM="},"chainType":1,"messageKeys":{}}},"pendingPreKey":{"signedKeyId":4,"baseKey":"BfaB5+38wH2tw5jUPFR0KP6B/dwk5i7MlNo43/6Wf2J1","preKeyId":14604676}},"BRiKKyfD2fWk+2Bj65az6OPTQkBbGGCK0RmZWCppOsY7":{"registrationId":757298323,"currentRatchet":{"ephemeralKeyPair":{"pubKey":"BXZY+t+BO0KqmlIhTr+qIAsdNIE11J4WEVXTJjAfs31q","privKey":"4MWkRLyLsi351xk/TSlMtKCGU8RfMmC4fo0BbdNz0l4="},"lastRemoteEphemeralKey":"BW261coFgc2+7AcEo3Hlbp0eBW7WPJ2k5BPgcYc7iZpo","previousCounter":0,"rootKey":"dsmj902Jpjk854QKZxhe3LYLJLWol8GxsGfe/7+dANQ="},"indexInfo":{"baseKey":"BRiKKyfD2fWk+2Bj65az6OPTQkBbGGCK0RmZWCppOsY7","baseKeyType":1,"closed":-1,"used":1686180713507,"created":1686180713507,"remoteIdentityKey":"BYhVcOF/xqKw6unoyjXTOoTOdHDSe1LnEZ5rnUZsN+wy"},"_chains":{"BXZY+t+BO0KqmlIhTr+qIAsdNIE11J4WEVXTJjAfs31q":{"chainKey":{"counter":0,"key":"gQjyM9TjRvZBtl7OVxfjjKh/LWwEsX77lNeSvzT2Iww="},"chainType":1,"messageKeys":{}}},"pendingPreKey":{"signedKeyId":4,"baseKey":"BRiKKyfD2fWk+2Bj65az6OPTQkBbGGCK0RmZWCppOsY7","preKeyId":14604562}}},"version":"v1"}