{"_sessions":{"BdRkXRqeNwDsgaQCfe3RU4aUbUPKTW+4atHJoFvR7zdL":{"registrationId":1012782637,"currentRatchet":{"ephemeralKeyPair":{"pubKey":"BdPAe0+YZaoVtGTJf+DADkUkCh83buIO/y7Io+vdPUBG","privKey":"KAJDkZLShRVodigbZiYkibGhmp0UlNhtHiPBITFPdU4="},"lastRemoteEphemeralKey":"BUv9idSrHquNXq02lsZVb4baQIGkefpIqtd4VRAJnUEv","previousCounter":0,"rootKey":"uaYX4ucAXtXfayz0xMOSzyp/4VZs+eH1M1vJXAYyvlI="},"indexInfo":{"baseKey":"BdRkXRqeNwDsgaQCfe3RU4aUbUPKTW+4atHJoFvR7zdL","baseKeyType":2,"closed":-1,"used":1686198854413,"created":1686198854413,"remoteIdentityKey":"BdO/4MwvZkuf2IvepHlNm6JjrSCeGJtkp+PUTNQs8mlG"},"_chains":{"BUv9idSrHquNXq02lsZVb4baQIGkefpIqtd4VRAJnUEv":{"chainKey":{"counter":0,"key":"gi/uvi6aO4gAfBl6OPx0LcA97hdGGUIeOAXDdNBNo7w="},"chainType":2,"messageKeys":{}},"BdPAe0+YZaoVtGTJf+DADkUkCh83buIO/y7Io+vdPUBG":{"chainKey":{"counter":-1,"key":"4QAaVDYcClUu/77wkTnkLdOKNKOlTP0vjnkt32DS6YM="},"chainType":1,"messageKeys":{}}}}},"version":"v1"}