{"_sessions":{"BY3hBwq+ruEASrE9bAT1L4L5fSrEz3tzdEO9daBD44BW":{"registrationId":702483476,"currentRatchet":{"ephemeralKeyPair":{"pubKey":"BSxa5OkerhsoOAJ/sgjWfMLBNJJ6H1lrK98K3QhSrJ0s","privKey":"aI3opP93lCFSWuDEUClbq+NF0uWciHJManlsXEDdZHk="},"lastRemoteEphemeralKey":"BX+fmfsJoRblMhZ7NKS4OeItVkA0oM+nfSUGrXAsbcgb","previousCounter":0,"rootKey":"HHZiWq53y/Z+5Plb/ldb6k7IK+cVbM2GWY7fSi+w1IQ="},"indexInfo":{"baseKey":"BY3hBwq+ruEASrE9bAT1L4L5fSrEz3tzdEO9daBD44BW","baseKeyType":2,"closed":-1,"used":1686194358013,"created":1686194358013,"remoteIdentityKey":"BVPiBFZjF9x312pXzezaCBMLpK/WGB+Ge42Kang6+9FF"},"_chains":{"BX+fmfsJoRblMhZ7NKS4OeItVkA0oM+nfSUGrXAsbcgb":{"chainKey":{"counter":15,"key":"yBWzIC0D8OZ/kPXlhnZofjSRvNsswz14R/fzDMdiNRI="},"chainType":2,"messageKeys":{}},"BSxa5OkerhsoOAJ/sgjWfMLBNJJ6H1lrK98K3QhSrJ0s":{"chainKey":{"counter":-1,"key":"4S4MavC9WdyR+wPdexNABFbNLXD+NGdNq2wlL3dhqeQ="},"chainType":1,"messageKeys":{}}}}},"version":"v1"}