{"_sessions":{"BQdP0P9MnvbsLYk/OGSRb1VG4vSupakK54ePlivUC+oH":{"registrationId":1461041823,"currentRatchet":{"ephemeralKeyPair":{"pubKey":"BRO4dUDjL6N8pYxWREf0sFQMZuTo/u5O95HKIrnYYfcN","privKey":"gClaFLqy2Wprko4klsAGxkFyS0JSpex459k+DvOsclk="},"lastRemoteEphemeralKey":"BUlceg213/4ZNvKiYmf0iDx8XMlAtKif/xSXPKDQMEdM","previousCounter":0,"rootKey":"X9UYTxoutQ/kftRVMCSI35ywgonLgAMtur+vsrRz50I="},"indexInfo":{"baseKey":"BQdP0P9MnvbsLYk/OGSRb1VG4vSupakK54ePlivUC+oH","baseKeyType":2,"closed":-1,"used":1686205502066,"created":1686205502066,"remoteIdentityKey":"BW5SKdPnYpT4S2XsiKEdxMZQQa0dzQDvxXZOVYqqjkAX"},"_chains":{"BUlceg213/4ZNvKiYmf0iDx8XMlAtKif/xSXPKDQMEdM":{"chainKey":{"counter":3,"key":"zA8rRQV+l8KdAIGWROobZOZqL1RMbDlRj7Ssh2fT99M="},"chainType":2,"messageKeys":{}},"BRO4dUDjL6N8pYxWREf0sFQMZuTo/u5O95HKIrnYYfcN":{"chainKey":{"counter":-1,"key":"IZgAagWVo65EHKPueG+pwi/tNdXh/++woneGboT3Gps="},"chainType":1,"messageKeys":{}}}}},"version":"v1"}