{"_sessions":{"BZ9bRmFgSWZ6+Kf9apuBlwZfeijgXgbyTQp6wHWngu0g":{"registrationId":143255315,"currentRatchet":{"ephemeralKeyPair":{"pubKey":"BaviVJKGErc+DRYhL+bPNgQO1RRwy6jX2HG47vTIFRdQ","privKey":"AC7SnaonJ4UaYuy4HEds2dgkrI10nJmht+fjz+GLYWw="},"lastRemoteEphemeralKey":"BZcaqJJZp6T6XgT9/ZgsZC8tQ2L2ycbZYoBjug8o4thO","previousCounter":0,"rootKey":"crDrhvTFXXcCkv4CSkE8YNsGKGHZ1fZnEhw4NcJDr2I="},"indexInfo":{"baseKey":"BZ9bRmFgSWZ6+Kf9apuBlwZfeijgXgbyTQp6wHWngu0g","baseKeyType":1,"closed":1686180714049,"used":1686180711401,"created":1686180711401,"remoteIdentityKey":"BSP0CIP4lsTK4P4bhiUJJPCt3CwXjQ8t1Q00hVDSeDEK"},"_chains":{"BaviVJKGErc+DRYhL+bPNgQO1RRwy6jX2HG47vTIFRdQ":{"chainKey":{"counter":0,"key":"2dhO9DF7EwjeCWGf1CHq2RpoVmEIys9zWvYPmoOFKNg="},"chainType":1,"messageKeys":{}}},"pendingPreKey":{"signedKeyId":13,"baseKey":"BZ9bRmFgSWZ6+Kf9apuBlwZfeijgXgbyTQp6wHWngu0g","preKeyId":7633930}},"BQPjBepjNIT4lp2FxuDzPTijiX/MElH7KPwI/ehVS0F3":{"registrationId":143255315,"currentRatchet":{"ephemeralKeyPair":{"pubKey":"BT7sopV7dDNjv8o6KTze/1Qci/aryIhDKJ/fc3Md3IBu","privKey":"GEyASot2C9hWaPypooopCRT6XUWGYl2ZrAX/x8j73WQ="},"lastRemoteEphemeralKey":"BZcaqJJZp6T6XgT9/ZgsZC8tQ2L2ycbZYoBjug8o4thO","previousCounter":0,"rootKey":"9lcF/NHNQKaHOdLidbIO6yjdBxZkr61AQvh8bn5yY10="},"indexInfo":{"baseKey":"BQPjBepjNIT4lp2FxuDzPTijiX/MElH7KPwI/ehVS0F3","baseKeyType":1,"closed":-1,"used":1686180713358,"created":1686180713358,"remoteIdentityKey":"BSP0CIP4lsTK4P4bhiUJJPCt3CwXjQ8t1Q00hVDSeDEK"},"_chains":{"BT7sopV7dDNjv8o6KTze/1Qci/aryIhDKJ/fc3Md3IBu":{"chainKey":{"counter":0,"key":"/F1IhaYgczV5CIPKmvsCupgjIr2A/Tn3maxE8q0bbBM="},"chainType":1,"messageKeys":{}}},"pendingPreKey":{"signedKeyId":13,"baseKey":"BQPjBepjNIT4lp2FxuDzPTijiX/MElH7KPwI/ehVS0F3","preKeyId":7634563}}},"version":"v1"}