{"_sessions":{"BeeZ53zavUOp9a8/KZWO7/2jOCOiU2SM5hoqgFaqbN9i":{"registrationId":732515236,"currentRatchet":{"ephemeralKeyPair":{"pubKey":"BQSoLeF/7byddsHC7lLn6fStCmQijzRQjL41y+g1qi4c","privKey":"wKVTIfFi4Fac0lkidLhC3ih0nmCZt/7ItXHJ/4yyf2A="},"lastRemoteEphemeralKey":"BfB/v1ksML38gUNupnbJeozKdTg/NX6KU0l5Jwu1sjEK","previousCounter":0,"rootKey":"TcRaexMzx4yhE2koGEyKNHGLxbsRty4tvfzOpj4jcjQ="},"indexInfo":{"baseKey":"BeeZ53zavUOp9a8/KZWO7/2jOCOiU2SM5hoqgFaqbN9i","baseKeyType":1,"closed":1686180714049,"used":1686180711522,"created":1686180711522,"remoteIdentityKey":"BRh/K0yGci98C4kl2E8ENDcoD8TwCQ/d7/iJJWerO1My"},"_chains":{"BQSoLeF/7byddsHC7lLn6fStCmQijzRQjL41y+g1qi4c":{"chainKey":{"counter":0,"key":"pmhNi57o5VBU2xxFiXPQbL++5gJwLcULZV1Uo2ShM8M="},"chainType":1,"messageKeys":{}}},"pendingPreKey":{"signedKeyId":2,"baseKey":"BeeZ53zavUOp9a8/KZWO7/2jOCOiU2SM5hoqgFaqbN9i","preKeyId":3356499}},"BaDlJXc9sMsnzXye2RkWyl5Nw01/0mbESwvwp5jYg2U4":{"registrationId":732515236,"currentRatchet":{"ephemeralKeyPair":{"pubKey":"BcMZckJt+Wfw0xvP7GJt0LgrSrHDp4WuWlrmJkfxDx0i","privKey":"CL8OHbjluHyFV3Dmy/LUJ8SEaGTkNSr9AeTlNvh3DkI="},"lastRemoteEphemeralKey":"BfB/v1ksML38gUNupnbJeozKdTg/NX6KU0l5Jwu1sjEK","previousCounter":0,"rootKey":"mYxwAcWcCtI4pbMcCRzniagKmmFXvV+lflweF5XQmdw="},"indexInfo":{"baseKey":"BaDlJXc9sMsnzXye2RkWyl5Nw01/0mbESwvwp5jYg2U4","baseKeyType":1,"closed":-1,"used":1686180713461,"created":1686180713461,"remoteIdentityKey":"BRh/K0yGci98C4kl2E8ENDcoD8TwCQ/d7/iJJWerO1My"},"_chains":{"BcMZckJt+Wfw0xvP7GJt0LgrSrHDp4WuWlrmJkfxDx0i":{"chainKey":{"counter":0,"key":"kGvPchbeU/WYW+nmMn07vyMeo6s+ADMGACFdteUtVzI="},"chainType":1,"messageKeys":{}}},"pendingPreKey":{"signedKeyId":2,"baseKey":"BaDlJXc9sMsnzXye2RkWyl5Nw01/0mbESwvwp5jYg2U4","preKeyId":3356237}}},"version":"v1"}