{"_sessions":{"Bdp+/YZuHAPQfZfprSqacAjCxp3awnyys7WKBdl5pLsf":{"registrationId":1072024608,"currentRatchet":{"ephemeralKeyPair":{"pubKey":"BRX7+M0dpy0/CJTHbxhEFDaKSYcqxJF6r6JM3ByXArV3","privKey":"gAH99LmUhEtzNPSzWjf1JLMBmvvZKdVWCR7qf9Zqc0U="},"lastRemoteEphemeralKey":"BRui4J9dXKSWRx5oTw1g55eMaluKYzg9Ft4SRai+/MsD","previousCounter":0,"rootKey":"U9gT/M2tM0u+SlOl5AoirYdKcYqWRTprQzkIFT4pWY8="},"indexInfo":{"baseKey":"Bdp+/YZuHAPQfZfprSqacAjCxp3awnyys7WKBdl5pLsf","baseKeyType":2,"closed":-1,"used":1686197643693,"created":1686197643693,"remoteIdentityKey":"BZI0McWhF5Z+mKu3y4VWfaq/VZdg7F+NhrOsfH8oRJpr"},"_chains":{"BRui4J9dXKSWRx5oTw1g55eMaluKYzg9Ft4SRai+/MsD":{"chainKey":{"counter":4,"key":"W950Y3Qpn+tlKS+AMuilJV2Z0ZrLYwgxuASnOicWQVc="},"chainType":2,"messageKeys":{}},"BRX7+M0dpy0/CJTHbxhEFDaKSYcqxJF6r6JM3ByXArV3":{"chainKey":{"counter":-1,"key":"T2e91aXv4Q3hev2hFzehYzk2rsEMAcVkXtB4ArFb6uk="},"chainType":1,"messageKeys":{}}}}},"version":"v1"}