{"_sessions":{"BRpRxDKS4YIe6ovccNOgc+H1z0Y+WUX6i5hVfAvwiB93":{"registrationId":1624861739,"currentRatchet":{"ephemeralKeyPair":{"pubKey":"BY27kMI8GUz3cISKICW9ZEFnbwY324u6SsL2dQBIMgIE","privKey":"GCbtE467PYIQaQZWDXLvJmgokjBSBmR/h70eUIqZsE4="},"lastRemoteEphemeralKey":"BdWhkTS0H12j55cP4Y59ws59F8y8mwpp4WcjNTiCiW8q","previousCounter":0,"rootKey":"Wja1nqYrmP7y16o/os6mE8laGBB0JrzUamKbPQ18bGM="},"indexInfo":{"baseKey":"BRpRxDKS4YIe6ovccNOgc+H1z0Y+WUX6i5hVfAvwiB93","baseKeyType":2,"closed":-1,"used":1686204632871,"created":1686204632871,"remoteIdentityKey":"BT49z+FM3HRVA1Ot1FhbGN7RVdQKUBL3AA69dRix1QU8"},"_chains":{"BdWhkTS0H12j55cP4Y59ws59F8y8mwpp4WcjNTiCiW8q":{"chainKey":{"counter":1,"key":"X/HZh5G9VdqZt7BbLvy+WtW7Cvqbw7nvwzSTCq+7aK4="},"chainType":2,"messageKeys":{}},"BY27kMI8GUz3cISKICW9ZEFnbwY324u6SsL2dQBIMgIE":{"chainKey":{"counter":-1,"key":"kimVYBxCMEZp/7711XVLwR5qBNvwnxz0zN2qcEPwfUI="},"chainType":1,"messageKeys":{}}}}},"version":"v1"}