{"_sessions":{"BeGc2oO/WagPJzBa+mr4JdAYF8AXzk4ytSy+Syxb0uYE":{"registrationId":646036388,"currentRatchet":{"ephemeralKeyPair":{"pubKey":"BftTOalaHlf9PzmxDSMUWM4lhj5G/W3nsvyXTtZVTrIE","privKey":"GKMPeatkiJVoOfIYcDv6YI0CF6tolYOyqQ6zaxwOP2o="},"lastRemoteEphemeralKey":"BQedBNZB/5avosvzGAVVoWBO1qnhYEFGy8nWMjU70yNk","previousCounter":0,"rootKey":"3OC72eD/33CpYV8HVQrQPLBWTiDQH7jmpcysDxM1Auc="},"indexInfo":{"baseKey":"BeGc2oO/WagPJzBa+mr4JdAYF8AXzk4ytSy+Syxb0uYE","baseKeyType":1,"closed":1686180714050,"used":1686180711737,"created":1686180711737,"remoteIdentityKey":"BXRF4lhp4s4c0eQ2uQtBR2ONiiKckqVSh3eCwSwW5X4K"},"_chains":{"BftTOalaHlf9PzmxDSMUWM4lhj5G/W3nsvyXTtZVTrIE":{"chainKey":{"counter":0,"key":"evrUjjti/dx/BtJ+qOrNgYT+wgiwvF3B5hYBfEOxCHU="},"chainType":1,"messageKeys":{}}},"pendingPreKey":{"signedKeyId":3,"baseKey":"BeGc2oO/WagPJzBa+mr4JdAYF8AXzk4ytSy+Syxb0uYE","preKeyId":15719153}},"BWxfEtoBPoGW1JGNIZq66n06ZzLghd2I6+DLj3N7ouMM":{"registrationId":646036388,"currentRatchet":{"ephemeralKeyPair":{"pubKey":"BXIshuaqIfp3b8wqQ4c18SnYptSRjaWZpf5obE5ry0tq","privKey":"kO55hwzky1EGCgWP6xiYQo93MOCTxLcvp9YnTkmF20Y="},"lastRemoteEphemeralKey":"BQedBNZB/5avosvzGAVVoWBO1qnhYEFGy8nWMjU70yNk","previousCounter":0,"rootKey":"dh+bTYCB5fwlAljltDSSSXyANohJSTHkR3bky0m3JVE="},"indexInfo":{"baseKey":"BWxfEtoBPoGW1JGNIZq66n06ZzLghd2I6+DLj3N7ouMM","baseKeyType":1,"closed":-1,"used":1686180713785,"created":1686180713785,"remoteIdentityKey":"BXRF4lhp4s4c0eQ2uQtBR2ONiiKckqVSh3eCwSwW5X4K"},"_chains":{"BXIshuaqIfp3b8wqQ4c18SnYptSRjaWZpf5obE5ry0tq":{"chainKey":{"counter":0,"key":"1Eo2Die9rr2Ci1GYQryA4eHKEsigONxYY/GNbMeGDzU="},"chainType":1,"messageKeys":{}}},"pendingPreKey":{"signedKeyId":3,"baseKey":"BWxfEtoBPoGW1JGNIZq66n06ZzLghd2I6+DLj3N7ouMM","preKeyId":15718698}}},"version":"v1"}