{"_sessions":{"BVxMzNszSZOo03UKgFEz916qloI5bprb4NG8s9ldScRQ":{"registrationId":93852886,"currentRatchet":{"ephemeralKeyPair":{"pubKey":"BaeXgi/9R7J9/iJDTupmWVVcMVxEceepGG4dxu20CqsN","privKey":"2EPO3j5rvqPf3GsPbJrthkctzYp/k+PTCFn1elp/yXk="},"lastRemoteEphemeralKey":"BY8HsV/CGZoHMXut2FTF+NmRu43NOh5Jz1mgrk9dU5hr","previousCounter":0,"rootKey":"85GR1JOegr85QivixqXUMOeeSFDApvoS+eU+lmzfgYo="},"indexInfo":{"baseKey":"BVxMzNszSZOo03UKgFEz916qloI5bprb4NG8s9ldScRQ","baseKeyType":1,"closed":1686180714049,"used":1686180711531,"created":1686180711531,"remoteIdentityKey":"BcFbEhf61Xe57iZkfi/bAkebCI+thK2kcF7NuqyP8oRZ"},"_chains":{"BaeXgi/9R7J9/iJDTupmWVVcMVxEceepGG4dxu20CqsN":{"chainKey":{"counter":0,"key":"4TNqqxPlZE9uJsy85GOX1VJ7HPghwt+Si9atGVoSne0="},"chainType":1,"messageKeys":{}}},"pendingPreKey":{"signedKeyId":1,"baseKey":"BVxMzNszSZOo03UKgFEz916qloI5bprb4NG8s9ldScRQ","preKeyId":13243721}},"BRgIoudOkOyuQsvuNxbixe56FRZmR/u2PMSh7HtXe3F3":{"registrationId":93852886,"currentRatchet":{"ephemeralKeyPair":{"pubKey":"BczGxt8RSiWGmzG1j1dbKPh1fVa9G/JuLYtW03jIQnRi","privKey":"EOb+G5U46+kiodj7/Dqp/CrD3ZfFxY0KEsWVtQwTAnE="},"lastRemoteEphemeralKey":"BacDd5ti0NdJ7smUiIGvu2X4rVYWBF/cHR/k2PbHg2V5","previousCounter":0,"rootKey":"yOKdpplic2b1jJ+m3GKkQo13SmCJtlzMwuylepM6q40="},"indexInfo":{"baseKey":"BRgIoudOkOyuQsvuNxbixe56FRZmR/u2PMSh7HtXe3F3","baseKeyType":1,"closed":-1,"used":1686284987427,"created":1686180713468,"remoteIdentityKey":"BcFbEhf61Xe57iZkfi/bAkebCI+thK2kcF7NuqyP8oRZ"},"_chains":{"BacDd5ti0NdJ7smUiIGvu2X4rVYWBF/cHR/k2PbHg2V5":{"chainKey":{"counter":3,"key":"P322sCn1SlA50Xq+wWR1jesSXRHe48VIEiTFq/duzMA="},"chainType":2,"messageKeys":{}},"BczGxt8RSiWGmzG1j1dbKPh1fVa9G/JuLYtW03jIQnRi":{"chainKey":{"counter":-1,"key":"KPRgjQR21yot9xVEDpUL5hDxxmpR0zpByZe0xFbAkS0="},"chainType":1,"messageKeys":{}}}}},"version":"v1"}