{"_sessions":{"BQcwXgyrdMONFFodxLEhyPlIu8mJGPMboUrkHtfCnd05":{"registrationId":1257493637,"currentRatchet":{"ephemeralKeyPair":{"pubKey":"BdT7Ni5yTeGGUnq8cjqcCDIA2Rk+yIu4qcmHzdvZS+I1","privKey":"UD2+0LFGFaZEz3ah8dMBcBW+cllqb/iJmcwDaDq9Fkw="},"lastRemoteEphemeralKey":"BVpK1dCqPDxbsbCXo4keqku710D1heVJZ7UBLW5Qdo9g","previousCounter":0,"rootKey":"OzBVgCCPVW1Bp4HcJhD+Q5qu+W8SNJbuUMaSSms5vH4="},"indexInfo":{"baseKey":"BQcwXgyrdMONFFodxLEhyPlIu8mJGPMboUrkHtfCnd05","baseKeyType":1,"closed":1686180714050,"used":1686180711700,"created":1686180711700,"remoteIdentityKey":"BeYMIrfRCqLRWgNifKWAmeL7cwYHc4mFiFVTv4DZs4YF"},"_chains":{"BdT7Ni5yTeGGUnq8cjqcCDIA2Rk+yIu4qcmHzdvZS+I1":{"chainKey":{"counter":0,"key":"9TDR3oib7N3OYA4Kn9vvyLVsocLWNsfksCNVI3NvziA="},"chainType":1,"messageKeys":{}}},"pendingPreKey":{"signedKeyId":3,"baseKey":"BQcwXgyrdMONFFodxLEhyPlIu8mJGPMboUrkHtfCnd05","preKeyId":4713594}},"BSnz9hrRAiEL5aj88RG7suzEeepxuwCpo8LZC2qWT80M":{"registrationId":1257493637,"currentRatchet":{"ephemeralKeyPair":{"pubKey":"BVPd15as0mcMeAswmonbKBukADZLFQ9HQZiYZDXBIJtz","privKey":"aOLcxIbiO/KpRvHbEVafbtSUXFjT76Bv9aliEGNuD0c="},"lastRemoteEphemeralKey":"BVpK1dCqPDxbsbCXo4keqku710D1heVJZ7UBLW5Qdo9g","previousCounter":0,"rootKey":"lG8IU0PaOlUndNBsqpDxKCjjDow2qXqv+eVNc5l9AwU="},"indexInfo":{"baseKey":"BSnz9hrRAiEL5aj88RG7suzEeepxuwCpo8LZC2qWT80M","baseKeyType":1,"closed":-1,"used":1686180713712,"created":1686180713712,"remoteIdentityKey":"BeYMIrfRCqLRWgNifKWAmeL7cwYHc4mFiFVTv4DZs4YF"},"_chains":{"BVPd15as0mcMeAswmonbKBukADZLFQ9HQZiYZDXBIJtz":{"chainKey":{"counter":0,"key":"FVnrmabtoflBdcT3WnOM2GcCKwk053+8/eHzPNhozuw="},"chainType":1,"messageKeys":{}}},"pendingPreKey":{"signedKeyId":3,"baseKey":"BSnz9hrRAiEL5aj88RG7suzEeepxuwCpo8LZC2qWT80M","preKeyId":4713372}}},"version":"v1"}