{"_sessions":{"BXFl0YJLwMH8v9jg69uDpC0EmwXaoQ4rLUS6WTlbZv8u":{"registrationId":846574514,"currentRatchet":{"ephemeralKeyPair":{"pubKey":"BeUUbYDJ6h1cGSLZsZt7eKvKho6xtlgn9ex6GrRWwQhq","privKey":"UI2OJcYmTN4VQa5TQ6CYs6kGZIPRWDx02RWKIAWX3WE="},"lastRemoteEphemeralKey":"BRrff+WsB93F1B+nmrbPLFvt4dLSOa6kacahHejM/Lcj","previousCounter":0,"rootKey":"A9cHjI0PtVBPiRr9Itp7IVR+MPBwFDuDoHVsyhhFA1c="},"indexInfo":{"baseKey":"BXFl0YJLwMH8v9jg69uDpC0EmwXaoQ4rLUS6WTlbZv8u","baseKeyType":1,"closed":1686180714050,"used":1686180711764,"created":1686180711764,"remoteIdentityKey":"Bbzuuw92KBDGe/Ut0xmp2UiAiTx0C1mwmxDK64g9IWQ6"},"_chains":{"BeUUbYDJ6h1cGSLZsZt7eKvKho6xtlgn9ex6GrRWwQhq":{"chainKey":{"counter":0,"key":"4sCsDSem2of+QwKhzPL2nhVAFTMCfYeET4KLlN0OFug="},"chainType":1,"messageKeys":{}}},"pendingPreKey":{"signedKeyId":6,"baseKey":"BXFl0YJLwMH8v9jg69uDpC0EmwXaoQ4rLUS6WTlbZv8u","preKeyId":1163407}},"Ba6YTpAqeqqi6JumbcYaV5w7x5rmORcjSvFY8YISwM4a":{"registrationId":846574514,"currentRatchet":{"ephemeralKeyPair":{"pubKey":"BVxsId2E4UodzGiEkN1r8EYiMQ1kMoN1DA2kbq3vaLZY","privKey":"YNM1m+9zfdBG7qTzPJorqK1Th7JiAmiVFOnyY3DAWXU="},"lastRemoteEphemeralKey":"BRrff+WsB93F1B+nmrbPLFvt4dLSOa6kacahHejM/Lcj","previousCounter":0,"rootKey":"loPdFsNvEoIJyLhmR5faUolfQMKb4seKhR3Ui6bUDhU="},"indexInfo":{"baseKey":"Ba6YTpAqeqqi6JumbcYaV5w7x5rmORcjSvFY8YISwM4a","baseKeyType":1,"closed":-1,"used":1686180713849,"created":1686180713849,"remoteIdentityKey":"Bbzuuw92KBDGe/Ut0xmp2UiAiTx0C1mwmxDK64g9IWQ6"},"_chains":{"BVxsId2E4UodzGiEkN1r8EYiMQ1kMoN1DA2kbq3vaLZY":{"chainKey":{"counter":0,"key":"2mlMPWkqSl6OpIT47co0Q4zbENkMoQ/2Tu9rinpzfTM="},"chainType":1,"messageKeys":{}}},"pendingPreKey":{"signedKeyId":6,"baseKey":"Ba6YTpAqeqqi6JumbcYaV5w7x5rmORcjSvFY8YISwM4a","preKeyId":1162935}}},"version":"v1"}