{"_sessions":{"BWYY3XKPepZj/bopOr3BwaGs74+fXhKX9EY0V23Sq9xU":{"registrationId":1032561267,"currentRatchet":{"ephemeralKeyPair":{"pubKey":"BSi8ai+cD2TGu1VFIsHQGMZDnODRHWvonNOuZQyoNQx7","privKey":"oN8PYNosGI4AHDOFCcGFAIegJADYOaiHVQTjELMLFXw="},"lastRemoteEphemeralKey":"BetusRjKYIPOTnFsJL2LS+CNvlhayVDUcjFQqmuwpUIF","previousCounter":0,"rootKey":"dpQt5sMo6c9SOL3WEOkMLkgjiEHGddmHE0BBYi64d6Y="},"indexInfo":{"baseKey":"BWYY3XKPepZj/bopOr3BwaGs74+fXhKX9EY0V23Sq9xU","baseKeyType":1,"closed":1686180714050,"used":1686180711761,"created":1686180711761,"remoteIdentityKey":"BcELo5V6WwSUca6K61SN2GSfxTlkGH+ytFrd8pgJGxYQ"},"_chains":{"BSi8ai+cD2TGu1VFIsHQGMZDnODRHWvonNOuZQyoNQx7":{"chainKey":{"counter":0,"key":"+5rFgqA+MliiyC90UMe7Fw85yJwjQx2pTmzBiX4wISI="},"chainType":1,"messageKeys":{}}},"pendingPreKey":{"signedKeyId":0,"baseKey":"BWYY3XKPepZj/bopOr3BwaGs74+fXhKX9EY0V23Sq9xU","preKeyId":11747811}},"Bewlqynrz/tkAzZt0n4aeWPIrixbkO+PU9woogW3D/12":{"registrationId":1032561267,"currentRatchet":{"ephemeralKeyPair":{"pubKey":"BS7o5wrq0qh62Rd0woce9o7AeY7orhVAjZl9svX9GdtP","privKey":"gLNuTb56oQS5OQpBvGIrLNbjrGEGN9OH/OMbugfw0kw="},"lastRemoteEphemeralKey":"BcHeYNRUeWXaEYdUhpPlBvarAZEd0KhCm9/Eg1iq0YRm","previousCounter":0,"rootKey":"/okWBRYZJXo6Ke/iLP0L4BjNgOofPb0uwLrsVbMQJRw="},"indexInfo":{"baseKey":"Bewlqynrz/tkAzZt0n4aeWPIrixbkO+PU9woogW3D/12","baseKeyType":1,"closed":-1,"used":1686226358249,"created":1686180713846,"remoteIdentityKey":"BcELo5V6WwSUca6K61SN2GSfxTlkGH+ytFrd8pgJGxYQ"},"_chains":{"BcHeYNRUeWXaEYdUhpPlBvarAZEd0KhCm9/Eg1iq0YRm":{"chainKey":{"counter":0,"key":"knhiq7YRWhLz9oP2Q1VGJupP1WIsWrpUK0dP35q3DlY="},"chainType":2,"messageKeys":{}},"BS7o5wrq0qh62Rd0woce9o7AeY7orhVAjZl9svX9GdtP":{"chainKey":{"counter":-1,"key":"E4buWmxuO6xmR55KQfZrn85JMHNxyYboSD43kvi2btE="},"chainType":1,"messageKeys":{}}}}},"version":"v1"}