{"_sessions":{"BRMai9IAAq9pHo/OpmL6dnYdF4iFq5Edfb+I2v+Km3xL":{"registrationId":1996484940,"currentRatchet":{"ephemeralKeyPair":{"pubKey":"BZVYqjwkwvu46RAlEOeyl/klRe+5Sc/d8ly6BzTlDkdK","privKey":"KJCz65o6xkt3Jfm/hmx+oM4SMRpBixya5PnhV9fsp2Y="},"lastRemoteEphemeralKey":"BTy37X5Cc4xhm1iIg0U/CXIodJY3e9oPctFLnEx4xeY3","previousCounter":0,"rootKey":"ZmlpuGQjjSxo0uo6LaHgdUBRAYh4D5m+EWzd7c/4jho="},"indexInfo":{"baseKey":"BRMai9IAAq9pHo/OpmL6dnYdF4iFq5Edfb+I2v+Km3xL","baseKeyType":2,"closed":-1,"used":1686229399455,"created":1686229399455,"remoteIdentityKey":"BVyvm+Oz+FIQ7623SbEFpCRZM/pnPElrEL3Tfc7uQRR4"},"_chains":{"BTy37X5Cc4xhm1iIg0U/CXIodJY3e9oPctFLnEx4xeY3":{"chainKey":{"counter":1,"key":"98pHU3y4I/cosusMeLoehXurvG8VSI1P9GtbwulRc1A="},"chainType":2,"messageKeys":{}},"BZVYqjwkwvu46RAlEOeyl/klRe+5Sc/d8ly6BzTlDkdK":{"chainKey":{"counter":-1,"key":"4+AGPGxSlhO/bSXQtBGmf8oXMqSp97lKs0RRyeWeF60="},"chainType":1,"messageKeys":{}}}}},"version":"v1"}