{"_sessions":{"BYNgs0Azlpav/DCBU2ZG0nLDtfCIsQEsDLMJG2afKwxU":{"registrationId":1418593154,"currentRatchet":{"ephemeralKeyPair":{"pubKey":"Bfs+HH37xIhX/tVaYPXL//MkCZTQGw345hytjO1Yid98","privKey":"UMY+viKqtKpaABPQ2CXi0uCChTbZ1N6qKReFo7GMEEM="},"lastRemoteEphemeralKey":"BRame3q1f+E+1UilBr23oU5ffIPYEIXCculwsunntrUj","previousCounter":0,"rootKey":"DJVzgmT5ZFHdX9ml4xs7JwLv5mePIUDgWgAL7me+His="},"indexInfo":{"baseKey":"BYNgs0Azlpav/DCBU2ZG0nLDtfCIsQEsDLMJG2afKwxU","baseKeyType":1,"closed":1686180714049,"used":1686180711474,"created":1686180711474,"remoteIdentityKey":"Bfd6W9eWSQrOAVVbqOxcmsXC/ScqZq0wcvUV+D8eDGJR"},"_chains":{"Bfs+HH37xIhX/tVaYPXL//MkCZTQGw345hytjO1Yid98":{"chainKey":{"counter":0,"key":"N8c7NNtJkJpbWS+6vzHo/zzDch/artnDDNldavmqWHs="},"chainType":1,"messageKeys":{}}},"pendingPreKey":{"signedKeyId":1,"baseKey":"BYNgs0Azlpav/DCBU2ZG0nLDtfCIsQEsDLMJG2afKwxU","preKeyId":15693367}},"BX4+A3su/HuEQQtwsnlpCthkzbLx7dFnaSIcXzid3NxO":{"registrationId":1418593154,"currentRatchet":{"ephemeralKeyPair":{"pubKey":"BdA/eSlxb/VUkz02kbPPLPnmR8ChOOCXTnECdTYNKIlu","privKey":"ONot1YcE6hmPT8zeYN2/qqaZYBd1VhY0ChsVxAyPynw="},"lastRemoteEphemeralKey":"BRame3q1f+E+1UilBr23oU5ffIPYEIXCculwsunntrUj","previousCounter":0,"rootKey":"YpoeHJ0m+o8COrbN+qRwAopoRSAtwN+u/PRsbHckvow="},"indexInfo":{"baseKey":"BX4+A3su/HuEQQtwsnlpCthkzbLx7dFnaSIcXzid3NxO","baseKeyType":1,"closed":1686198555558,"used":1686180713417,"created":1686180713417,"remoteIdentityKey":"Bfd6W9eWSQrOAVVbqOxcmsXC/ScqZq0wcvUV+D8eDGJR"},"_chains":{"BdA/eSlxb/VUkz02kbPPLPnmR8ChOOCXTnECdTYNKIlu":{"chainKey":{"counter":0,"key":"c3cbO2aL6AQr3w4tBAc2znFQvG+Xmeb2y4wFIx+T13Q="},"chainType":1,"messageKeys":{}}},"pendingPreKey":{"signedKeyId":1,"baseKey":"BX4+A3su/HuEQQtwsnlpCthkzbLx7dFnaSIcXzid3NxO","preKeyId":15693323}},"BUZ825pxkq9BpPMSQDwJ60oei9QlaHXsFwSOjBFy4Tkm":{"registrationId":1418593154,"currentRatchet":{"ephemeralKeyPair":{"pubKey":"BRWiuA9+G1FvQxM9uwLqZhSx/kAKsWD+RtqcXMS7HY1A","privKey":"gCVgl7+PITBTR5yx6UkkFOd7zo+MQmUEGUt97GdIkU4="},"lastRemoteEphemeralKey":"BRame3q1f+E+1UilBr23oU5ffIPYEIXCculwsunntrUj","previousCounter":0,"rootKey":"SbADPjkxN13ectYQzjvyCqq6M0p5e6lG5KGxoDaoyqc="},"indexInfo":{"baseKey":"BUZ825pxkq9BpPMSQDwJ60oei9QlaHXsFwSOjBFy4Tkm","baseKeyType":1,"closed":1686198605349,"used":1686198555556,"created":1686198555556,"remoteIdentityKey":"Bfd6W9eWSQrOAVVbqOxcmsXC/ScqZq0wcvUV+D8eDGJR"},"_chains":{"BRWiuA9+G1FvQxM9uwLqZhSx/kAKsWD+RtqcXMS7HY1A":{"chainKey":{"counter":-1,"key":"KyxDcIGDNZA/29UMBDNRz7evIOqUFsp4L3J4ubk5IxM="},"chainType":1,"messageKeys":{}}},"pendingPreKey":{"signedKeyId":1,"baseKey":"BUZ825pxkq9BpPMSQDwJ60oei9QlaHXsFwSOjBFy4Tkm","preKeyId":15693621}},"BZ+u+uuCr1+ByWSqi862TWp+Xgl94bzyFtAqxdw5fpdh":{"registrationId":1418593154,"currentRatchet":{"ephemeralKeyPair":{"pubKey":"BYHmGDQJYpiOJ0X+bDmHgO/xJChW1ge9XwiT/OzCF54T","privKey":"EK+LqeNtuGNxh1ah547r56XIm9C6JpjkbIoZzrj+NEo="},"lastRemoteEphemeralKey":"BRame3q1f+E+1UilBr23oU5ffIPYEIXCculwsunntrUj","previousCounter":0,"rootKey":"g1YF5yv6dBoYny04rPSbn0uLRTtRUpY4pVwlIGl1tFg="},"indexInfo":{"baseKey":"BZ+u+uuCr1+ByWSqi862TWp+Xgl94bzyFtAqxdw5fpdh","baseKeyType":1,"closed":1686198605674,"used":1686198605347,"created":1686198605347,"remoteIdentityKey":"Bfd6W9eWSQrOAVVbqOxcmsXC/ScqZq0wcvUV+D8eDGJR"},"_chains":{"BYHmGDQJYpiOJ0X+bDmHgO/xJChW1ge9XwiT/OzCF54T":{"chainKey":{"counter":-1,"key":"PUh4yUndpwN4Yom46pfCea1rnmeNGrGLTAyHy3G9PTQ="},"chainType":1,"messageKeys":{}}},"pendingPreKey":{"signedKeyId":1,"baseKey":"BZ+u+uuCr1+ByWSqi862TWp+Xgl94bzyFtAqxdw5fpdh","preKeyId":15693458}},"BWnYeDizD+Hy6sfX05aE25r8/kyB+iMQL44T+kzxlkFd":{"registrationId":1418593154,"currentRatchet":{"ephemeralKeyPair":{"pubKey":"BW7XzMoTTm6NG24g0LrTkhwoV+pCHehxe4+mzNMABz0k","privKey":"APacFKfd6sBEkCx8t5mN7jJwRD4ZfXKRyGGnO7e0R2Y="},"lastRemoteEphemeralKey":"BRame3q1f+E+1UilBr23oU5ffIPYEIXCculwsunntrUj","previousCounter":0,"rootKey":"J4We+gKbDOj3B4r8KA6oahWbXSItlD4JV3bRmtFVcfE="},"indexInfo":{"baseKey":"BWnYeDizD+Hy6sfX05aE25r8/kyB+iMQL44T+kzxlkFd","baseKeyType":1,"closed":1686198605998,"used":1686198605672,"created":1686198605672,"remoteIdentityKey":"Bfd6W9eWSQrOAVVbqOxcmsXC/ScqZq0wcvUV+D8eDGJR"},"_chains":{"BW7XzMoTTm6NG24g0LrTkhwoV+pCHehxe4+mzNMABz0k":{"chainKey":{"counter":-1,"key":"WJLAEmdErEnhcoeYKfLcD3jUHMHzY9YZiP0PF58sbSw="},"chainType":1,"messageKeys":{}}},"pendingPreKey":{"signedKeyId":1,"baseKey":"BWnYeDizD+Hy6sfX05aE25r8/kyB+iMQL44T+kzxlkFd","preKeyId":15693591}},"BdCgjcr11WzL/ZvkWy+ysuxEy2SKZjK3JTjSVvBXRIly":{"registrationId":1418593154,"currentRatchet":{"ephemeralKeyPair":{"pubKey":"BYf9cOmIVsrNxFCMf6ll1kXtza9wYqFITQzgHpdL8DAl","privKey":"0MaD/SEiZMpIr/TMHl85++GUgOlq+JMBKEwjiL5lQ3I="},"lastRemoteEphemeralKey":"BRame3q1f+E+1UilBr23oU5ffIPYEIXCculwsunntrUj","previousCounter":0,"rootKey":"ZizNh0OjvAe3+Y2rRcT7yB1DYMl42bM45uBBUw2dEBo="},"indexInfo":{"baseKey":"BdCgjcr11WzL/ZvkWy+ysuxEy2SKZjK3JTjSVvBXRIly","baseKeyType":1,"closed":1686198606832,"used":1686198605996,"created":1686198605996,"remoteIdentityKey":"Bfd6W9eWSQrOAVVbqOxcmsXC/ScqZq0wcvUV+D8eDGJR"},"_chains":{"BYf9cOmIVsrNxFCMf6ll1kXtza9wYqFITQzgHpdL8DAl":{"chainKey":{"counter":-1,"key":"WIiHCT8OvADbP7KiJ59p7UUM3tzUIT9iPmNdGRoKKoo="},"chainType":1,"messageKeys":{}}},"pendingPreKey":{"signedKeyId":1,"baseKey":"BdCgjcr11WzL/ZvkWy+ysuxEy2SKZjK3JTjSVvBXRIly","preKeyId":15693550}},"BeLpCNc9dH6ZGJn+lZ3gseYt5z5fjK0wG85DIWbgTCp8":{"registrationId":1418593154,"currentRatchet":{"ephemeralKeyPair":{"pubKey":"BUm2eU4jwZzebJ02cLx2786/p0qNQzBfVB0Zy/OuATdB","privKey":"GH4h1ElWbQQN57rfPOH/4wPnVtS+sP8W1CNwdBNEQHc="},"lastRemoteEphemeralKey":"BRame3q1f+E+1UilBr23oU5ffIPYEIXCculwsunntrUj","previousCounter":0,"rootKey":"DuLhdkau1AH0EeiX06ffc9Mtc3cDl+fvMaUcutaXw3M="},"indexInfo":{"baseKey":"BeLpCNc9dH6ZGJn+lZ3gseYt5z5fjK0wG85DIWbgTCp8","baseKeyType":1,"closed":1686198607201,"used":1686198606830,"created":1686198606830,"remoteIdentityKey":"Bfd6W9eWSQrOAVVbqOxcmsXC/ScqZq0wcvUV+D8eDGJR"},"_chains":{"BUm2eU4jwZzebJ02cLx2786/p0qNQzBfVB0Zy/OuATdB":{"chainKey":{"counter":-1,"key":"Mb1yDQHr8iaRDR/iB1H/EYJ7XvxhAcvADQw39tf0s3c="},"chainType":1,"messageKeys":{}}},"pendingPreKey":{"signedKeyId":1,"baseKey":"BeLpCNc9dH6ZGJn+lZ3gseYt5z5fjK0wG85DIWbgTCp8","preKeyId":15693629}},"BVcKgrTgYijPk8jbPYd9x9gOS7YNWTIfIoaEtPEQxykD":{"registrationId":1418593154,"currentRatchet":{"ephemeralKeyPair":{"pubKey":"BZKx40LLMRXn7PDP56QMYl75WboLbMlKfDf3ZEUZGlo+","privKey":"UJJN5soucI7hl6ycpzlQRP/aHpZP8E4UEMKN6yh6fWM="},"lastRemoteEphemeralKey":"BRame3q1f+E+1UilBr23oU5ffIPYEIXCculwsunntrUj","previousCounter":0,"rootKey":"nds/jNxIoITVKdptrHSpC167qgh5/UF7+a98+mQOLxw="},"indexInfo":{"baseKey":"BVcKgrTgYijPk8jbPYd9x9gOS7YNWTIfIoaEtPEQxykD","baseKeyType":1,"closed":1686198607514,"used":1686198607199,"created":1686198607199,"remoteIdentityKey":"Bfd6W9eWSQrOAVVbqOxcmsXC/ScqZq0wcvUV+D8eDGJR"},"_chains":{"BZKx40LLMRXn7PDP56QMYl75WboLbMlKfDf3ZEUZGlo+":{"chainKey":{"counter":-1,"key":"yjVy/D1gLxwJBZ06h884aRd04nWduvXaLgDy5qZqANc="},"chainType":1,"messageKeys":{}}},"pendingPreKey":{"signedKeyId":1,"baseKey":"BVcKgrTgYijPk8jbPYd9x9gOS7YNWTIfIoaEtPEQxykD","preKeyId":15693593}},"BW1WXLGahl0s4X4ZVzWg3yclkCG8r7X4VNza8DcmIDgy":{"registrationId":1418593154,"currentRatchet":{"ephemeralKeyPair":{"pubKey":"BaciggjPSjwd6jwIMs9mIg8IH67VI9MKrUUj1ekIEfZ4","privKey":"QC9K0crNr8U8VCq9MCnmH5Hl3kQb9eF4A1gUWcafkkE="},"lastRemoteEphemeralKey":"BRame3q1f+E+1UilBr23oU5ffIPYEIXCculwsunntrUj","previousCounter":0,"rootKey":"f3bPGLuudf4qGLzgI0vrU1mJLxnLUv0wUWB+PbH4DME="},"indexInfo":{"baseKey":"BW1WXLGahl0s4X4ZVzWg3yclkCG8r7X4VNza8DcmIDgy","baseKeyType":1,"closed":1686198687262,"used":1686198607512,"created":1686198607512,"remoteIdentityKey":"Bfd6W9eWSQrOAVVbqOxcmsXC/ScqZq0wcvUV+D8eDGJR"},"_chains":{"BaciggjPSjwd6jwIMs9mIg8IH67VI9MKrUUj1ekIEfZ4":{"chainKey":{"counter":-1,"key":"S8q3i3hyGKhxp5pwJQSBTHGnuIuIxzswbyZyZK+Jk0I="},"chainType":1,"messageKeys":{}}},"pendingPreKey":{"signedKeyId":1,"baseKey":"BW1WXLGahl0s4X4ZVzWg3yclkCG8r7X4VNza8DcmIDgy","preKeyId":15693559}},"BV+EbI8iU6NCNbR9sFc52kzCyThYG46OcBglTSwswJBj":{"registrationId":1418593154,"currentRatchet":{"ephemeralKeyPair":{"pubKey":"BdY7unKtY6dV26S1CTIHRzcrYlsIZB2MGcUf5M4JL9Fk","privKey":"wGb6YFvlc4SIMcRlcazylOY1CLmUPA41cpk/c3Nh1GE="},"lastRemoteEphemeralKey":"BRame3q1f+E+1UilBr23oU5ffIPYEIXCculwsunntrUj","previousCounter":0,"rootKey":"zKgnFEqxbhBjMMezSWpYNKB0EKct5hgVNNjowQZrLls="},"indexInfo":{"baseKey":"BV+EbI8iU6NCNbR9sFc52kzCyThYG46OcBglTSwswJBj","baseKeyType":1,"closed":1686198687752,"used":1686198687258,"created":1686198687258,"remoteIdentityKey":"Bfd6W9eWSQrOAVVbqOxcmsXC/ScqZq0wcvUV+D8eDGJR"},"_chains":{"BdY7unKtY6dV26S1CTIHRzcrYlsIZB2MGcUf5M4JL9Fk":{"chainKey":{"counter":-1,"key":"fPWD0ySGmHY9ezGT+YpoODCovLT5WixYxNrjJAOEoOA="},"chainType":1,"messageKeys":{}}},"pendingPreKey":{"signedKeyId":1,"baseKey":"BV+EbI8iU6NCNbR9sFc52kzCyThYG46OcBglTSwswJBj","preKeyId":15693535}},"BcoN1wUU3hlaLHSKNC1iME6Yh+PHjjb8jiM9JLO8EXN3":{"registrationId":1418593154,"currentRatchet":{"ephemeralKeyPair":{"pubKey":"BVtQX9DDFVOlo0+4bbqL5mByjaf2AJgbobSq123zk2Rm","privKey":"iLkKvAfJlNz4MaKHODrG6QlzllnfC3oVwuEWfK6sSUU="},"lastRemoteEphemeralKey":"BRame3q1f+E+1UilBr23oU5ffIPYEIXCculwsunntrUj","previousCounter":0,"rootKey":"eOR6DTe8kH7uHX4+wvohZSK9/jQfRVYJYX4Im/3eKXc="},"indexInfo":{"baseKey":"BcoN1wUU3hlaLHSKNC1iME6Yh+PHjjb8jiM9JLO8EXN3","baseKeyType":1,"closed":1686198688077,"used":1686198687749,"created":1686198687749,"remoteIdentityKey":"Bfd6W9eWSQrOAVVbqOxcmsXC/ScqZq0wcvUV+D8eDGJR"},"_chains":{"BVtQX9DDFVOlo0+4bbqL5mByjaf2AJgbobSq123zk2Rm":{"chainKey":{"counter":-1,"key":"1JomXw0oQe6/flrtx/0Vq6o6pdmDtliKwc6JqbRTL7c="},"chainType":1,"messageKeys":{}}},"pendingPreKey":{"signedKeyId":1,"baseKey":"BcoN1wUU3hlaLHSKNC1iME6Yh+PHjjb8jiM9JLO8EXN3","preKeyId":15693321}},"BfMHqN7fiE2XrPuI8Sxh8kANGZUF6oRIA8kiDWrk2IQd":{"registrationId":1418593154,"currentRatchet":{"ephemeralKeyPair":{"pubKey":"BTW+dGisAcKj06BgkzF/pvJRwVtXmPiinWgIjk3hP5UY","privKey":"GHMQn32nHgKoi+4m2yMx5+dG5mQ6cUQj9iQSVy4inUs="},"lastRemoteEphemeralKey":"BRame3q1f+E+1UilBr23oU5ffIPYEIXCculwsunntrUj","previousCounter":0,"rootKey":"J+5B3Nzx/nIJfBqfG7RPdAACWd86Lo/N7o2ZMN3f7gM="},"indexInfo":{"baseKey":"BfMHqN7fiE2XrPuI8Sxh8kANGZUF6oRIA8kiDWrk2IQd","baseKeyType":1,"closed":1686198688426,"used":1686198688075,"created":1686198688075,"remoteIdentityKey":"Bfd6W9eWSQrOAVVbqOxcmsXC/ScqZq0wcvUV+D8eDGJR"},"_chains":{"BTW+dGisAcKj06BgkzF/pvJRwVtXmPiinWgIjk3hP5UY":{"chainKey":{"counter":-1,"key":"DyU58mmzPBY17rQLR/1nXSCqZas8AiXPJN6PW3XzFhY="},"chainType":1,"messageKeys":{}}},"pendingPreKey":{"signedKeyId":1,"baseKey":"BfMHqN7fiE2XrPuI8Sxh8kANGZUF6oRIA8kiDWrk2IQd","preKeyId":15693408}},"BWSFWdTbUI+agfgjvcTt8OQCqHNDEUQL4U4tHXuPtacr":{"registrationId":1418593154,"currentRatchet":{"ephemeralKeyPair":{"pubKey":"BeRqY7iT/mGpROJKEWB9w30EqLt2f/SptdlcJQYR8ypV","privKey":"6KX10IXBI8dSPAslRs5TgFvz6MZAJOYnkJyBpQMC5Ew="},"lastRemoteEphemeralKey":"BRame3q1f+E+1UilBr23oU5ffIPYEIXCculwsunntrUj","previousCounter":0,"rootKey":"A8qbFuoebL3v7pz5/XimPp+0QyJLa0Xy6MsY7dCt5Jc="},"indexInfo":{"baseKey":"BWSFWdTbUI+agfgjvcTt8OQCqHNDEUQL4U4tHXuPtacr","baseKeyType":1,"closed":1686198688800,"used":1686198688424,"created":1686198688424,"remoteIdentityKey":"Bfd6W9eWSQrOAVVbqOxcmsXC/ScqZq0wcvUV+D8eDGJR"},"_chains":{"BeRqY7iT/mGpROJKEWB9w30EqLt2f/SptdlcJQYR8ypV":{"chainKey":{"counter":-1,"key":"/XDrPVU0TMLzwAyrPkmuxCDcR2hRUB752lBbL3i/CD0="},"chainType":1,"messageKeys":{}}},"pendingPreKey":{"signedKeyId":1,"baseKey":"BWSFWdTbUI+agfgjvcTt8OQCqHNDEUQL4U4tHXuPtacr","preKeyId":15693402}},"BQVtttFqtSEupdyqRxHZW9YEbsvJJUNMZz/2JEVN5T5s":{"registrationId":1418593154,"currentRatchet":{"ephemeralKeyPair":{"pubKey":"BUkxfodltZiympY05XRyqRiXM/8srzV97/RVf4jafahG","privKey":"sFobSBxFXhOZ4hdyByn71vXXetm1hmZnWGrW7Mc+YX4="},"lastRemoteEphemeralKey":"BRame3q1f+E+1UilBr23oU5ffIPYEIXCculwsunntrUj","previousCounter":0,"rootKey":"mkcn31sQe/T/1u4TCc2uyS+VxOfYqQEHm4w/rZXXLAE="},"indexInfo":{"baseKey":"BQVtttFqtSEupdyqRxHZW9YEbsvJJUNMZz/2JEVN5T5s","baseKeyType":1,"closed":-1,"used":1686198688798,"created":1686198688798,"remoteIdentityKey":"Bfd6W9eWSQrOAVVbqOxcmsXC/ScqZq0wcvUV+D8eDGJR"},"_chains":{"BUkxfodltZiympY05XRyqRiXM/8srzV97/RVf4jafahG":{"chainKey":{"counter":-1,"key":"T7vx+kTSUhsJBg1mhMraSgQ14iFRpm+ZSFwYP3rgAuc="},"chainType":1,"messageKeys":{}}},"pendingPreKey":{"signedKeyId":1,"baseKey":"BQVtttFqtSEupdyqRxHZW9YEbsvJJUNMZz/2JEVN5T5s","preKeyId":15693575}}},"version":"v1"}