{"_sessions":{"Beee6GLGc0Bo+yR1VMQA1Y4BahfOadZavjxYua3KEtob":{"registrationId":209021649,"currentRatchet":{"ephemeralKeyPair":{"pubKey":"BbmksS6eCjswE/v16pGcw8F9IGJHebgZUZfVTxjiNZpP","privKey":"sLiaJsXbb/890WvMEEG7A+t2Pgp0ixRw1LQZfNrIHGU="},"lastRemoteEphemeralKey":"BeQ2XnUmlZwMpz6N7cn+5lKK0auAqyjgd3HnlBWo7poV","previousCounter":0,"rootKey":"GF1hBhPUoGPV31X1fNSb4AiHgnySKLpTQmL6JUFlOAo="},"indexInfo":{"baseKey":"Beee6GLGc0Bo+yR1VMQA1Y4BahfOadZavjxYua3KEtob","baseKeyType":1,"closed":1686180714051,"used":1686180711834,"created":1686180711834,"remoteIdentityKey":"BfAkUf46uvdUOJW44RnTsccqTTVhA9hnL+DGtXdqmhNG"},"_chains":{"BbmksS6eCjswE/v16pGcw8F9IGJHebgZUZfVTxjiNZpP":{"chainKey":{"counter":0,"key":"A2UPI58x115R9gxfbD3fba4VF5eaS7ReuQ9JIx3wfLE="},"chainType":1,"messageKeys":{}}},"pendingPreKey":{"signedKeyId":0,"baseKey":"Beee6GLGc0Bo+yR1VMQA1Y4BahfOadZavjxYua3KEtob"}},"BTgdFoAzz0osRV+3c/zCs6CPu99LFSI/Hd+MIvkCB+ot":{"registrationId":209021649,"currentRatchet":{"ephemeralKeyPair":{"pubKey":"BW0P7+VHnHT7JUI8sSApnxSK7I1lINVroDjCFHU37xBY","privKey":"OPs9BxecWh8riKY++9dCwr8z9MXV0+kSwbq5yYkyynw="},"lastRemoteEphemeralKey":"BeQ2XnUmlZwMpz6N7cn+5lKK0auAqyjgd3HnlBWo7poV","previousCounter":0,"rootKey":"G5i/yDhTGQppca76Q6Zpbd8rKHCsAEwtuKi2HnFELPk="},"indexInfo":{"baseKey":"BTgdFoAzz0osRV+3c/zCs6CPu99LFSI/Hd+MIvkCB+ot","baseKeyType":1,"closed":-1,"used":1686180714016,"created":1686180714016,"remoteIdentityKey":"BfAkUf46uvdUOJW44RnTsccqTTVhA9hnL+DGtXdqmhNG"},"_chains":{"BW0P7+VHnHT7JUI8sSApnxSK7I1lINVroDjCFHU37xBY":{"chainKey":{"counter":0,"key":"FPQc9kcDvCSD2cmWhjGec8d01jurCB2G3s4uLNTRjgU="},"chainType":1,"messageKeys":{}}},"pendingPreKey":{"signedKeyId":0,"baseKey":"BTgdFoAzz0osRV+3c/zCs6CPu99LFSI/Hd+MIvkCB+ot"}}},"version":"v1"}