{"_sessions":{"BVdJYBSsM+1noV5yiUSe0KzWgm+jnTUxv4p9EWF61WsS":{"registrationId":254,"currentRatchet":{"ephemeralKeyPair":{"pubKey":"Bd5e0AUefUcotvhNK54yFDTTbXk92zpFtjmvW+eI6flq","privKey":"AHwbNwYKWEB2QCuSCRJxcoxt/m8nkSLaz+/lxX0qyXM="},"lastRemoteEphemeralKey":"BTJBgtvyrhlKhxQ09ikoFJ4RkIQbnP+rzIzuxBFdNy8N","previousCounter":0,"rootKey":"JxILN4i87t4cW4arjnoJZwYbySmdgfrKKmWLcua273E="},"indexInfo":{"baseKey":"BVdJYBSsM+1noV5yiUSe0KzWgm+jnTUxv4p9EWF61WsS","baseKeyType":1,"closed":1686180714048,"used":1686180711296,"created":1686180711296,"remoteIdentityKey":"BWZ7nLzTXQqshkO2GU1tjHulwukrdQ+Hwi71LoMGmbN9"},"_chains":{"Bd5e0AUefUcotvhNK54yFDTTbXk92zpFtjmvW+eI6flq":{"chainKey":{"counter":0,"key":"1e4iPdti6MSEjJdv3XYjV0KfMt61PHH5Yo6dP9j6fgE="},"chainType":1,"messageKeys":{}}},"pendingPreKey":{"signedKeyId":1,"baseKey":"BVdJYBSsM+1noV5yiUSe0KzWgm+jnTUxv4p9EWF61WsS"}},"BRChi6h2Q8zhqA7fIqwDENv9KhkrXU8wxdJr33sS6PQo":{"registrationId":254,"currentRatchet":{"ephemeralKeyPair":{"pubKey":"BZuIAD1rMql/8acW9Jtl2zfFDYs0ULr6ffB9hCxgRapB","privKey":"4LkJQJAsHT4/VQ7TX3sf+fEZpaMcE4bZsCtB5w/yVn0="},"lastRemoteEphemeralKey":"BTJBgtvyrhlKhxQ09ikoFJ4RkIQbnP+rzIzuxBFdNy8N","previousCounter":0,"rootKey":"hqTjLb2cQERonCsusXpNsssaTH4CdKrRTH8hr/XM+N8="},"indexInfo":{"baseKey":"BRChi6h2Q8zhqA7fIqwDENv9KhkrXU8wxdJr33sS6PQo","baseKeyType":1,"closed":-1,"used":1686180713250,"created":1686180713250,"remoteIdentityKey":"BWZ7nLzTXQqshkO2GU1tjHulwukrdQ+Hwi71LoMGmbN9"},"_chains":{"BZuIAD1rMql/8acW9Jtl2zfFDYs0ULr6ffB9hCxgRapB":{"chainKey":{"counter":0,"key":"3P3sn+pm5moeskQkCU7GqROxsWwllTg1c73D+2E1D3o="},"chainType":1,"messageKeys":{}}},"pendingPreKey":{"signedKeyId":1,"baseKey":"BRChi6h2Q8zhqA7fIqwDENv9KhkrXU8wxdJr33sS6PQo"}}},"version":"v1"}