{"_sessions":{"BWkUc0ybPoVBiXsDP1NLTJezvXd3nn05CT1isC19e55L":{"registrationId":1091619612,"currentRatchet":{"ephemeralKeyPair":{"pubKey":"BVGO5+adlCWi+/ZF8Ayhl+aHq+mz4s88rkN44dF8xwJQ","privKey":"kEuR88fpYnHdGNVRX/1UTOIg9wq8E9FQmlvyl+kBHls="},"lastRemoteEphemeralKey":"BXFaqaWuJcgXYtFenjUh8BU7P980I2Dvy0b0VJzkweNO","previousCounter":0,"rootKey":"wDQ5XU4UJyUk2ytTp35PZU2yu3aR+6DBgC4DEN43gvE="},"indexInfo":{"baseKey":"BWkUc0ybPoVBiXsDP1NLTJezvXd3nn05CT1isC19e55L","baseKeyType":2,"closed":-1,"used":1686294765249,"created":1686294765249,"remoteIdentityKey":"BVCU5x4ZEP3Fxo/m1K1rxxz/HeWGo3zN73fJjOdjrK4+"},"_chains":{"BXFaqaWuJcgXYtFenjUh8BU7P980I2Dvy0b0VJzkweNO":{"chainKey":{"counter":0,"key":"1H8MXm6aMhUEVDzWbrJuRLl/Kk+eXHjXk3/76vPnyjo="},"chainType":2,"messageKeys":{}},"BVGO5+adlCWi+/ZF8Ayhl+aHq+mz4s88rkN44dF8xwJQ":{"chainKey":{"counter":-1,"key":"BZ29ck2ACNPPx+l4hnw1xfT6oVsJ1Ce1/zFQscTRBP8="},"chainType":1,"messageKeys":{}}}}},"version":"v1"}