{"_sessions":{"BTgKkuM2SeROVm8HrZgq3oXppKzEhXyvrRchljuIHFIZ":{"registrationId":1480054119,"currentRatchet":{"ephemeralKeyPair":{"pubKey":"BS2DQ4Yfb7kDuVtiVi9sUYvgLVhk3eSbWgk3mvw0jVpo","privKey":"OI1tVGd2FzMIUpEqKw4YPsjZo2RrFC+s5NNIiLv+Rnk="},"lastRemoteEphemeralKey":"BT7/bRxb5/m91JPGCI09yU9+opu9gyJ7CtID2ZqhMRcj","previousCounter":0,"rootKey":"/y8gtKwKj/Aa9KeCJyKq+YVUu7FWCXgpfuSWmBtCp0o="},"indexInfo":{"baseKey":"BTgKkuM2SeROVm8HrZgq3oXppKzEhXyvrRchljuIHFIZ","baseKeyType":2,"closed":-1,"used":1686290967476,"created":1686290967476,"remoteIdentityKey":"BecO1rGJeiwXhar8YSaree+mRx6d5ODfbtFHTWGk/61I"},"_chains":{"BT7/bRxb5/m91JPGCI09yU9+opu9gyJ7CtID2ZqhMRcj":{"chainKey":{"counter":0,"key":"sUsjf0lZDCqsziD7XdweKCIdfpzakLWEmnWlGkd6Two="},"chainType":2,"messageKeys":{}},"BS2DQ4Yfb7kDuVtiVi9sUYvgLVhk3eSbWgk3mvw0jVpo":{"chainKey":{"counter":-1,"key":"If65HcGBYRLiI3VsFei1xdTQJTRux+27qcYJjqbF++M="},"chainType":1,"messageKeys":{}}}}},"version":"v1"}