{"_sessions":{"BR9A0GDyMC6wL5HdTN4aeD2Yu5kPqbonC09LmymNac5q":{"registrationId":1185652478,"currentRatchet":{"ephemeralKeyPair":{"pubKey":"BZGrldf85Jflt7uY9xyW1Wg9K8vAMQS3b23F6KCfN/k/","privKey":"KF7/z8X+90YpQF1TgwaG2zhKvfMDPTCZnZfMXIRdsU8="},"lastRemoteEphemeralKey":"BcVhs6robPBP6om/8xykUED1um+bScZa9ENNtplcf4dL","previousCounter":0,"rootKey":"27HFFOy8tt8tw5yx4/3BSg8BKrFeBsVB+nBHwnjMlMw="},"indexInfo":{"baseKey":"BR9A0GDyMC6wL5HdTN4aeD2Yu5kPqbonC09LmymNac5q","baseKeyType":2,"closed":-1,"used":1686188452412,"created":1686188452412,"remoteIdentityKey":"BYMNlz6ZfqJwD/1Jy2hvWoaHlA+H1zWb3wSKILR9rVAF"},"_chains":{"BcVhs6robPBP6om/8xykUED1um+bScZa9ENNtplcf4dL":{"chainKey":{"counter":4,"key":"vW0j1d2Ab2mcITbw+QagwYwNsjtsFLEPGwtbXakfjvw="},"chainType":2,"messageKeys":{}},"BZGrldf85Jflt7uY9xyW1Wg9K8vAMQS3b23F6KCfN/k/":{"chainKey":{"counter":-1,"key":"TPGwBI39mKDvg6W8c0GDSW9RgdRwq4aM+nwfdBD7ges="},"chainType":1,"messageKeys":{}}}}},"version":"v1"}