{"_sessions":{"BZiLWu/C6tAmVr08etQyK+yWdCwtb+eeBjU/E79VuEdu":{"registrationId":900959999,"currentRatchet":{"ephemeralKeyPair":{"pubKey":"BeA0etVwl5Uqr8cfuPU1XvXxlyMO8sYKzJMUmbSQBYlX","privKey":"+IrikL6Wl9moSHMU7vVfkwIE8MXK20FM/1YFKCnUyW0="},"lastRemoteEphemeralKey":"BY6Z0H2RxFUt3Iq9eHJfTKTmDE1bOI1luTxKE38gyrhC","previousCounter":0,"rootKey":"QJCUHHNtAG4T5a26AB5n5WB8P0FdJ3kx6r0DhE+85VA="},"indexInfo":{"baseKey":"BZiLWu/C6tAmVr08etQyK+yWdCwtb+eeBjU/E79VuEdu","baseKeyType":2,"closed":-1,"used":1686240883951,"created":1686240883951,"remoteIdentityKey":"Bb3XYsWeQO7a5Iy4MCJk7xaEgjcsqvvf62oUQOPHc6Mv"},"_chains":{"BY6Z0H2RxFUt3Iq9eHJfTKTmDE1bOI1luTxKE38gyrhC":{"chainKey":{"counter":0,"key":"A+lNJJoRf4FPsG0C9NBtolsjI4+83P12Kr2qyqfix/Q="},"chainType":2,"messageKeys":{}},"BeA0etVwl5Uqr8cfuPU1XvXxlyMO8sYKzJMUmbSQBYlX":{"chainKey":{"counter":-1,"key":"o2btzXYAVhiW7MLDTkFt3bCxvbNfflX6wyvV5rMhOQM="},"chainType":1,"messageKeys":{}}}}},"version":"v1"}