{"_sessions":{"BVzhmqm+/3wgmPqxL65Z1llLHM+HC0TE4rZ+i++vLdZw":{"registrationId":850653219,"currentRatchet":{"ephemeralKeyPair":{"pubKey":"BYR0j3KAK8nZgAlvK/T9Vsiv+BNUYnIjwV4AYpwXmBhV","privKey":"wMr0tmYytbnWH/cWJCguvRkekwvXhCn3aW9nQJqZ+Wc="},"lastRemoteEphemeralKey":"Bdnr+1bs1x6qyPj0bN7JQZqxlsgjDVsP08glFrVGq5oy","previousCounter":0,"rootKey":"qYVlPpQ9blx4F29e6UG7KMJDyJkyroklkpdoX1pJqkM="},"indexInfo":{"baseKey":"BVzhmqm+/3wgmPqxL65Z1llLHM+HC0TE4rZ+i++vLdZw","baseKeyType":1,"closed":1686180714049,"used":1686180711576,"created":1686180711576,"remoteIdentityKey":"BZGd4F/sSsTmM8euIKrjGj7kYK5JE50TjH5516j36l0A"},"_chains":{"BYR0j3KAK8nZgAlvK/T9Vsiv+BNUYnIjwV4AYpwXmBhV":{"chainKey":{"counter":0,"key":"pHVeN2x73HM9NwZwOlg8JLVUjho7ecgQK+Ck3Yjp+D0="},"chainType":1,"messageKeys":{}}},"pendingPreKey":{"signedKeyId":3,"baseKey":"BVzhmqm+/3wgmPqxL65Z1llLHM+HC0TE4rZ+i++vLdZw","preKeyId":228444}},"BXMLY5JhWgVhlPR3sCAKt08+jFT9REdwwpi13ji0IJB9":{"registrationId":850653219,"currentRatchet":{"ephemeralKeyPair":{"pubKey":"BeeJ0PNW4vIg3Y6sNe0+PgNyoV9xTZ6QdbWv51/XqYoK","privKey":"qAxe94v9u/mk7JBzfqfiN3zdH/ObgfslPsFOVRfTJWc="},"lastRemoteEphemeralKey":"Bdnr+1bs1x6qyPj0bN7JQZqxlsgjDVsP08glFrVGq5oy","previousCounter":0,"rootKey":"46o7FYIBf8lW++oW6PqtjyBr64YwU/msDzBTrIxrZpc="},"indexInfo":{"baseKey":"BXMLY5JhWgVhlPR3sCAKt08+jFT9REdwwpi13ji0IJB9","baseKeyType":1,"closed":-1,"used":1686180713504,"created":1686180713504,"remoteIdentityKey":"BZGd4F/sSsTmM8euIKrjGj7kYK5JE50TjH5516j36l0A"},"_chains":{"BeeJ0PNW4vIg3Y6sNe0+PgNyoV9xTZ6QdbWv51/XqYoK":{"chainKey":{"counter":0,"key":"X729GFfpC5CzTakzjt6cFIFlBGcl1nEnHMybe2XgYQQ="},"chainType":1,"messageKeys":{}}},"pendingPreKey":{"signedKeyId":3,"baseKey":"BXMLY5JhWgVhlPR3sCAKt08+jFT9REdwwpi13ji0IJB9","preKeyId":227863}}},"version":"v1"}