{"_sessions":{"BUuhv7fbI+espZzy/0FlLycsUqV3TMYf9Zxv0aN+e+wK":{"registrationId":1064867577,"currentRatchet":{"ephemeralKeyPair":{"pubKey":"BSTYtXBFZZLjoZl/OUqMaMBJbt/z8bC+Q/FTLL3O+cYq","privKey":"AHPjm2gGNkqUUDdnGCPaZAafVSlGMlUu8+HTcrBu9kQ="},"lastRemoteEphemeralKey":"BYbZzkFzK2rokAMFuEKKQ+BxzpzVP8xRjKVg04JiF7M0","previousCounter":0,"rootKey":"qGymupyxNXxjHneGIF2ChQHNdbtAypw597unrNqfQJk="},"indexInfo":{"baseKey":"BUuhv7fbI+espZzy/0FlLycsUqV3TMYf9Zxv0aN+e+wK","baseKeyType":2,"closed":-1,"used":1686212896280,"created":1686212896280,"remoteIdentityKey":"BbmuE+KuhFtmP2S87MQ4e4J68MVLc7f9ZwTmfxXPynwz"},"_chains":{"BYbZzkFzK2rokAMFuEKKQ+BxzpzVP8xRjKVg04JiF7M0":{"chainKey":{"counter":0,"key":"BqCI+n1MMIastISTzJfEBk4ZumhS0qj/r+TkHBqsCz8="},"chainType":2,"messageKeys":{}},"BSTYtXBFZZLjoZl/OUqMaMBJbt/z8bC+Q/FTLL3O+cYq":{"chainKey":{"counter":-1,"key":"Mbx5O0i84EYkBJTdQlOrY4pX2P1qmGRc4JmBmp57oYg="},"chainType":1,"messageKeys":{}}}}},"version":"v1"}