{"_sessions":{"BbMenOJF3s6Og9yVd9tO+fZFJ48EgXVveCrdT6s3vK8e":{"registrationId":1116037442,"currentRatchet":{"ephemeralKeyPair":{"pubKey":"BRh7KtWm4JbLOaHfJtXEsQCNEArTpy1R0c5gLohmmJgx","privKey":"WFmurNqLjDcQlaFoG9fCbweywPgItvSwWWaYRusB3E0="},"lastRemoteEphemeralKey":"BUhtd7lv7vkU6qYgqx+jcsebswlDHCNTijaDNue5XPUS","previousCounter":0,"rootKey":"JvzFKGTwAND8Uqd10OQIXgIjNwwaA9dRcnHhlfucK4g="},"indexInfo":{"baseKey":"BbMenOJF3s6Og9yVd9tO+fZFJ48EgXVveCrdT6s3vK8e","baseKeyType":1,"closed":1686180714051,"used":1686180711804,"created":1686180711804,"remoteIdentityKey":"Bbdv3s3zBID+2Y4LeWJ6RWh8Y6UxeTpRioXUizJ+FTBd"},"_chains":{"BRh7KtWm4JbLOaHfJtXEsQCNEArTpy1R0c5gLohmmJgx":{"chainKey":{"counter":0,"key":"yTM62a/OoLvwXOXKiTGN8c9eoh4xdRDOuUe/r3BuE/A="},"chainType":1,"messageKeys":{}}},"pendingPreKey":{"signedKeyId":26,"baseKey":"BbMenOJF3s6Og9yVd9tO+fZFJ48EgXVveCrdT6s3vK8e","preKeyId":5234210}},"BUEXYw5POIF5flqyp9OSd6YVCFzXBTFL3g+bfRKh13B1":{"registrationId":1116037442,"currentRatchet":{"ephemeralKeyPair":{"pubKey":"BdLX4oc8HcXmdJHMxlzSx9u5uBESJUWDaGR/luIFBBJ2","privKey":"qM0zWVA4/SIvTkiqkpsERDooJZfrPhjkvOE9awbqdX0="},"lastRemoteEphemeralKey":"Baaf6b1GvTI9OAhBjbkExWxlPCXUQqMLa5gsQZNclo49","previousCounter":0,"rootKey":"yd8IWGJZ9vqEfQA55GXoJhfzZRFNobMdfZfmLz3cTCU="},"indexInfo":{"baseKey":"BUEXYw5POIF5flqyp9OSd6YVCFzXBTFL3g+bfRKh13B1","baseKeyType":1,"closed":-1,"used":1686202801859,"created":1686180713933,"remoteIdentityKey":"Bbdv3s3zBID+2Y4LeWJ6RWh8Y6UxeTpRioXUizJ+FTBd"},"_chains":{"Baaf6b1GvTI9OAhBjbkExWxlPCXUQqMLa5gsQZNclo49":{"chainKey":{"counter":0,"key":"SEu1Xz+pbq4mm+4LF7DLZr4KL4deE8oHSk5vGql1Nnk="},"chainType":2,"messageKeys":{}},"BdLX4oc8HcXmdJHMxlzSx9u5uBESJUWDaGR/luIFBBJ2":{"chainKey":{"counter":-1,"key":"PTX3qw1fLtDeFrE2+lGBDuueMRfkPE5f/1ty7kyxMJ0="},"chainType":1,"messageKeys":{}}}}},"version":"v1"}