{"_sessions":{"Baqxpzc4Wq092kRW2HaGniN0Od668wKNFYm6xhx4Kl0W":{"registrationId":2135535638,"currentRatchet":{"ephemeralKeyPair":{"pubKey":"BSDYe6hSYFCr9QvsdG8cL78H2ydt/9gJLPiR4OYp1+0i","privKey":"ILxkqOXQVdIlir9cm7jnEqadbGkCyztEgt0cJMoTx2g="},"lastRemoteEphemeralKey":"BRIuH18dvnVsFd7XqV0gJ0kPwT06nzpZth8xFLi4p6V2","previousCounter":0,"rootKey":"5T7NOA2NJYbr4HhHeWSeKgQa+2bHWqdPeMIqnrHVAro="},"indexInfo":{"baseKey":"Baqxpzc4Wq092kRW2HaGniN0Od668wKNFYm6xhx4Kl0W","baseKeyType":2,"closed":-1,"used":1686219130930,"created":1686219130930,"remoteIdentityKey":"BbQ+HktBCMiOWP37WccI60513IW0txQmwsa+hb3vgLww"},"_chains":{"BRIuH18dvnVsFd7XqV0gJ0kPwT06nzpZth8xFLi4p6V2":{"chainKey":{"counter":1,"key":"BpoI4Cz9SGU9dkwtcfbxWijaDZL0tWYr9PpddU/I9lA="},"chainType":2,"messageKeys":{"0":"7fDObmN4U7oeLxjV+jKVfX0SeRvMP7WvC8unqyuWqrI="}},"BSDYe6hSYFCr9QvsdG8cL78H2ydt/9gJLPiR4OYp1+0i":{"chainKey":{"counter":-1,"key":"7hnIacBx/o/+p39JeyRqxnBfBm69Mp5GFahvRulbdds="},"chainType":1,"messageKeys":{}}}}},"version":"v1"}