{"_sessions":{"BYoWIW5qzFnwapDh3h9LY1uTww9c2nhCY1nSf13W+c8Z":{"registrationId":93544561,"currentRatchet":{"ephemeralKeyPair":{"pubKey":"BbycAK8L51f9ffAK2mFM6Ia8vwREv+ir1h8AXrD/gPYt","privKey":"AEmZf6hfVS/lUqaATkKlHHvnDBaeqUknb2t7B9SFrGM="},"lastRemoteEphemeralKey":"BYSs2CtxCfnsjsUApA4N1KsC/+2i0ugSc83HRMNyZxwl","previousCounter":0,"rootKey":"hKhFaCoOCKujuQ3ReFAfJqUEPX6ZfHMGb8RWf/jo6h4="},"indexInfo":{"baseKey":"BYoWIW5qzFnwapDh3h9LY1uTww9c2nhCY1nSf13W+c8Z","baseKeyType":2,"closed":-1,"used":1686188859843,"created":1686188859843,"remoteIdentityKey":"BQYDuin26Ai+HwZ6bpapzmv/G6lW8nGEaDG2/xoTdQB+"},"_chains":{"BYSs2CtxCfnsjsUApA4N1KsC/+2i0ugSc83HRMNyZxwl":{"chainKey":{"counter":0,"key":"Jt4pwshy2yo9o1S/4eJy9kisCHDgVD2V29S/+m3psKY="},"chainType":2,"messageKeys":{}},"BbycAK8L51f9ffAK2mFM6Ia8vwREv+ir1h8AXrD/gPYt":{"chainKey":{"counter":-1,"key":"7B6pkxkMwuY1+QTeRz/yFR5Mhm+idtTru7CEzmv3Pts="},"chainType":1,"messageKeys":{}}}}},"version":"v1"}