{"_sessions":{"BZa06V6DvhKrMStF91k8tBcN6KC22FtwijiG0D/w1Jdt":{"registrationId":495232240,"currentRatchet":{"ephemeralKeyPair":{"pubKey":"BdzcLnLwzZqbkak252MZGBu6L3RdKbKJ/blEoRM4wqhg","privKey":"SEplbuYqFbfVlfb7gT90xFWxrkGBd85PH6PVA/RVVFQ="},"lastRemoteEphemeralKey":"BdPlBkBhxU0Y0mj1xdYXAR4Ty9f0Ggi11JpOoagdR/dm","previousCounter":0,"rootKey":"DoCaiP+u7J8IFelemTYnJEP81FWV1oiI9Ok+uvWBChQ="},"indexInfo":{"baseKey":"BZa06V6DvhKrMStF91k8tBcN6KC22FtwijiG0D/w1Jdt","baseKeyType":1,"closed":1686180714050,"used":1686180711793,"created":1686180711793,"remoteIdentityKey":"BdOfjTIoAEJClLQn04782R8LhbhCddQSrmF1cm8l5HpS"},"_chains":{"BdzcLnLwzZqbkak252MZGBu6L3RdKbKJ/blEoRM4wqhg":{"chainKey":{"counter":0,"key":"+8YFGlh8cJPxgkbmjZSnQrst2f0M4GKYu58UtWq9VMM="},"chainType":1,"messageKeys":{}}},"pendingPreKey":{"signedKeyId":13020100,"baseKey":"BZa06V6DvhKrMStF91k8tBcN6KC22FtwijiG0D/w1Jdt","preKeyId":3294}},"Bav61vOf93HTIfDOZcV9uHojBg/RULr4+KAzrqSsd01D":{"registrationId":495232240,"currentRatchet":{"ephemeralKeyPair":{"pubKey":"BX19MwJVsJUWZ+QRtCnaWmVwDJaUXaLEHDOYqtNO78kA","privKey":"6JcwOIY8Mbp1Xg7KzBCG1k4CgJuZ1u3zx1moZkB7D34="},"lastRemoteEphemeralKey":"BdPlBkBhxU0Y0mj1xdYXAR4Ty9f0Ggi11JpOoagdR/dm","previousCounter":0,"rootKey":"MQ8pov3jRLd4saoRgNSU1C1WhRQ7ZnLKKA94l9pdTVo="},"indexInfo":{"baseKey":"Bav61vOf93HTIfDOZcV9uHojBg/RULr4+KAzrqSsd01D","baseKeyType":1,"closed":-1,"used":1686180713910,"created":1686180713910,"remoteIdentityKey":"BdOfjTIoAEJClLQn04782R8LhbhCddQSrmF1cm8l5HpS"},"_chains":{"BX19MwJVsJUWZ+QRtCnaWmVwDJaUXaLEHDOYqtNO78kA":{"chainKey":{"counter":0,"key":"IP8143yIBK+x//vwrIJpruXCCkeZ6PoYzau/Z5jYyrY="},"chainType":1,"messageKeys":{}}},"pendingPreKey":{"signedKeyId":13020100,"baseKey":"Bav61vOf93HTIfDOZcV9uHojBg/RULr4+KAzrqSsd01D","preKeyId":3986}}},"version":"v1"}