{"_sessions":{"BeFa9E77R6x2YyTHXFWAWKoQk/9YruTQ73rQyBdG8J4m":{"registrationId":298953520,"currentRatchet":{"ephemeralKeyPair":{"pubKey":"BfTXLeF+KuU9Y9gU5vMHUpYrHqF3LLq31/57Rp/S1yF5","privKey":"AKqxdVkC9y+aDM5HPrrUK+rUppJqWWXSK1fHTrjFLGQ="},"lastRemoteEphemeralKey":"BVNkhDxxvzOaQZdTtCM75W8QMThDZFS3uzkZFKINn61J","previousCounter":0,"rootKey":"5i9eozsPDRZqLxgXkpJm0XDiW8FJjKcXKFe15BmkZiE="},"indexInfo":{"baseKey":"BeFa9E77R6x2YyTHXFWAWKoQk/9YruTQ73rQyBdG8J4m","baseKeyType":1,"closed":1686180714049,"used":1686180711487,"created":1686180711487,"remoteIdentityKey":"BXdwCUyeOAbDhntU4ItsMgXhFtA3cPeQZ2w+7H4qOsZL"},"_chains":{"BfTXLeF+KuU9Y9gU5vMHUpYrHqF3LLq31/57Rp/S1yF5":{"chainKey":{"counter":0,"key":"zmPMmjir8ZvMDU3MmVIEEAzYNNU3JDImo3sJ3BGwdBo="},"chainType":1,"messageKeys":{}}},"pendingPreKey":{"signedKeyId":8,"baseKey":"BeFa9E77R6x2YyTHXFWAWKoQk/9YruTQ73rQyBdG8J4m","preKeyId":10326008}},"BZhaWXuAKmTEb+bfxOdG6b+2W9uUAlTAeK9m28NP1W4v":{"registrationId":298953520,"currentRatchet":{"ephemeralKeyPair":{"pubKey":"BfHXt6V1HBxaEMs0eX65MehoRfZd1aSjkL52f1KwsXoC","privKey":"uJ/jzeaDVXxhDd9X6o2GRxitizSebE1a8xd3fgxR4Eo="},"lastRemoteEphemeralKey":"BVNkhDxxvzOaQZdTtCM75W8QMThDZFS3uzkZFKINn61J","previousCounter":0,"rootKey":"DpRf9Omiweo1pi0af/6ti+rlvLKZhr6XK6Z9M9KZgUM="},"indexInfo":{"baseKey":"BZhaWXuAKmTEb+bfxOdG6b+2W9uUAlTAeK9m28NP1W4v","baseKeyType":1,"closed":-1,"used":1686180713430,"created":1686180713430,"remoteIdentityKey":"BXdwCUyeOAbDhntU4ItsMgXhFtA3cPeQZ2w+7H4qOsZL"},"_chains":{"BfHXt6V1HBxaEMs0eX65MehoRfZd1aSjkL52f1KwsXoC":{"chainKey":{"counter":0,"key":"3sBoc9BEdSN5CsiTV1YDZgnTsXahYZn5UwkuajvqgiM="},"chainType":1,"messageKeys":{}}},"pendingPreKey":{"signedKeyId":8,"baseKey":"BZhaWXuAKmTEb+bfxOdG6b+2W9uUAlTAeK9m28NP1W4v","preKeyId":10326372}}},"version":"v1"}