{"_sessions":{"BUiuTtD6aWdw4RR42ZHiCyALm3j+bSNz3ZZ4ZVx4b2xx":{"registrationId":1334261130,"currentRatchet":{"ephemeralKeyPair":{"pubKey":"BcO6jl7cU/aoBjf9FPH5EtoCPxe0++OEiSxkz19TG4Qa","privKey":"UCCuHloJWUHZUOY6ViXOWJzUQcjrXTJkO5qX7093L2k="},"lastRemoteEphemeralKey":"BSIGUgVMmOJ5OZ+sgoWAbKh400BYMwQ+LDTfp2+iKGVG","previousCounter":0,"rootKey":"9oKY2JixyGjNoj2e9iyRwgfCiB7cPGxOz4KqGM6Hxl4="},"indexInfo":{"baseKey":"BUiuTtD6aWdw4RR42ZHiCyALm3j+bSNz3ZZ4ZVx4b2xx","baseKeyType":1,"closed":1686180714049,"used":1686180711466,"created":1686180711466,"remoteIdentityKey":"BYYguirx5ftym3V44EFy8dZ44UWDqFNRK955gUcJ/QAY"},"_chains":{"BcO6jl7cU/aoBjf9FPH5EtoCPxe0++OEiSxkz19TG4Qa":{"chainKey":{"counter":0,"key":"yifiayu/Ne8lkBOXJVYNAJYEcytNZkrW4rOYM0nZSPw="},"chainType":1,"messageKeys":{}}},"pendingPreKey":{"signedKeyId":6,"baseKey":"BUiuTtD6aWdw4RR42ZHiCyALm3j+bSNz3ZZ4ZVx4b2xx","preKeyId":13550564}},"BR3bme3ljtvy0wWd9BZsxuCMfcQp+8CahNaPlPto+Ap7":{"registrationId":1334261130,"currentRatchet":{"ephemeralKeyPair":{"pubKey":"BTUW+9DmGXRpsB4/BW2HF+eIwoLdSArXaPz8x+aibDlD","privKey":"OFmaqu5FmLfnJgZLZ36fxrJO6CEUw7PqhB3uWOzZU0U="},"lastRemoteEphemeralKey":"BSIGUgVMmOJ5OZ+sgoWAbKh400BYMwQ+LDTfp2+iKGVG","previousCounter":0,"rootKey":"ZXbkCoNpEf5tz+RNj6PFFUV/dDDPuMBzmoCNxTZp7qo="},"indexInfo":{"baseKey":"BR3bme3ljtvy0wWd9BZsxuCMfcQp+8CahNaPlPto+Ap7","baseKeyType":1,"closed":-1,"used":1686180713410,"created":1686180713410,"remoteIdentityKey":"BYYguirx5ftym3V44EFy8dZ44UWDqFNRK955gUcJ/QAY"},"_chains":{"BTUW+9DmGXRpsB4/BW2HF+eIwoLdSArXaPz8x+aibDlD":{"chainKey":{"counter":0,"key":"A2JeA4ZzOAQ0d6ciyboxXkl5rr70aHx57lvdSgYmpxE="},"chainType":1,"messageKeys":{}}},"pendingPreKey":{"signedKeyId":6,"baseKey":"BR3bme3ljtvy0wWd9BZsxuCMfcQp+8CahNaPlPto+Ap7","preKeyId":13551000}}},"version":"v1"}