{"_sessions":{"Bb+8cIx2Y5+idvmxzcpczRelMx79FcVDSgysIP9Kg9dC":{"registrationId":527078533,"currentRatchet":{"ephemeralKeyPair":{"pubKey":"BUh3+q+7P/boB2VfuywwR3Q0DE6meBnvMRov3Te96rF/","privKey":"UMMhtk6az3hX9CWEVwqDBct6atq53IhqNO2wcR1WOHQ="},"lastRemoteEphemeralKey":"BRj7xETRE0aZQbSZhbG5vhndoCtrjMZPEHCIIaStMEx8","previousCounter":0,"rootKey":"qj/Ur/SCRXDg+FtunhBNWhxUTneTVSGDKGRdWZUIKII="},"indexInfo":{"baseKey":"Bb+8cIx2Y5+idvmxzcpczRelMx79FcVDSgysIP9Kg9dC","baseKeyType":2,"closed":-1,"used":1686205487285,"created":1686205487285,"remoteIdentityKey":"BRco+cKiROT3EXyHwt/yyQmYkWeQpvdRP9XWAQqSAdUV"},"_chains":{"BRj7xETRE0aZQbSZhbG5vhndoCtrjMZPEHCIIaStMEx8":{"chainKey":{"counter":4,"key":"TUFkF8TvplL4iHvjxuVEGjmgL0UB+WvvBWhzxleL/zc="},"chainType":2,"messageKeys":{}},"BUh3+q+7P/boB2VfuywwR3Q0DE6meBnvMRov3Te96rF/":{"chainKey":{"counter":-1,"key":"c80EL5GDoubfq4O68P7xSWRn/KpEQzrNKYIaeVCy6fA="},"chainType":1,"messageKeys":{}}}}},"version":"v1"}