{"_sessions":{"BZVB3O/e/BKiz0lHR1jlkk2RdASjpOnjoC06w+zSyfYU":{"registrationId":1452634340,"currentRatchet":{"ephemeralKeyPair":{"pubKey":"BaQV/gjrsr0P+EaJcLTUCFYt2L9UBtS/ldbz0a9fxu5g","privKey":"yNOoDu7pxieyLTBKyboZYIi4BMU/fKw7/tM/3YqdS2c="},"lastRemoteEphemeralKey":"BXqdabbTtJrFxmgIaaP6EXvVSQj2ja0vjAmEIgy+U1wS","previousCounter":0,"rootKey":"QMcRJuqjvT6xO10xVw9baWPzFhj4KSpm+wSWWjPboII="},"indexInfo":{"baseKey":"BZVB3O/e/BKiz0lHR1jlkk2RdASjpOnjoC06w+zSyfYU","baseKeyType":1,"closed":1686180714050,"used":1686180711684,"created":1686180711684,"remoteIdentityKey":"BUiD4LiojFVReMtnyEwE/yXXPgVOO0aPROV1LwvVgEUf"},"_chains":{"BaQV/gjrsr0P+EaJcLTUCFYt2L9UBtS/ldbz0a9fxu5g":{"chainKey":{"counter":0,"key":"fgWIH5QG9ixkRQDHMcMppjMus9VCAJeHvzVOHWGIkXU="},"chainType":1,"messageKeys":{}}},"pendingPreKey":{"signedKeyId":4,"baseKey":"BZVB3O/e/BKiz0lHR1jlkk2RdASjpOnjoC06w+zSyfYU","preKeyId":14993631}},"BSJ6H0/UvEu3R+ZB1jmaSD2wTV7u7/vpCp9M27T6mQoz":{"registrationId":1452634340,"currentRatchet":{"ephemeralKeyPair":{"pubKey":"BfIoQ5RGR4+b+nvkh2GJbGGDDLMECWbKqcsohjKnOhVA","privKey":"KMReV2vsv7WpjUNT/sZlNEvFVTKifQ738wHvtEzAkFE="},"lastRemoteEphemeralKey":"BXqdabbTtJrFxmgIaaP6EXvVSQj2ja0vjAmEIgy+U1wS","previousCounter":0,"rootKey":"s3bryyNdPExhTcuERnwq4oCSa/x0PK2vAFaBod+LdUE="},"indexInfo":{"baseKey":"BSJ6H0/UvEu3R+ZB1jmaSD2wTV7u7/vpCp9M27T6mQoz","baseKeyType":1,"closed":-1,"used":1686180713670,"created":1686180713670,"remoteIdentityKey":"BUiD4LiojFVReMtnyEwE/yXXPgVOO0aPROV1LwvVgEUf"},"_chains":{"BfIoQ5RGR4+b+nvkh2GJbGGDDLMECWbKqcsohjKnOhVA":{"chainKey":{"counter":0,"key":"7ztWPOZX9I3DTcTWUlevqbZk9zsuU35Nc+0mCCseW7A="},"chainType":1,"messageKeys":{}}},"pendingPreKey":{"signedKeyId":4,"baseKey":"BSJ6H0/UvEu3R+ZB1jmaSD2wTV7u7/vpCp9M27T6mQoz","preKeyId":14993753}}},"version":"v1"}