{"_sessions":{"BerTJxeSn7wHhMSz9nS7w5Pq00k5ncnskSwFPYS8Joh0":{"registrationId":832078493,"currentRatchet":{"ephemeralKeyPair":{"pubKey":"BVQvcajZrysoAGQtD3dXtQoDnRA7uUwz1xHKFoQHxGRX","privKey":"YAPCee/WMIcreG4zBTMMOmjBjz6F/nX+wfjCD7qUBH0="},"lastRemoteEphemeralKey":"BWU0IL4hwZe2JgmAMt4K/gx9rP2e1GMmQdIwYmf+QJAk","previousCounter":0,"rootKey":"A7AvHVICGCgTf8ynxQlrL76ezCDSP1LWKPHTXVxo3yo="},"indexInfo":{"baseKey":"BerTJxeSn7wHhMSz9nS7w5Pq00k5ncnskSwFPYS8Joh0","baseKeyType":2,"closed":-1,"used":1686207753495,"created":1686207753495,"remoteIdentityKey":"BSrJx6m+Pvcb1N9J0ipZWOsxTxgYBkKngS4Pc+PUX6VF"},"_chains":{"BWU0IL4hwZe2JgmAMt4K/gx9rP2e1GMmQdIwYmf+QJAk":{"chainKey":{"counter":0,"key":"ENkoDPEfRkHcxAGKJ+cC0hxd9YsJXS5cHGNwIAV42Yc="},"chainType":2,"messageKeys":{}},"BVQvcajZrysoAGQtD3dXtQoDnRA7uUwz1xHKFoQHxGRX":{"chainKey":{"counter":-1,"key":"lfxQ/LFkIq2FkXmeWavh7SDX3q+JOuwj2JtDS0S4gG4="},"chainType":1,"messageKeys":{}}}}},"version":"v1"}