{"_sessions":{"BbK8xPrglMSgAxR3+GgU9IPwbP79QyKpsIqmbEwRDYRd":{"registrationId":314422771,"currentRatchet":{"ephemeralKeyPair":{"pubKey":"BQLS2m1pOd9AWXsS/IPrvMHyo0FOZwsOt0I83llij8h4","privKey":"cO+1fAcc13knIzFbYpIEuuCP03gMtf+rhwCcA23mgWs="},"lastRemoteEphemeralKey":"BZR10zHMmmcoD6UKx6lBn+XU1kb12+5PF2CAkbejPVFS","previousCounter":0,"rootKey":"9zy835XKNkm6alJ0WHNYTnWxp0sXmhFxlKrufaFHNxM="},"indexInfo":{"baseKey":"BbK8xPrglMSgAxR3+GgU9IPwbP79QyKpsIqmbEwRDYRd","baseKeyType":2,"closed":-1,"used":1686217692569,"created":1686217692569,"remoteIdentityKey":"BYc6h04fug+eQ5Ep7CLQW1Jv/ZOxto4qakv3QC7W7u0F"},"_chains":{"BZR10zHMmmcoD6UKx6lBn+XU1kb12+5PF2CAkbejPVFS":{"chainKey":{"counter":0,"key":"ijCfdLOwsY23Z3lcVRiBBsLwhaV91rNs4l4zgOiH0Dw="},"chainType":2,"messageKeys":{}},"BQLS2m1pOd9AWXsS/IPrvMHyo0FOZwsOt0I83llij8h4":{"chainKey":{"counter":-1,"key":"QidOquEwmYWomUbIov0HhRibLQEj+XkbWZ980DdfSXE="},"chainType":1,"messageKeys":{}}}}},"version":"v1"}