{"_sessions":{"BeknkOeVWLrqdlek/3Hd0eP/7JGelfa6JogCGFWAET88":{"registrationId":192507182,"currentRatchet":{"ephemeralKeyPair":{"pubKey":"Bc4xfian+Nk7AfWwarkFl2CL8i5fFkta2iDXv2uyfJhx","privKey":"yB4LtNlBKDUGGiqzlyOCU6lvyxowjodSRMxwL2Qzb3g="},"lastRemoteEphemeralKey":"BU+AVzZrEL3XD7o3ZNpPXEgtlrQJLOwFdjMT1aROoclw","previousCounter":0,"rootKey":"1RpSGR4hjuIT+seLhDm+jUFi87Cv6fbg2sZC8iaOVA8="},"indexInfo":{"baseKey":"BeknkOeVWLrqdlek/3Hd0eP/7JGelfa6JogCGFWAET88","baseKeyType":2,"closed":-1,"used":1686188981428,"created":1686188981428,"remoteIdentityKey":"BcyTDffscdU3Z60vJK1YABJcw4F/nbgfXzfwpPe1d7sG"},"_chains":{"BU+AVzZrEL3XD7o3ZNpPXEgtlrQJLOwFdjMT1aROoclw":{"chainKey":{"counter":1,"key":"Hj0eHzlBUfwHysmgoa9YEkTvE0AHgs1bK2BkSogOCc0="},"chainType":2,"messageKeys":{}},"Bc4xfian+Nk7AfWwarkFl2CL8i5fFkta2iDXv2uyfJhx":{"chainKey":{"counter":-1,"key":"UJjA9hJYqAEbdQbBqdEw7NjKPlSbWItK+GXZythLVbs="},"chainType":1,"messageKeys":{}}}}},"version":"v1"}