{"_sessions":{"BcrVnxuZRQ1I0fTzjp8xp32VIsYiUp9qIhy7NMnJh5pk":{"registrationId":7613,"currentRatchet":{"ephemeralKeyPair":{"pubKey":"BZ0Cle/V5GmlryB86NYL+gyAeEXh4+n/n3m3ZcZti7Ij","privKey":"GD+eT+iX15JvtoaMGGMc8jvRXvt1oFk0Vvk/BDrTOVo="},"lastRemoteEphemeralKey":"Ba09lQMG2AaltT4lL2kxE6mxJbL5m374C1SzuXoOXd59","previousCounter":0,"rootKey":"Y3Nc6q5JIXSpbX+7sKWcLPoAIlLx1qqb8SDASqrSsSs="},"indexInfo":{"baseKey":"BcrVnxuZRQ1I0fTzjp8xp32VIsYiUp9qIhy7NMnJh5pk","baseKeyType":1,"closed":1686180714048,"used":1686180711326,"created":1686180711326,"remoteIdentityKey":"BUGoSycvf2+Y/AWKUvhrPTmIuSTyfQ1omrTi3/ohTKBr"},"_chains":{"BZ0Cle/V5GmlryB86NYL+gyAeEXh4+n/n3m3ZcZti7Ij":{"chainKey":{"counter":0,"key":"YEJR2RFhZz+EaCqd/c7IYqRH8pGU7JWnvtyIJPMpJxk="},"chainType":1,"messageKeys":{}}},"pendingPreKey":{"signedKeyId":1,"baseKey":"BcrVnxuZRQ1I0fTzjp8xp32VIsYiUp9qIhy7NMnJh5pk","preKeyId":950}},"BXOmuMPUIlokjK37NWQ9cxCz/RN2hsfIigBEA97eSc5L":{"registrationId":7613,"currentRatchet":{"ephemeralKeyPair":{"pubKey":"Ba1IJf+GGuWxHZXkPIYyKuAQAe9BOXdAG08MjvIeVc55","privKey":"eFZu/1otXDCwqhBQkfbX46h3FbOEivVi0kHrvUeeq1s="},"lastRemoteEphemeralKey":"Ba09lQMG2AaltT4lL2kxE6mxJbL5m374C1SzuXoOXd59","previousCounter":0,"rootKey":"E2FehM+jmoRUK8z1aN6GlK2uCjqM8s5O/g5IXOv8Z8I="},"indexInfo":{"baseKey":"BXOmuMPUIlokjK37NWQ9cxCz/RN2hsfIigBEA97eSc5L","baseKeyType":1,"closed":-1,"used":1686180713282,"created":1686180713282,"remoteIdentityKey":"BUGoSycvf2+Y/AWKUvhrPTmIuSTyfQ1omrTi3/ohTKBr"},"_chains":{"Ba1IJf+GGuWxHZXkPIYyKuAQAe9BOXdAG08MjvIeVc55":{"chainKey":{"counter":0,"key":"wneAi9sQGj3Wub0niB00aVC65hwcE+1zo0lIILrwqpg="},"chainType":1,"messageKeys":{}}},"pendingPreKey":{"signedKeyId":1,"baseKey":"BXOmuMPUIlokjK37NWQ9cxCz/RN2hsfIigBEA97eSc5L","preKeyId":403}}},"version":"v1"}