{"_sessions":{"BW/BHj8q8Xf4k6WrkgAOAYVQYmUDQ2tWDnc10MwzfM5O":{"registrationId":2107902709,"currentRatchet":{"ephemeralKeyPair":{"pubKey":"BZnCunj6FZ6pbYzFhOp33+vlDS3WF2nLAijZQrH5r6wl","privKey":"yDlICDdVE/cTUMqGOKHnpV4ZOrQ30Y0vmRhURmiQXUg="},"lastRemoteEphemeralKey":"BYNVzxKT/iJryqtydD1zThI81jkiSmDIR47qJtvUS5NA","previousCounter":0,"rootKey":"aVhmRkoUgF1OWCN/ACH8MXuY7oj4jLeRa7uVULvuP1k="},"indexInfo":{"baseKey":"BW/BHj8q8Xf4k6WrkgAOAYVQYmUDQ2tWDnc10MwzfM5O","baseKeyType":2,"closed":-1,"used":1686244583590,"created":1686244583590,"remoteIdentityKey":"BQbKJGZ16Nl6dGU1q7zfk5OsnaD6DCo2CfQ1iUB1ODZY"},"_chains":{"BYNVzxKT/iJryqtydD1zThI81jkiSmDIR47qJtvUS5NA":{"chainKey":{"counter":0,"key":"hWQtcElQnC/bjEzapvQ8dZhh3Whmi4NzAyU2oQinxtw="},"chainType":2,"messageKeys":{}},"BZnCunj6FZ6pbYzFhOp33+vlDS3WF2nLAijZQrH5r6wl":{"chainKey":{"counter":-1,"key":"yhyzzpEeO9Ou0FU57KQeZaEmaGvJCGwiB0jp2nV6smo="},"chainType":1,"messageKeys":{}}}}},"version":"v1"}