{"_sessions":{"BYDCgaRM1xV/F4HkL3EunDikxZQ0Xj74x4lC22ThhtU7":{"registrationId":136301057,"currentRatchet":{"ephemeralKeyPair":{"pubKey":"BTJnCfi3fk5yL2RmMNySqI52+LJBm7W6cOkiDaBkP+sy","privKey":"2NhCoT/XjRQntbnSPxyYTWLTuBR5BBZB4ER2GqHsk2w="},"lastRemoteEphemeralKey":"BSvPqI86fdvV6TFdrO+snQrpVVYVzlBYRF/YApnlbV9W","previousCounter":0,"rootKey":"9Ai6H019NLFC5CzUu8xFCW9f1V6a/xndeZeN3IDcGsQ="},"indexInfo":{"baseKey":"BYDCgaRM1xV/F4HkL3EunDikxZQ0Xj74x4lC22ThhtU7","baseKeyType":1,"closed":1686180714051,"used":1686180711841,"created":1686180711841,"remoteIdentityKey":"BQbE1vSquET7vjHC+EIxHgph4mRTipr7o3h5Lhd/sdZm"},"_chains":{"BTJnCfi3fk5yL2RmMNySqI52+LJBm7W6cOkiDaBkP+sy":{"chainKey":{"counter":0,"key":"JTvUB+i+ORbZpShaP1MB0zvg5JP0x9S6wSNw0pKmHtY="},"chainType":1,"messageKeys":{}}},"pendingPreKey":{"signedKeyId":0,"baseKey":"BYDCgaRM1xV/F4HkL3EunDikxZQ0Xj74x4lC22ThhtU7","preKeyId":10465229}},"BQ/NVwMoFB8Rqz6dBzAVcSTI/v3RIdePwY4U5BARkgoL":{"registrationId":136301057,"currentRatchet":{"ephemeralKeyPair":{"pubKey":"BUfnFaL7kwQBAh9KZqgW9ixpdccdzW7vJqFDQkS+YEwQ","privKey":"gC7ikD7XVbnAcYha1Oa8sZouQzyx1Jw3+cTaAqGCHHs="},"lastRemoteEphemeralKey":"BSvPqI86fdvV6TFdrO+snQrpVVYVzlBYRF/YApnlbV9W","previousCounter":0,"rootKey":"QvOp3fJ5tnrv48yAXz7sSNQDWSHcqgvaXeC62TqtCZ8="},"indexInfo":{"baseKey":"BQ/NVwMoFB8Rqz6dBzAVcSTI/v3RIdePwY4U5BARkgoL","baseKeyType":1,"closed":-1,"used":1686180714023,"created":1686180714023,"remoteIdentityKey":"BQbE1vSquET7vjHC+EIxHgph4mRTipr7o3h5Lhd/sdZm"},"_chains":{"BUfnFaL7kwQBAh9KZqgW9ixpdccdzW7vJqFDQkS+YEwQ":{"chainKey":{"counter":0,"key":"ssTtdEmgMS4PvfSgbWqh81VoXOjaRtpGYOkB4+QGZ5c="},"chainType":1,"messageKeys":{}}},"pendingPreKey":{"signedKeyId":0,"baseKey":"BQ/NVwMoFB8Rqz6dBzAVcSTI/v3RIdePwY4U5BARkgoL","preKeyId":10464959}}},"version":"v1"}