{"_sessions":{"BdYhhruW6wn3I6lQbhKZr29e+3hg7Ne/UXwZJALugBsm":{"registrationId":349128474,"currentRatchet":{"ephemeralKeyPair":{"pubKey":"BUFoLlCFi5xwb86POJYYdVjIHH/SBDYNv3MhIi4Z8mkN","privKey":"kLFt4QpAQKLzuLM8iaiFGyD2p0/FxKjIRswHKolCo14="},"lastRemoteEphemeralKey":"BR3oygR738fj3aNOYEN9Oo7PtzJP3T3U3bX/NtQd8zMU","previousCounter":0,"rootKey":"2bZWVSy6WI5xs61qCIy/hXIbHIvrjXCslB3/9Qcm6r4="},"indexInfo":{"baseKey":"BdYhhruW6wn3I6lQbhKZr29e+3hg7Ne/UXwZJALugBsm","baseKeyType":1,"closed":1686184275293,"used":1686184275265,"created":1686184275265,"remoteIdentityKey":"BXPd1ZVBFNmbZTEDZ9Ip98yvyQU6iVveA4n0zOhnNksp"},"_chains":{"BUFoLlCFi5xwb86POJYYdVjIHH/SBDYNv3MhIi4Z8mkN":{"chainKey":{"counter":0,"key":"dx7GB5YIGp/JeYEWiRqtuETKnzHp0eg/kqz23HRAK64="},"chainType":1,"messageKeys":{}}},"pendingPreKey":{"signedKeyId":0,"baseKey":"BdYhhruW6wn3I6lQbhKZr29e+3hg7Ne/UXwZJALugBsm","preKeyId":11703298}},"BUOsAhyT9m7wI1HnLQZrU9fW1WVHm0buo6B4w7KCwGE8":{"registrationId":349128474,"currentRatchet":{"ephemeralKeyPair":{"pubKey":"BXiZrGnH1FqtZhktdWEwevNR5B3KauS6cGmpSukQX3I5","privKey":"ELJicwhnH0YWLIkiI5gJCKIVRBElT1Xwczl7MwujG3w="},"lastRemoteEphemeralKey":"BR3oygR738fj3aNOYEN9Oo7PtzJP3T3U3bX/NtQd8zMU","previousCounter":0,"rootKey":"VzJEnzYZYqQUxWa8XdNq+AyzKkTMI24OA4/8clc3xNs="},"indexInfo":{"baseKey":"BUOsAhyT9m7wI1HnLQZrU9fW1WVHm0buo6B4w7KCwGE8","baseKeyType":1,"closed":-1,"used":1686184275292,"created":1686184275292,"remoteIdentityKey":"BXPd1ZVBFNmbZTEDZ9Ip98yvyQU6iVveA4n0zOhnNksp"},"_chains":{"BXiZrGnH1FqtZhktdWEwevNR5B3KauS6cGmpSukQX3I5":{"chainKey":{"counter":0,"key":"wqszm5T+7cdnN9OK2OmMlHXA8Lmeup1hMqP/YuWf2+w="},"chainType":1,"messageKeys":{}}},"pendingPreKey":{"signedKeyId":0,"baseKey":"BUOsAhyT9m7wI1HnLQZrU9fW1WVHm0buo6B4w7KCwGE8","preKeyId":11702539}}},"version":"v1"}