{"_sessions":{"BaxmZ3fkGKKlSiVkPx5dggGrF6tJpqRuQfi7zXSaXT8I":{"registrationId":1086116236,"currentRatchet":{"ephemeralKeyPair":{"pubKey":"Bepxlo9cX9l+APauZApprpD4pVXqjYgHVNnpwFlEZZMk","privKey":"2LUUc2hY9r7RcxwtT3qukaex9A90zkPA64rmFj8OAV8="},"lastRemoteEphemeralKey":"BVqGeOhmvD1BO3UAM/WvOn+/VWgkB7bPwxlNcfiFQXcl","previousCounter":0,"rootKey":"C2OJCqgdRW/70AoUICVfel/ek9hNqbUjJ+KBho2BMIw="},"indexInfo":{"baseKey":"BaxmZ3fkGKKlSiVkPx5dggGrF6tJpqRuQfi7zXSaXT8I","baseKeyType":2,"closed":-1,"used":1686230547716,"created":1686230547716,"remoteIdentityKey":"BSYx7A3wAAQmEFrsxtYOKw9COPG4pxWD9ktMoqLTBQsr"},"_chains":{"BVqGeOhmvD1BO3UAM/WvOn+/VWgkB7bPwxlNcfiFQXcl":{"chainKey":{"counter":0,"key":"K4JHEiArVfzEzX6/dx7duTZDRBAmRvapXp2Briy3tJY="},"chainType":2,"messageKeys":{}},"Bepxlo9cX9l+APauZApprpD4pVXqjYgHVNnpwFlEZZMk":{"chainKey":{"counter":-1,"key":"82UJzDAXzW/hklauVh8+eL/C0mBzwKWahH0zFKY4WU8="},"chainType":1,"messageKeys":{}}}}},"version":"v1"}