{"_sessions":{"Beg2oicMEV5m4AYdJjhsykWmk2hYzl/s292OLuJVpF1v":{"registrationId":701594863,"currentRatchet":{"ephemeralKeyPair":{"pubKey":"Bd+A62yXO7rQFOjwfVofRnXtKH8RYx97SGyi5IpiVkEE","privKey":"QLN+Cz0PEXWV6EQRQOBMJza6JVp8JMeDqgeEHc4/gkI="},"lastRemoteEphemeralKey":"BVvhz24MCZ8OVJyLCFul+zq4qtsfYRNc1cG94WFrZyZY","previousCounter":0,"rootKey":"9JraWaSiI+l6qwbtKRduJpjFNCt6cD3Lk7586B4ZTj0="},"indexInfo":{"baseKey":"Beg2oicMEV5m4AYdJjhsykWmk2hYzl/s292OLuJVpF1v","baseKeyType":2,"closed":-1,"used":1686276117163,"created":1686276117163,"remoteIdentityKey":"BZZSSNg1tE5U8196dvMSLzsDQ/2uwEocJ6NTu90vHKV5"},"_chains":{"BVvhz24MCZ8OVJyLCFul+zq4qtsfYRNc1cG94WFrZyZY":{"chainKey":{"counter":0,"key":"vFo5nM2GQv56znOkIaXBW+nMVhggoG3Wz95ICjOamBU="},"chainType":2,"messageKeys":{}},"Bd+A62yXO7rQFOjwfVofRnXtKH8RYx97SGyi5IpiVkEE":{"chainKey":{"counter":-1,"key":"ub0ciCi8a4ABJSJVmmiryoCgsqVYNHkhbPLjtAYyN2Q="},"chainType":1,"messageKeys":{}}}}},"version":"v1"}