{"_sessions":{"BTpRpJS/41yN/kRExBhF1oDV1iG3zONbvww4QJlqRrJr":{"registrationId":1633851659,"currentRatchet":{"ephemeralKeyPair":{"pubKey":"BUSXMDgC/9t3mA6RGkWL7Syw1VF5zd+8zqzu5kxNyeNf","privKey":"aEKQcK89tI/ArE6mzKIbJzfTHaLNJYLJhLnpBKLD5HY="},"lastRemoteEphemeralKey":"BcwUqQV06qhu9RAOxERWQo6sFeMQRPtovTknUk0pYkxx","previousCounter":0,"rootKey":"Eag6N/1jJHIEJGsNq0D+RMOZToCdY9nT1SRySUVA+Uw="},"indexInfo":{"baseKey":"BTpRpJS/41yN/kRExBhF1oDV1iG3zONbvww4QJlqRrJr","baseKeyType":1,"closed":1686180714049,"used":1686180711556,"created":1686180711556,"remoteIdentityKey":"BX8lfTktDrhqohIN/CYMnmbSHSMAMCpVN+4LwyILrOho"},"_chains":{"BUSXMDgC/9t3mA6RGkWL7Syw1VF5zd+8zqzu5kxNyeNf":{"chainKey":{"counter":0,"key":"32PEHd7MX2WfLJtfOD0xiTba3jykb9zK0PfWO7OP+R0="},"chainType":1,"messageKeys":{}}},"pendingPreKey":{"signedKeyId":18,"baseKey":"BTpRpJS/41yN/kRExBhF1oDV1iG3zONbvww4QJlqRrJr","preKeyId":1545714}},"BSxLwiWbsWFOqhITZK9lIajDSaSpi7WRaKUDy7zm88Au":{"registrationId":1633851659,"currentRatchet":{"ephemeralKeyPair":{"pubKey":"BaecUdT54yl59Yrlbyms09GfvYcAtXcplEioeUvbytF5","privKey":"UBSIQlEBwsdRP3Wh0xcScQqy3tSU1TrNXzFnLpeisH8="},"lastRemoteEphemeralKey":"BcwUqQV06qhu9RAOxERWQo6sFeMQRPtovTknUk0pYkxx","previousCounter":0,"rootKey":"uiwGLxGIDtjdpEny7mbSBvMZAYrTJg5pQP3MoGk5ryM="},"indexInfo":{"baseKey":"BSxLwiWbsWFOqhITZK9lIajDSaSpi7WRaKUDy7zm88Au","baseKeyType":1,"closed":-1,"used":1686180713487,"created":1686180713487,"remoteIdentityKey":"BX8lfTktDrhqohIN/CYMnmbSHSMAMCpVN+4LwyILrOho"},"_chains":{"BaecUdT54yl59Yrlbyms09GfvYcAtXcplEioeUvbytF5":{"chainKey":{"counter":0,"key":"CNaLpu3SfkLVqRkDw1G4gz5xaFyas4qOrAgNNdSp6Ek="},"chainType":1,"messageKeys":{}}},"pendingPreKey":{"signedKeyId":18,"baseKey":"BSxLwiWbsWFOqhITZK9lIajDSaSpi7WRaKUDy7zm88Au","preKeyId":1546110}}},"version":"v1"}