{"_sessions":{"BaY40EyoBMLdMcHO3rWKxrecgqVAzW+7yxjeZ4hIUSBP":{"registrationId":1596876482,"currentRatchet":{"ephemeralKeyPair":{"pubKey":"BXcOtJaDeuDD2363LqD44o/pcYe9c2ixRho7EZEXCSYb","privKey":"SCFf4Nsemi8a7kCLljrAz3UMtUpcO3uOQtHiZX+9nW8="},"lastRemoteEphemeralKey":"BZb3wTPVfa9wsDzm9OUVMrcGWBFggZLXz0n/onCBjpga","previousCounter":0,"rootKey":"54GZlvTw2l0LZn66gphiBSmTi49KeipUwO6YQCcz8MQ="},"indexInfo":{"baseKey":"BaY40EyoBMLdMcHO3rWKxrecgqVAzW+7yxjeZ4hIUSBP","baseKeyType":2,"closed":-1,"used":1686205261942,"created":1686205261942,"remoteIdentityKey":"BQmrRChHmi4UVrWcue0JIJpeQ6J8uhmWvU23+qgflIJP"},"_chains":{"BZb3wTPVfa9wsDzm9OUVMrcGWBFggZLXz0n/onCBjpga":{"chainKey":{"counter":0,"key":"5lkiTIfx9A6t8f1ieSL3AoxlktONLqVsILiNRj1+bnA="},"chainType":2,"messageKeys":{}},"BXcOtJaDeuDD2363LqD44o/pcYe9c2ixRho7EZEXCSYb":{"chainKey":{"counter":-1,"key":"Yvtk0hqAHz3q3PiX8CjbaG/pVnIJ3IQVIdc3ocK9qTY="},"chainType":1,"messageKeys":{}}}}},"version":"v1"}