{"_sessions":{"BdY/ls9QTWPzgtU+AWzRYF1jaZ7diAzSns5xSVoCq0dT":{"registrationId":434716976,"currentRatchet":{"ephemeralKeyPair":{"pubKey":"BYtUFrwbitCXNfRjert/zR1bceKJ0pDfci+5Y/+qnXEP","privKey":"INd183Y65+lLXSK2D9xE2X3S12JDtqYkQ/lRdGLtEWg="},"lastRemoteEphemeralKey":"BVAOdM4Qe9EDSB0Um9bkIUOFrLRMVC42iMuPVn7w9Esg","previousCounter":0,"rootKey":"1l6WEUjB9AQwyXBW53X5mDXawclBzivQnd/oY1fZz/c="},"indexInfo":{"baseKey":"BdY/ls9QTWPzgtU+AWzRYF1jaZ7diAzSns5xSVoCq0dT","baseKeyType":1,"closed":1686180714050,"used":1686180711678,"created":1686180711678,"remoteIdentityKey":"BZw588eW2xcclWCAm7NZlLwAroxvI3TXqp3jUE+2+JMV"},"_chains":{"BYtUFrwbitCXNfRjert/zR1bceKJ0pDfci+5Y/+qnXEP":{"chainKey":{"counter":0,"key":"Mp7Vy9+Ch5/mugwTXO7GQpPVHX5LqCrcutlGbwtmRg8="},"chainType":1,"messageKeys":{}}},"pendingPreKey":{"signedKeyId":1,"baseKey":"BdY/ls9QTWPzgtU+AWzRYF1jaZ7diAzSns5xSVoCq0dT"}},"BWuqIXOZEPMoaR5qQXh/8//23tnQvbfjTmgqFvsNAIsA":{"registrationId":434716976,"currentRatchet":{"ephemeralKeyPair":{"pubKey":"BVor0tJ8AVMqCMbChCaEwhh9R6ZCe9iI9J1qmw7X6FUE","privKey":"QIv3eD9+9cYrBBVL2eB9WrnubpZ5EyRpkrH4ThYeg1U="},"lastRemoteEphemeralKey":"BVAOdM4Qe9EDSB0Um9bkIUOFrLRMVC42iMuPVn7w9Esg","previousCounter":0,"rootKey":"GyBFO2qkPIK2+O8I7nUcRpSlbLAwY7VNAdpIKvrwHEw="},"indexInfo":{"baseKey":"BWuqIXOZEPMoaR5qQXh/8//23tnQvbfjTmgqFvsNAIsA","baseKeyType":1,"closed":-1,"used":1686180713663,"created":1686180713663,"remoteIdentityKey":"BZw588eW2xcclWCAm7NZlLwAroxvI3TXqp3jUE+2+JMV"},"_chains":{"BVor0tJ8AVMqCMbChCaEwhh9R6ZCe9iI9J1qmw7X6FUE":{"chainKey":{"counter":0,"key":"tqeaE8eMxVHekcGJu77zR8hsUU5U1RL0V8HRgi9RPYE="},"chainType":1,"messageKeys":{}}},"pendingPreKey":{"signedKeyId":1,"baseKey":"BWuqIXOZEPMoaR5qQXh/8//23tnQvbfjTmgqFvsNAIsA"}}},"version":"v1"}