{"_sessions":{"Bc2Q2hMMCkOQKngZhW6rEJmXTIc+kWkew+IAS1SWlXRa":{"registrationId":211967330,"currentRatchet":{"ephemeralKeyPair":{"pubKey":"BWuNnCrvYJ44UDuQM9hutiJAOzSAEs9xFQMwta98YeZd","privKey":"+NtUm9yKh0tej/KHYdnAtdSuelOziN1CfzvGYu5YElU="},"lastRemoteEphemeralKey":"BQe4Dmjiwi+Qccf7T42lEmzKYnNbNFGg9PLcWxU0ePoI","previousCounter":0,"rootKey":"0h+GWlB1yr+mEiULA15gcQ1n/zkrTnqiHcYlmypscHc="},"indexInfo":{"baseKey":"Bc2Q2hMMCkOQKngZhW6rEJmXTIc+kWkew+IAS1SWlXRa","baseKeyType":2,"closed":-1,"used":1686194710079,"created":1686194710079,"remoteIdentityKey":"BXvagWBolpeDZRQb3nl9hQu/u3dzh02TgsKXGGbI9bwX"},"_chains":{"BQe4Dmjiwi+Qccf7T42lEmzKYnNbNFGg9PLcWxU0ePoI":{"chainKey":{"counter":1,"key":"lbhBOkQvqeQf2NteoVZMHwmM1DsKIfBlfURwWx4uu/U="},"chainType":2,"messageKeys":{}},"BWuNnCrvYJ44UDuQM9hutiJAOzSAEs9xFQMwta98YeZd":{"chainKey":{"counter":-1,"key":"O7VVksDIUd4q+teoTbz7LuQOYpK+2hXYQ8zuCrH6YP4="},"chainType":1,"messageKeys":{}}}}},"version":"v1"}