{"_sessions":{"BVGMOU+ienb65Z45+usrkj+ggVAgJ3bOjjCixmEB5yQy":{"registrationId":487440550,"currentRatchet":{"ephemeralKeyPair":{"pubKey":"BcHRRA/nCdovndemJxuLKzl+eqLcs+RVT4BtPu5CzdVV","privKey":"WCRpPJDzybF5WrqTam+8Kaf4YHmUaJ7Wkf2HZ8Ae/0w="},"lastRemoteEphemeralKey":"Bdz5+tDejz3xhB4BxV9UP0osON7tOz9bP8NDg6IVrZw/","previousCounter":0,"rootKey":"FB2izloOqWKNQbkYcbREAKH9F/yJXoWxcLFBHz4zDQY="},"indexInfo":{"baseKey":"BVGMOU+ienb65Z45+usrkj+ggVAgJ3bOjjCixmEB5yQy","baseKeyType":2,"closed":-1,"used":1686213604089,"created":1686213604089,"remoteIdentityKey":"BWwkTiOWuv2aaTv4dn7tzG1I2dyoqDFp6Lf2y4fqgxw1"},"_chains":{"Bdz5+tDejz3xhB4BxV9UP0osON7tOz9bP8NDg6IVrZw/":{"chainKey":{"counter":3,"key":"dWH4hUGdl/BzDVXnlsbhh89fUAM3xE1jaKxv53pVpME="},"chainType":2,"messageKeys":{}},"BcHRRA/nCdovndemJxuLKzl+eqLcs+RVT4BtPu5CzdVV":{"chainKey":{"counter":-1,"key":"WU0D22EqRg4XAjSfc5slifJnNiYwu7c+IBS+EDSm0X0="},"chainType":1,"messageKeys":{}}}}},"version":"v1"}