{"_sessions":{"BSGdaK3KsYew8LCaAzN4KLz25kHtX6YzG7fpU3fVlPIE":{"registrationId":1561533969,"currentRatchet":{"ephemeralKeyPair":{"pubKey":"BXKdD+ZhDcoNrHbv16ptvuQyKUQ4oA4107WJhtP48dom","privKey":"KDqD5o8dDYbxnjJckSDTa5GNIsRDmYAL6QFY1YtcEFc="},"lastRemoteEphemeralKey":"BaBqeD9f7Bq9inyQND6GbkSobLf6SAn0eoHAId49of0H","previousCounter":0,"rootKey":"8ZqVduQYkWW5lAdTFBy4zqXLMDcnVp530tt58W7mVeY="},"indexInfo":{"baseKey":"BSGdaK3KsYew8LCaAzN4KLz25kHtX6YzG7fpU3fVlPIE","baseKeyType":2,"closed":-1,"used":1686200797361,"created":1686200797361,"remoteIdentityKey":"BY4Or7r2mP9o5hHyXCOweCnk7GTAiBBUP8lAag2NSpdK"},"_chains":{"BaBqeD9f7Bq9inyQND6GbkSobLf6SAn0eoHAId49of0H":{"chainKey":{"counter":2,"key":"g4WFlqnxpWZtbtEchWG94H9s6bq/koBMWrWXxlM/iNs="},"chainType":2,"messageKeys":{}},"BXKdD+ZhDcoNrHbv16ptvuQyKUQ4oA4107WJhtP48dom":{"chainKey":{"counter":-1,"key":"a8pDbcsLVWNN2BWwb5CBE2mLM5F9G5q8Qj1QsB/eJG8="},"chainType":1,"messageKeys":{}}}}},"version":"v1"}