{"_sessions":{"BXbAM/We6R2fO48pqYvyG/wIbxu9nl8GzgzhoHzITWZY":{"registrationId":1246324118,"currentRatchet":{"ephemeralKeyPair":{"pubKey":"BSwklpRb1/HCRncIISooGGC0WRSWT1AWJf0oynpzOJpv","privKey":"CMkF2tTjcHWOyO/7PJZUIvJyVuU4rjtg1CyzI1sfK3w="},"lastRemoteEphemeralKey":"BQo1Mr0HavMnaon4EWCLSyjuUMBMqoarflaBtQFmu/I8","previousCounter":0,"rootKey":"ROPizZCbWc8nW32mhho6G7+yrTqPlrpKZoVv5lTmWPg="},"indexInfo":{"baseKey":"BXbAM/We6R2fO48pqYvyG/wIbxu9nl8GzgzhoHzITWZY","baseKeyType":1,"closed":1686180714050,"used":1686180711630,"created":1686180711630,"remoteIdentityKey":"BSA1z1UHXeFWKPV+Xb61Enm0bzOxVokQ68PGcwOg+dNe"},"_chains":{"BSwklpRb1/HCRncIISooGGC0WRSWT1AWJf0oynpzOJpv":{"chainKey":{"counter":0,"key":"rpdrLNfCTdLkijya+wY/x0+7czg4+Ii9LVidofoGUiM="},"chainType":1,"messageKeys":{}}},"pendingPreKey":{"signedKeyId":0,"baseKey":"BXbAM/We6R2fO48pqYvyG/wIbxu9nl8GzgzhoHzITWZY","preKeyId":8315875}},"BY+KvZh7ZzXTBa2NKgMJVq8CgEsoQ0wXF4r5ZJJD+LE8":{"registrationId":1246324118,"currentRatchet":{"ephemeralKeyPair":{"pubKey":"BYJRtD6LAObcykA1kIsTyZI+FRfE0T0yfrhTuxp/jbBz","privKey":"uH6MkhxV9w3F+oSMTxIvWPUQYJHYMFa13M0FmN9NmmY="},"lastRemoteEphemeralKey":"BXFp6/s3ngU6Y6USYCRrBoJi+gQz24wg7ykXj/6lBHwh","previousCounter":0,"rootKey":"h8w5dNHkqz88dor63NMasuxeOxV/Hteq4VZUDfNSozI="},"indexInfo":{"baseKey":"BY+KvZh7ZzXTBa2NKgMJVq8CgEsoQ0wXF4r5ZJJD+LE8","baseKeyType":1,"closed":-1,"used":1686219922350,"created":1686180713549,"remoteIdentityKey":"BSA1z1UHXeFWKPV+Xb61Enm0bzOxVokQ68PGcwOg+dNe"},"_chains":{"BXFp6/s3ngU6Y6USYCRrBoJi+gQz24wg7ykXj/6lBHwh":{"chainKey":{"counter":0,"key":"SDAbIxcK6rN4yF2bKgkOEJ4syQmbKPT2vti2b84kQIs="},"chainType":2,"messageKeys":{}},"BYJRtD6LAObcykA1kIsTyZI+FRfE0T0yfrhTuxp/jbBz":{"chainKey":{"counter":-1,"key":"mwX7rb1RkN6O2FHORXMOipBxUxrfFkxAAgbKJ+0yMVc="},"chainType":1,"messageKeys":{}}}}},"version":"v1"}