{"_sessions":{"BXc/lCgkWlusnkFy4lKOTcBHOQ84v3jeghWVUiLdEOtK":{"registrationId":927027782,"currentRatchet":{"ephemeralKeyPair":{"pubKey":"BYntLYvLOE5PW3UwI3F8F59SB11st8bOXHUx7b1h9s1E","privKey":"EPrdCpNZpAhhwx6PXVuGMe/B/wSp5sdwu9jWjsMiYU8="},"lastRemoteEphemeralKey":"BV0Kj5FMboUpPAOKbi4CIi07PMpc6JVVZrmzyT8gCEcC","previousCounter":0,"rootKey":"eyadg7BfMnkYw0j9KtdYxdPmj6ou0d2iCYjqHGjC7kc="},"indexInfo":{"baseKey":"BXc/lCgkWlusnkFy4lKOTcBHOQ84v3jeghWVUiLdEOtK","baseKeyType":1,"closed":1686180714051,"used":1686180711798,"created":1686180711798,"remoteIdentityKey":"BRR/ePCmylR57yiDfPrrwCER95HOeGYxSrbeyOGSDmI1"},"_chains":{"BYntLYvLOE5PW3UwI3F8F59SB11st8bOXHUx7b1h9s1E":{"chainKey":{"counter":0,"key":"DUuBcyYCOUIqHYZ7cQRrrp72y8x/C6YKwjilfI/Zz9o="},"chainType":1,"messageKeys":{}}},"pendingPreKey":{"signedKeyId":5,"baseKey":"BXc/lCgkWlusnkFy4lKOTcBHOQ84v3jeghWVUiLdEOtK","preKeyId":10870801}},"BbbDre8rQxrtgSLYD8nKedp2OQ+zk0f2fmX1cn74lhxN":{"registrationId":927027782,"currentRatchet":{"ephemeralKeyPair":{"pubKey":"BSgUbIWbgFieK3ibRgB78ySMq7G3dijxp+eOqsrwmBM5","privKey":"oBDNpBnULB5V4NYenbHn7yqrUqXPa2WkTFM6RY7KcmM="},"lastRemoteEphemeralKey":"BV0Kj5FMboUpPAOKbi4CIi07PMpc6JVVZrmzyT8gCEcC","previousCounter":0,"rootKey":"BLyVNFH0NaUXtBQqXoeqqeII+1pG8dX4Pk0CzCuOn1A="},"indexInfo":{"baseKey":"BbbDre8rQxrtgSLYD8nKedp2OQ+zk0f2fmX1cn74lhxN","baseKeyType":1,"closed":-1,"used":1686180713913,"created":1686180713913,"remoteIdentityKey":"BRR/ePCmylR57yiDfPrrwCER95HOeGYxSrbeyOGSDmI1"},"_chains":{"BSgUbIWbgFieK3ibRgB78ySMq7G3dijxp+eOqsrwmBM5":{"chainKey":{"counter":0,"key":"aYagXx7aCoA+EHG3+1AQ2OHqvdi+KgoD5pibv6lgJ6Y="},"chainType":1,"messageKeys":{}}},"pendingPreKey":{"signedKeyId":5,"baseKey":"BbbDre8rQxrtgSLYD8nKedp2OQ+zk0f2fmX1cn74lhxN","preKeyId":10870476}}},"version":"v1"}