{"_sessions":{"BX9SmnJgUbjHVQt7QG6DmDuoHB52qcWWAAHcQ5lpzDAs":{"registrationId":475896743,"currentRatchet":{"ephemeralKeyPair":{"pubKey":"BcUJErwm2iM2Hb9IyRRniEtz3HSIRmHOJP9Ij2qbGu8O","privKey":"4MzoIPT9d+p+uL+Kl5CVSorlL8xAzx/mhBvXyqDXLEM="},"lastRemoteEphemeralKey":"BYSnD76q7y2mRt5bk9KZv1Sn/sESNV6B5vEj+Spx4D0z","previousCounter":0,"rootKey":"4f8YexmPsAAmVgBBVTP77E/hCqsSvewzXABLQ2RgXFY="},"indexInfo":{"baseKey":"BX9SmnJgUbjHVQt7QG6DmDuoHB52qcWWAAHcQ5lpzDAs","baseKeyType":1,"closed":1686180714051,"used":1686180711847,"created":1686180711847,"remoteIdentityKey":"BdNanm9JCgqAh171m/deJlY8FPhFeo4vBkTGQnGCiGQa"},"_chains":{"BcUJErwm2iM2Hb9IyRRniEtz3HSIRmHOJP9Ij2qbGu8O":{"chainKey":{"counter":0,"key":"AJ4rbaF1ZRucCY45AmI07hNgrVRSAyXLDNZs8JTcHPA="},"chainType":1,"messageKeys":{}}},"pendingPreKey":{"signedKeyId":0,"baseKey":"BX9SmnJgUbjHVQt7QG6DmDuoHB52qcWWAAHcQ5lpzDAs","preKeyId":4848093}},"BQ95mMNlaqjBPQZegzmPdIC8yCpoYO9T9Xa4XiyaZnpz":{"registrationId":475896743,"currentRatchet":{"ephemeralKeyPair":{"pubKey":"BdAq0yk+LTJMedVUDdaXjdiRShNRbv0V80g65jgeJlJc","privKey":"iM2DtpIfzZURB3AzPjACAHrgX6ydn87Wsog34xlJimo="},"lastRemoteEphemeralKey":"BYSnD76q7y2mRt5bk9KZv1Sn/sESNV6B5vEj+Spx4D0z","previousCounter":0,"rootKey":"8yrb38Z7crztRdjPIups7bi6TRLLmDT5dTHU7O2wIFk="},"indexInfo":{"baseKey":"BQ95mMNlaqjBPQZegzmPdIC8yCpoYO9T9Xa4XiyaZnpz","baseKeyType":1,"closed":-1,"used":1686180714044,"created":1686180714044,"remoteIdentityKey":"BdNanm9JCgqAh171m/deJlY8FPhFeo4vBkTGQnGCiGQa"},"_chains":{"BdAq0yk+LTJMedVUDdaXjdiRShNRbv0V80g65jgeJlJc":{"chainKey":{"counter":0,"key":"M2g24pX+WdvKS5WP4MFPXceY/y2ACz87qEvkmJyuWVU="},"chainType":1,"messageKeys":{}}},"pendingPreKey":{"signedKeyId":0,"baseKey":"BQ95mMNlaqjBPQZegzmPdIC8yCpoYO9T9Xa4XiyaZnpz","preKeyId":4848065}}},"version":"v1"}