{"_sessions":{"BaQCp4KiOaKrAK781DNYnwT/Iq5o5XttwSMj0PmXNQ87":{"registrationId":16317,"currentRatchet":{"ephemeralKeyPair":{"pubKey":"BWf0PJcByay16QOBFfp89BWJhZF7VcAFdHn6Bb0EqaNG","privKey":"+OXYsoxUk3xZBqUns66YKj2PNAg5TNXb8/2NDHpVNmw="},"lastRemoteEphemeralKey":"BVYDwba+F3yXxGjC/+BNjgS1kg33xYGgxXF0WVdoMPoh","previousCounter":0,"rootKey":"ZaqfqZwuoEXIMNZlrXNrrGp6dlSmUHl177L4vuZ0a5A="},"indexInfo":{"baseKey":"BaQCp4KiOaKrAK781DNYnwT/Iq5o5XttwSMj0PmXNQ87","baseKeyType":1,"closed":1686180714048,"used":1686180711342,"created":1686180711342,"remoteIdentityKey":"Bbp2V7zYNVLhQG6/a+Nv+LBPoCyCWPEfRs97uQ3Dq10X"},"_chains":{"BWf0PJcByay16QOBFfp89BWJhZF7VcAFdHn6Bb0EqaNG":{"chainKey":{"counter":0,"key":"ne938t75HBUdfQFprkwoGXDKOB1MJCybbt9+zej0JBo="},"chainType":1,"messageKeys":{}}},"pendingPreKey":{"signedKeyId":1,"baseKey":"BaQCp4KiOaKrAK781DNYnwT/Iq5o5XttwSMj0PmXNQ87","preKeyId":2126}},"BRuAcAUOgY2CwG4/BDgJhIyxSdKA9S/prH/x9TPVn58T":{"registrationId":16317,"currentRatchet":{"ephemeralKeyPair":{"pubKey":"BT5Huda/nTYqXvUlp5c4CYMnwrpOkxX/Q+g9lp6RQ3sQ","privKey":"0Bet1SZjQvuYatdKYaTmJY8yjF2hVq27wpslzH8/QkI="},"lastRemoteEphemeralKey":"BVYDwba+F3yXxGjC/+BNjgS1kg33xYGgxXF0WVdoMPoh","previousCounter":0,"rootKey":"QhdvqEBJikIKAmGkWClW0Ahy/tmpBzPQD4YGfWegocc="},"indexInfo":{"baseKey":"BRuAcAUOgY2CwG4/BDgJhIyxSdKA9S/prH/x9TPVn58T","baseKeyType":1,"closed":-1,"used":1686180713296,"created":1686180713296,"remoteIdentityKey":"Bbp2V7zYNVLhQG6/a+Nv+LBPoCyCWPEfRs97uQ3Dq10X"},"_chains":{"BT5Huda/nTYqXvUlp5c4CYMnwrpOkxX/Q+g9lp6RQ3sQ":{"chainKey":{"counter":0,"key":"OI8iXVyyJ7BimvmBiM405PTOMv+n8CF+26aW15Zm2mE="},"chainType":1,"messageKeys":{}}},"pendingPreKey":{"signedKeyId":1,"baseKey":"BRuAcAUOgY2CwG4/BDgJhIyxSdKA9S/prH/x9TPVn58T","preKeyId":2396}}},"version":"v1"}