{"_sessions":{"BdCpp/lqCp2rEGjxjf64NY1/p5zpwroHE5FVLjsdhTF7":{"registrationId":1095511737,"currentRatchet":{"ephemeralKeyPair":{"pubKey":"BcMoIDKwUAGO053ltD927qMrh8pmWpEMfAB+kWPAtvRZ","privKey":"sBRnEnQsCRjRD9Yj8n09WFcWYN1rHVaCDFi0I9TuSW4="},"lastRemoteEphemeralKey":"BV7aGIOIhJZ2/GaWNklHfQ1XYBh6t7FcABvFbrSvQ5Eh","previousCounter":0,"rootKey":"54TavgNJQpX8w5w738CDtOicsnk5V07D1plTwOpUGzE="},"indexInfo":{"baseKey":"BdCpp/lqCp2rEGjxjf64NY1/p5zpwroHE5FVLjsdhTF7","baseKeyType":1,"closed":1686180714050,"used":1686180711751,"created":1686180711751,"remoteIdentityKey":"BSOiCBAyI5KRgcGFVBVDMlAEn6kNeeYI1+qq7WL4om4C"},"_chains":{"BcMoIDKwUAGO053ltD927qMrh8pmWpEMfAB+kWPAtvRZ":{"chainKey":{"counter":0,"key":"I3bYBZ7GFRI1w+B1KItQ89poSPIpSpzAYECod2fnaYI="},"chainType":1,"messageKeys":{}}},"pendingPreKey":{"signedKeyId":0,"baseKey":"BdCpp/lqCp2rEGjxjf64NY1/p5zpwroHE5FVLjsdhTF7","preKeyId":434351}},"BYzhbIlRyM2SJHrn8K+dhL8Dd0rEs+fZ7gWC/+wLY7FS":{"registrationId":1095511737,"currentRatchet":{"ephemeralKeyPair":{"pubKey":"BXZBYtH85/iuPDj/MytLGya8sH0RVwJzGHdSmTjuCD1L","privKey":"+EV0bN01378+1osRQt+3ycvAXiVpFq1OVUaCAVBis38="},"lastRemoteEphemeralKey":"BV7aGIOIhJZ2/GaWNklHfQ1XYBh6t7FcABvFbrSvQ5Eh","previousCounter":0,"rootKey":"3TRBiLr/nvesLIx3+CRhdaH4kjqIMUzNPrbtgZ2i9XY="},"indexInfo":{"baseKey":"BYzhbIlRyM2SJHrn8K+dhL8Dd0rEs+fZ7gWC/+wLY7FS","baseKeyType":1,"closed":-1,"used":1686180713823,"created":1686180713823,"remoteIdentityKey":"BSOiCBAyI5KRgcGFVBVDMlAEn6kNeeYI1+qq7WL4om4C"},"_chains":{"BXZBYtH85/iuPDj/MytLGya8sH0RVwJzGHdSmTjuCD1L":{"chainKey":{"counter":0,"key":"mAa+BaB+plmY1khTnfOoYe5ixkMC7DTK0ZnDF3ftiwI="},"chainType":1,"messageKeys":{}}},"pendingPreKey":{"signedKeyId":0,"baseKey":"BYzhbIlRyM2SJHrn8K+dhL8Dd0rEs+fZ7gWC/+wLY7FS","preKeyId":433655}}},"version":"v1"}