{"_sessions":{"BcmDTXOl586TWUiCnbfNdmCDsqINz2iO5Gx1DGQrw91Y":{"registrationId":2321,"currentRatchet":{"ephemeralKeyPair":{"pubKey":"Bf1PbFZTiOWg81fv2iOsrswCvErFn9bGvo0Psrc0AgoQ","privKey":"2KFVJzNAk6aczGLz8guBOJtBbl2aZsyx61MOE0RqqFU="},"lastRemoteEphemeralKey":"BcS9f1/qfFSAxpaAQWRQHCO3Qf+UETCKMQEWda7RHPUz","previousCounter":0,"rootKey":"Vi2UzQ75gYGUGkT1SK+AVtkZCGdRGWMJ+2MQQhsk/rY="},"indexInfo":{"baseKey":"BcmDTXOl586TWUiCnbfNdmCDsqINz2iO5Gx1DGQrw91Y","baseKeyType":1,"closed":1686180714048,"used":1686180711319,"created":1686180711319,"remoteIdentityKey":"BcdCmCQbU33cK1KSh2QbeMUAdovvUhJA/8ThzwvST6EA"},"_chains":{"Bf1PbFZTiOWg81fv2iOsrswCvErFn9bGvo0Psrc0AgoQ":{"chainKey":{"counter":0,"key":"Du7aFa1WLHkZ1a5ejGetjLLLhgU9i76gP+KuQiSMzm4="},"chainType":1,"messageKeys":{}}},"pendingPreKey":{"signedKeyId":1,"baseKey":"BcmDTXOl586TWUiCnbfNdmCDsqINz2iO5Gx1DGQrw91Y","preKeyId":961}},"BX/yz0UMWjyvVl0Rnh3v+aKC2g6wl9BgSW1Y/X1my+Nz":{"registrationId":2321,"currentRatchet":{"ephemeralKeyPair":{"pubKey":"BQV4xnyJNi14NcrsXpLI2RMgW36wzn/oheIRVcSHpzMC","privKey":"qN4/MR19k8JeiZgesqLt3K8O+a/borMXJYwlCF02aWM="},"lastRemoteEphemeralKey":"BcS9f1/qfFSAxpaAQWRQHCO3Qf+UETCKMQEWda7RHPUz","previousCounter":0,"rootKey":"AFRNImybLFc1pIS97nb+96eQ6wOVf0S4q3QxCzEvONw="},"indexInfo":{"baseKey":"BX/yz0UMWjyvVl0Rnh3v+aKC2g6wl9BgSW1Y/X1my+Nz","baseKeyType":1,"closed":-1,"used":1686180713276,"created":1686180713276,"remoteIdentityKey":"BcdCmCQbU33cK1KSh2QbeMUAdovvUhJA/8ThzwvST6EA"},"_chains":{"BQV4xnyJNi14NcrsXpLI2RMgW36wzn/oheIRVcSHpzMC":{"chainKey":{"counter":0,"key":"QowT8h8+uOdeJeXSrZ1bxWnxvJVS7NE3LQtBM+YbyDY="},"chainType":1,"messageKeys":{}}},"pendingPreKey":{"signedKeyId":1,"baseKey":"BX/yz0UMWjyvVl0Rnh3v+aKC2g6wl9BgSW1Y/X1my+Nz","preKeyId":881}}},"version":"v1"}