{"_sessions":{"Bcreeml32vfQHDjwZKuUKEfSQbzL3wAbbLRS5+QIASRi":{"registrationId":1274739911,"currentRatchet":{"ephemeralKeyPair":{"pubKey":"Bfkeo/BXyjkrI2X6hLaP27CPys6do9x/hq9O4QbPgHZL","privKey":"2GygJ2+IlxSGh+jfam0g/JgXLmyUgJW4/e1Qh/XCgko="},"lastRemoteEphemeralKey":"BQEwEFoOuyBiERMjjJ/dccoHdHvl06fgR4JXilyHaB5k","previousCounter":0,"rootKey":"AJhmwxgZKx28JXZ6MUxP/Gu5e+11iM6/EqwgU5BMtwQ="},"indexInfo":{"baseKey":"Bcreeml32vfQHDjwZKuUKEfSQbzL3wAbbLRS5+QIASRi","baseKeyType":2,"closed":-1,"used":1686208050799,"created":1686208050799,"remoteIdentityKey":"BRWLXImgWyI/yLq21MdZjlI5daniD+qRQWkEAVCJx0MO"},"_chains":{"BQEwEFoOuyBiERMjjJ/dccoHdHvl06fgR4JXilyHaB5k":{"chainKey":{"counter":1,"key":"akffms/h175z6EXcUa/wtMpkLfRTizGOXhUVLY4O8GI="},"chainType":2,"messageKeys":{}},"Bfkeo/BXyjkrI2X6hLaP27CPys6do9x/hq9O4QbPgHZL":{"chainKey":{"counter":-1,"key":"9PHXZjYlIiMG+Xb0VhEX4FKZataCh/Qk6Qnp12+DBHE="},"chainType":1,"messageKeys":{}}}}},"version":"v1"}