{"_sessions":{"BfRBFqXKhnTNRkfiJwaie4GLoyhidoScRzq0uToLqJMD":{"registrationId":1921265237,"currentRatchet":{"ephemeralKeyPair":{"pubKey":"BTg8sL8utoXt3coBCmes3yeaOpIEuS8LK9kBrT0T+k1U","privKey":"iEBu1fYYH8dQAjouhSQs/HLOfL+yH2sFrnkXZpSg7nw="},"lastRemoteEphemeralKey":"BSM8y3BJ3cMCqEqfdiXKj4Bkr7NqHAXp2bTHNzFZxPRP","previousCounter":0,"rootKey":"Ygq8D8W2LolBAIKJqHwE5mvkQy0nRmpywJxWxHM0Q7M="},"indexInfo":{"baseKey":"BfRBFqXKhnTNRkfiJwaie4GLoyhidoScRzq0uToLqJMD","baseKeyType":2,"closed":-1,"used":1686293470600,"created":1686293470600,"remoteIdentityKey":"BVhJuwjkEduN7G1ZeaE3jlKOubn3o7FIi9LBPD9iiRd/"},"_chains":{"BSM8y3BJ3cMCqEqfdiXKj4Bkr7NqHAXp2bTHNzFZxPRP":{"chainKey":{"counter":0,"key":"jzNgJCgVCy9vb2hOu7EYPyspwpD7pWo+0ZaJZgs1gOs="},"chainType":2,"messageKeys":{}},"BTg8sL8utoXt3coBCmes3yeaOpIEuS8LK9kBrT0T+k1U":{"chainKey":{"counter":-1,"key":"km3LhwANQ2CNlaKzgElRvslBkGp7+/xIFmouyqjDmCU="},"chainType":1,"messageKeys":{}}}}},"version":"v1"}