{"_sessions":{"Bb1o+2ko03GYDAoY0/CZuSRql841EVytBNDPW1zpJT5L":{"registrationId":297482932,"currentRatchet":{"ephemeralKeyPair":{"pubKey":"BQSMDw4QYVC2MfZVVEbXIFelf07XuLOrsUcmyHekmAUg","privKey":"GAUxSxm/yy6WMRh1eHTXo+S+y/Ho0smckms9gmsGsm0="},"lastRemoteEphemeralKey":"BcqW51D5Rr2u7YLIkeVl3LB90MncW9lJ81bZv77zmPsj","previousCounter":0,"rootKey":"xyYF3CpMkAS5j6bn+MKVnuGnLH6NFBrwJkXJXFwdYfA="},"indexInfo":{"baseKey":"Bb1o+2ko03GYDAoY0/CZuSRql841EVytBNDPW1zpJT5L","baseKeyType":1,"closed":1686180714048,"used":1686180711373,"created":1686180711373,"remoteIdentityKey":"BV5YJVgn0PrjLFTr5WIkkQTdvFxIbawkr7lHDaZUVmFM"},"_chains":{"BQSMDw4QYVC2MfZVVEbXIFelf07XuLOrsUcmyHekmAUg":{"chainKey":{"counter":0,"key":"P7zlQD1h6wPKAISWi9YhjkcuKcweeXqWbik/4oiQfnY="},"chainType":1,"messageKeys":{}}},"pendingPreKey":{"signedKeyId":2535609,"baseKey":"Bb1o+2ko03GYDAoY0/CZuSRql841EVytBNDPW1zpJT5L","preKeyId":3087}},"BQ7W8SQQ41icDZdrOPFFhTcN5z2bhhA83N9l10KNE75w":{"registrationId":297482932,"currentRatchet":{"ephemeralKeyPair":{"pubKey":"Bb0FhtObHxYvbwpG/Mcye4PqmJZf3gUXKvrrOvRYBeBb","privKey":"iGUhwO/DigEBIENbiBL+aDgQgfzVm/aSE7EIt7f+lGQ="},"lastRemoteEphemeralKey":"BcqW51D5Rr2u7YLIkeVl3LB90MncW9lJ81bZv77zmPsj","previousCounter":0,"rootKey":"vbLh7bbTv/ZjIsRgLx5fLZUCwJpnNL77KnPxybYoGes="},"indexInfo":{"baseKey":"BQ7W8SQQ41icDZdrOPFFhTcN5z2bhhA83N9l10KNE75w","baseKeyType":1,"closed":-1,"used":1686180713330,"created":1686180713330,"remoteIdentityKey":"BV5YJVgn0PrjLFTr5WIkkQTdvFxIbawkr7lHDaZUVmFM"},"_chains":{"Bb0FhtObHxYvbwpG/Mcye4PqmJZf3gUXKvrrOvRYBeBb":{"chainKey":{"counter":0,"key":"KwjEoD8WcmC3tXsCgnETRdBwMtlI5/gYanYP/1NW5U4="},"chainType":1,"messageKeys":{}}},"pendingPreKey":{"signedKeyId":2535609,"baseKey":"BQ7W8SQQ41icDZdrOPFFhTcN5z2bhhA83N9l10KNE75w","preKeyId":2647}}},"version":"v1"}