{"_sessions":{"BSrOEGfZOP2YLNROK01xUMVST5Ngt52bZqeBeftiu2B5":{"registrationId":7389,"currentRatchet":{"ephemeralKeyPair":{"pubKey":"BTbjoj8+9bRPwhTA+y3t/9xaunL/JF9NKOzrg8FfB28s","privKey":"eAYU6MqYWTxGq15WkTtJJ39wacIHOTbD2B1ssm6wGG0="},"lastRemoteEphemeralKey":"BWB1Xdccqq5G+iNaRaXEWgBcQafrTBl4eT+ot0nssokv","previousCounter":0,"rootKey":"474V2xuOgnxPVdUVUqq9UWQ0v3V/Ez7I1IcwLmuc4Tc="},"indexInfo":{"baseKey":"BSrOEGfZOP2YLNROK01xUMVST5Ngt52bZqeBeftiu2B5","baseKeyType":1,"closed":1686180714048,"used":1686180711306,"created":1686180711306,"remoteIdentityKey":"BeAxNIDeUFIlHOQKMFp3ww6KzEc0ajPcirfK535oiWoE"},"_chains":{"BTbjoj8+9bRPwhTA+y3t/9xaunL/JF9NKOzrg8FfB28s":{"chainKey":{"counter":0,"key":"WlvlOBT3GdqMk7FT3iTSrHkIcUpPrllliDHtkBtUPfg="},"chainType":1,"messageKeys":{}}},"pendingPreKey":{"signedKeyId":1,"baseKey":"BSrOEGfZOP2YLNROK01xUMVST5Ngt52bZqeBeftiu2B5","preKeyId":509}},"BV/THeRA1R5rzhwI77hirLuskLDru+3F0KrXWT09g2MA":{"registrationId":7389,"currentRatchet":{"ephemeralKeyPair":{"pubKey":"BYEvbCKVxm6ldBJSAR0b0LyrLn0UB3rdYPd8pwbo+Hlw","privKey":"AHXV+y944zzlmFWWTgBzaj7O3USNC59ZRrGt4d0EZGk="},"lastRemoteEphemeralKey":"BWB1Xdccqq5G+iNaRaXEWgBcQafrTBl4eT+ot0nssokv","previousCounter":0,"rootKey":"PMEK+uIURVuPlUg2jD3no2aOCUBWsLRRjQPiDoYXUvw="},"indexInfo":{"baseKey":"BV/THeRA1R5rzhwI77hirLuskLDru+3F0KrXWT09g2MA","baseKeyType":1,"closed":-1,"used":1686180713261,"created":1686180713261,"remoteIdentityKey":"BeAxNIDeUFIlHOQKMFp3ww6KzEc0ajPcirfK535oiWoE"},"_chains":{"BYEvbCKVxm6ldBJSAR0b0LyrLn0UB3rdYPd8pwbo+Hlw":{"chainKey":{"counter":0,"key":"CPDZm+OFUd5GJqknotv+B5UVaGMrXQz6e1RYNhkIdpY="},"chainType":1,"messageKeys":{}}},"pendingPreKey":{"signedKeyId":1,"baseKey":"BV/THeRA1R5rzhwI77hirLuskLDru+3F0KrXWT09g2MA","preKeyId":827}}},"version":"v1"}