{"_sessions":{"BdnqonJvtYt+A8ExeKg2Djpyn++vwan+KXaoWE7WuPpg":{"registrationId":264621650,"currentRatchet":{"ephemeralKeyPair":{"pubKey":"BQow1F30pzYrhqhE3dW6OAocrGm44JhuTkAo+4FUfe09","privKey":"wFWrhBC7PKp55sYKrpp4kYJtzg/yUu5/nBVA6G42jUI="},"lastRemoteEphemeralKey":"BQDoRNIEK37j6VBnlVnJxR5H9XCV4xLm6K6xw3i1uz0a","previousCounter":0,"rootKey":"rmJyusWwo+Nkae/FkfGkMz2YXnIaSR8y8xL9KKNn7i8="},"indexInfo":{"baseKey":"BdnqonJvtYt+A8ExeKg2Djpyn++vwan+KXaoWE7WuPpg","baseKeyType":1,"closed":1686180714050,"used":1686180711706,"created":1686180711706,"remoteIdentityKey":"BbsFnp2+nI+A/8OqqWJWd+I3R1c7R+IcMj81sHlIubdb"},"_chains":{"BQow1F30pzYrhqhE3dW6OAocrGm44JhuTkAo+4FUfe09":{"chainKey":{"counter":0,"key":"VH86eDi4LuS/2CtH0HHmdLPolTNxnYnnq+T7UMT+Ic0="},"chainType":1,"messageKeys":{}}},"pendingPreKey":{"signedKeyId":7,"baseKey":"BdnqonJvtYt+A8ExeKg2Djpyn++vwan+KXaoWE7WuPpg","preKeyId":11499865}},"BShHfBn4hEKijjb6PSHJwSGanqnXmiqFANFQ09Y4QBwy":{"registrationId":264621650,"currentRatchet":{"ephemeralKeyPair":{"pubKey":"BYwvG/kbbr8q/uNOGdoP6NT54ARh9F6Z5BHvvKeibu47","privKey":"8NLIAJj5QhDkmZufIhWlFr6N2qvpI4VYJ7fq3QXV630="},"lastRemoteEphemeralKey":"BQDoRNIEK37j6VBnlVnJxR5H9XCV4xLm6K6xw3i1uz0a","previousCounter":0,"rootKey":"bHj/04rUM9rLOxkZshovlYCDMObkto8BZXWl9qH3mqY="},"indexInfo":{"baseKey":"BShHfBn4hEKijjb6PSHJwSGanqnXmiqFANFQ09Y4QBwy","baseKeyType":1,"closed":-1,"used":1686180713720,"created":1686180713720,"remoteIdentityKey":"BbsFnp2+nI+A/8OqqWJWd+I3R1c7R+IcMj81sHlIubdb"},"_chains":{"BYwvG/kbbr8q/uNOGdoP6NT54ARh9F6Z5BHvvKeibu47":{"chainKey":{"counter":0,"key":"V5me1FxaLllY7ro2V/qCPtFaOk4EAmf/cA7EGQpwzNg="},"chainType":1,"messageKeys":{}}},"pendingPreKey":{"signedKeyId":7,"baseKey":"BShHfBn4hEKijjb6PSHJwSGanqnXmiqFANFQ09Y4QBwy","preKeyId":11500529}}},"version":"v1"}