{"_sessions":{"BQe0t791NoE1YoBaBHAdkIaRhJfhLTSREMAPR50TY8h/":{"registrationId":104473811,"currentRatchet":{"ephemeralKeyPair":{"pubKey":"BZxCeR+8dIxHEZVXsTfviEo96ilHBmNvryW4qHJB/E9w","privKey":"cPBOHmGkur5HahlhcYjjGGVKgzinD1m4HlZDyPGWU3Q="},"lastRemoteEphemeralKey":"BcjbOUzp6KMfjr8R8i+A15uud529XJlZ8+C67oZZZqNm","previousCounter":0,"rootKey":"5tXPx3JK5M7DjsEk+Am5zLJkSXMVoSxjmaVoJstfWhQ="},"indexInfo":{"baseKey":"BQe0t791NoE1YoBaBHAdkIaRhJfhLTSREMAPR50TY8h/","baseKeyType":1,"closed":1686180714050,"used":1686180711654,"created":1686180711654,"remoteIdentityKey":"BYLr//f9ALvefSuAjqiW/mm5Ybrkh1pV63OpSyn4AjA8"},"_chains":{"BZxCeR+8dIxHEZVXsTfviEo96ilHBmNvryW4qHJB/E9w":{"chainKey":{"counter":0,"key":"wdyxO4uzPImHD0BBNbhFNSmCjFmMv7yUeB9x5axarfo="},"chainType":1,"messageKeys":{}}},"pendingPreKey":{"signedKeyId":6,"baseKey":"BQe0t791NoE1YoBaBHAdkIaRhJfhLTSREMAPR50TY8h/","preKeyId":8100514}},"BVvRxvOs16z1GSuCChj6DnNfrRJdTEFNl5zZ/k9U0qwu":{"registrationId":104473811,"currentRatchet":{"ephemeralKeyPair":{"pubKey":"Bd7giousrLD0QXDEoMqeYDxiZjPPy6Lrzt7cOHgBdrIE","privKey":"aIFQbuWn76PzvfvltHOBxFoRY/DMRQ2VQUP0kU6fCGo="},"lastRemoteEphemeralKey":"BUZpHVhDxfQ4ibMjgXS5WRpV7HbyVAFgVx5FcY3HPV1R","previousCounter":0,"rootKey":"UTxmPysEkllv1y2m58vh1EJTnJAnypakxQu41iIFpNk="},"indexInfo":{"baseKey":"BVvRxvOs16z1GSuCChj6DnNfrRJdTEFNl5zZ/k9U0qwu","baseKeyType":1,"closed":-1,"used":1686226002156,"created":1686180713573,"remoteIdentityKey":"BYLr//f9ALvefSuAjqiW/mm5Ybrkh1pV63OpSyn4AjA8"},"_chains":{"BUZpHVhDxfQ4ibMjgXS5WRpV7HbyVAFgVx5FcY3HPV1R":{"chainKey":{"counter":0,"key":"1a2hVJvAtzuEL3LBMAZFcyQVvMZfzdvWr9aLNr0ZdHo="},"chainType":2,"messageKeys":{}},"Bd7giousrLD0QXDEoMqeYDxiZjPPy6Lrzt7cOHgBdrIE":{"chainKey":{"counter":-1,"key":"+UJRABa4wIraA0zY5eIdNl8HLdgvZo5BY1jCRS63YxY="},"chainType":1,"messageKeys":{}}}}},"version":"v1"}