{"_sessions":{"BbiHhng1ISD6Y8qfiTFyGRUJ+NSS2LM2gsZdjG+z9SM6":{"registrationId":122693738,"currentRatchet":{"ephemeralKeyPair":{"pubKey":"Bf9ZxiRy5viLwTkMnAqGeaz37drjk9RibahuHnQRy1gx","privKey":"KO2Gl40b3cRFtut1/BdRVmJR268arzn12XekzPQVamY="},"lastRemoteEphemeralKey":"Bc9ho9ouEQTEa7gJSekp5OBA8dJxM1BO607rrpYwq352","previousCounter":0,"rootKey":"izbLZhxDMNgwFs9imwNg5s5wsi4BzEoCrYgGOii3QAU="},"indexInfo":{"baseKey":"BbiHhng1ISD6Y8qfiTFyGRUJ+NSS2LM2gsZdjG+z9SM6","baseKeyType":2,"closed":-1,"used":1686221697970,"created":1686221697970,"remoteIdentityKey":"BUoflL0KaqXqQ1M6c9e2Alp9M77b7KIrp3RCsmj1+wt9"},"_chains":{"Bc9ho9ouEQTEa7gJSekp5OBA8dJxM1BO607rrpYwq352":{"chainKey":{"counter":1,"key":"oL6fG/I7JL9IVxVLAxtUbhA7qn0FAmT4ob9BHkf1DY4="},"chainType":2,"messageKeys":{}},"Bf9ZxiRy5viLwTkMnAqGeaz37drjk9RibahuHnQRy1gx":{"chainKey":{"counter":-1,"key":"vTqZOyaMtMP9KHEaeVzmVkbcPQDCOJbvp0iVMWEpA+Y="},"chainType":1,"messageKeys":{}}}}},"version":"v1"}