{"_sessions":{"Ba8wRcVxXF4cGTtkgN/pHRGvXlpK9i3nY0MH3qtcCSwo":{"registrationId":1313158864,"currentRatchet":{"ephemeralKeyPair":{"pubKey":"BYQvY2U9SqjkRh2Zb/KaGMaE/IUpNSv98DZ+LdtRkukQ","privKey":"uDSi92GlFlFLmPpN108Mwk06yeUp8ekLg6++W/Px9Wc="},"lastRemoteEphemeralKey":"Bb3fnnxGefnjGAKZUkTf1/7q+AcZ8tiFxvlKqxwww2Jk","previousCounter":0,"rootKey":"/2vjJomZcJpV58pahefrf7Xzydx4ebcn3n31zIHvLAw="},"indexInfo":{"baseKey":"Ba8wRcVxXF4cGTtkgN/pHRGvXlpK9i3nY0MH3qtcCSwo","baseKeyType":1,"closed":1686180714049,"used":1686180711423,"created":1686180711423,"remoteIdentityKey":"BaghguQ9pgzWDfriLJgb7S2rSk+YH2CRsBQbNvdgLZoz"},"_chains":{"BYQvY2U9SqjkRh2Zb/KaGMaE/IUpNSv98DZ+LdtRkukQ":{"chainKey":{"counter":0,"key":"A8QKTblo9Ah+CKgJyUc7Lse82hYrxOdunae1SleOYe0="},"chainType":1,"messageKeys":{}}},"pendingPreKey":{"signedKeyId":22,"baseKey":"Ba8wRcVxXF4cGTtkgN/pHRGvXlpK9i3nY0MH3qtcCSwo","preKeyId":9238212}},"Bf0h9O9UL9q6SMpvcKDmAT4wSz51Igr0CaXCS0QSEi0t":{"registrationId":1313158864,"currentRatchet":{"ephemeralKeyPair":{"pubKey":"BbAcUX0maFDOj43qd6Xeu5MLKTVS3IcxDOs7hYlJzQUJ","privKey":"iAEJE84wZZyR5mPipuox0TKmTL8rDqiuCoYwVFcqjV0="},"lastRemoteEphemeralKey":"Bb3fnnxGefnjGAKZUkTf1/7q+AcZ8tiFxvlKqxwww2Jk","previousCounter":0,"rootKey":"VJadpF0qohzLWfOkoZXoWL7wx7wnXlIVBZKAM65nKHo="},"indexInfo":{"baseKey":"Bf0h9O9UL9q6SMpvcKDmAT4wSz51Igr0CaXCS0QSEi0t","baseKeyType":1,"closed":-1,"used":1686180713377,"created":1686180713377,"remoteIdentityKey":"BaghguQ9pgzWDfriLJgb7S2rSk+YH2CRsBQbNvdgLZoz"},"_chains":{"BbAcUX0maFDOj43qd6Xeu5MLKTVS3IcxDOs7hYlJzQUJ":{"chainKey":{"counter":0,"key":"vaT8A3I/KbNNqFeOKG7ccS4OXk4vdy1+WxLXFEX0cng="},"chainType":1,"messageKeys":{}}},"pendingPreKey":{"signedKeyId":22,"baseKey":"Bf0h9O9UL9q6SMpvcKDmAT4wSz51Igr0CaXCS0QSEi0t","preKeyId":9238208}}},"version":"v1"}