{"_sessions":{"BYprfScXukmLNG8Yhp1KlTSqD2RXgS/bItzFESdeoNMy":{"registrationId":20816026,"currentRatchet":{"ephemeralKeyPair":{"pubKey":"BZv627e68MyTTLVLmFuQNmu80oi2gR9zkTc3WLtmQ6wq","privKey":"aHrX/kevAG22JpoZGld4UHOaN1bBW1VADQAqzLqieW4="},"lastRemoteEphemeralKey":"BSo5Y8alzqjHZzYeQmAq4j9VRVJdfKBWKsG204y1FvBR","previousCounter":0,"rootKey":"4s5wdosUG5Btni5g5laZAnBN/0brFf8gB4Ld7d1ROCM="},"indexInfo":{"baseKey":"BYprfScXukmLNG8Yhp1KlTSqD2RXgS/bItzFESdeoNMy","baseKeyType":2,"closed":-1,"used":1686205742816,"created":1686205742816,"remoteIdentityKey":"BZxVeHwY/HIRW1oL51t8FPQjzNFkWOvolktmKimnTRdF"},"_chains":{"BSo5Y8alzqjHZzYeQmAq4j9VRVJdfKBWKsG204y1FvBR":{"chainKey":{"counter":0,"key":"Z2YfMs/W0tEwynf/CveLJ2BiGgnj9VJbvWHtLMFpAFw="},"chainType":2,"messageKeys":{}},"BZv627e68MyTTLVLmFuQNmu80oi2gR9zkTc3WLtmQ6wq":{"chainKey":{"counter":-1,"key":"UoNjNgfA1YhoA3HfgyxsBgH0xg4l+c4zrs08+y6sg3g="},"chainType":1,"messageKeys":{}}}}},"version":"v1"}