{"_sessions":{"BZer22gKWEfejKdqXKNdwoVWjh17/RGYyV6Trd/EYm4/":{"registrationId":1585351871,"currentRatchet":{"ephemeralKeyPair":{"pubKey":"BYX2IxMi0jupQE0HsyuCA3Iyi5yTKO8aLokYM/9HMcRU","privKey":"8M6nGaDh81m36ZVbOWa4arQ22VCsF/Ib0NwzslNgSk8="},"lastRemoteEphemeralKey":"BSZO6qjl2LYbSSywSw4dVdTDTMbSKXkknzWhx4TwGMpy","previousCounter":0,"rootKey":"F/DiGotBRrZMO6gwcvFguK+Mua5I6DkP+RimeGTw9gE="},"indexInfo":{"baseKey":"BZer22gKWEfejKdqXKNdwoVWjh17/RGYyV6Trd/EYm4/","baseKeyType":2,"closed":-1,"used":1686234701690,"created":1686234701690,"remoteIdentityKey":"BbpKzVfi3oZMzP1TTpITgrWuGIpHdu75exqYAlMjFwNk"},"_chains":{"BSZO6qjl2LYbSSywSw4dVdTDTMbSKXkknzWhx4TwGMpy":{"chainKey":{"counter":0,"key":"s86p0ZLay4kcTwLhpfLnVtO286K+YT/bwu3fccjuHbk="},"chainType":2,"messageKeys":{}},"BYX2IxMi0jupQE0HsyuCA3Iyi5yTKO8aLokYM/9HMcRU":{"chainKey":{"counter":-1,"key":"WGWP3/RNsAxsftHA2U5XjKCaTh+Ujp8txfNHoaykwec="},"chainType":1,"messageKeys":{}}}}},"version":"v1"}