{"_sessions":{"BSerjZ403aOD7bvtOvEfZcnCAphWWGUT0mPWwzN3wNwL":{"registrationId":426433057,"currentRatchet":{"ephemeralKeyPair":{"pubKey":"BTL/y5uPkp9nRyqr2S7JyFW33fYolIKc07Qq52a5g90M","privKey":"4OABXoPb15HPydZNNzsw5+oLmfAMIG5farDFFAOik1I="},"lastRemoteEphemeralKey":"BfKLzO0SdYZX/RIMnpw+txhiLOh9C2x79OO2UG8srzFo","previousCounter":0,"rootKey":"bL7ElvkQlnyCGUPS6CohaMe86F7rrkdRr1pnyl+AZVk="},"indexInfo":{"baseKey":"BSerjZ403aOD7bvtOvEfZcnCAphWWGUT0mPWwzN3wNwL","baseKeyType":1,"closed":1686180714050,"used":1686180711728,"created":1686180711728,"remoteIdentityKey":"BVcismY70GTTKnfKG1AT7Xz0jtUwOYOJo4QbzvMPauFe"},"_chains":{"BTL/y5uPkp9nRyqr2S7JyFW33fYolIKc07Qq52a5g90M":{"chainKey":{"counter":0,"key":"mdZXzg/oAsGqUYX0apuhat8PGV10FOgeSHckw97OuGc="},"chainType":1,"messageKeys":{}}},"pendingPreKey":{"signedKeyId":5,"baseKey":"BSerjZ403aOD7bvtOvEfZcnCAphWWGUT0mPWwzN3wNwL","preKeyId":7194768}},"BeQC+qkxjltMPExfzG0M1Rd4MVoFyQpr4ZVsEwDImV8u":{"registrationId":426433057,"currentRatchet":{"ephemeralKeyPair":{"pubKey":"BeeAZ8GkMfLMWFTdE4sNu23deC2ZiUUxAz/uxlwwqMsS","privKey":"gHIxydS37moweV2RTBjmwttFAfvfB6UuCvqWCqUt720="},"lastRemoteEphemeralKey":"BfKLzO0SdYZX/RIMnpw+txhiLOh9C2x79OO2UG8srzFo","previousCounter":0,"rootKey":"R/aNlKNueAup8ZZf84+LU0F1Y0qbZFH35Lp1oVPTrdo="},"indexInfo":{"baseKey":"BeQC+qkxjltMPExfzG0M1Rd4MVoFyQpr4ZVsEwDImV8u","baseKeyType":1,"closed":-1,"used":1686180713761,"created":1686180713761,"remoteIdentityKey":"BVcismY70GTTKnfKG1AT7Xz0jtUwOYOJo4QbzvMPauFe"},"_chains":{"BeeAZ8GkMfLMWFTdE4sNu23deC2ZiUUxAz/uxlwwqMsS":{"chainKey":{"counter":0,"key":"JmrLRwJr986zs6EoZG5Fez/gEsD5ZMUbVhAe3CjD+g4="},"chainType":1,"messageKeys":{}}},"pendingPreKey":{"signedKeyId":5,"baseKey":"BeQC+qkxjltMPExfzG0M1Rd4MVoFyQpr4ZVsEwDImV8u","preKeyId":7194414}}},"version":"v1"}