{"_sessions":{"BbmsjqdiEBePgd1CfdavGndLIZhAG+j5OBJMgWc/ydgI":{"registrationId":735369895,"currentRatchet":{"ephemeralKeyPair":{"pubKey":"BZAWxWu6rWGc6bejBIyrrndsuXdauqrI/76bghTy0wlE","privKey":"cAcvzNVaHrdCnuX9KujxAle7DSUZfwuQpAC4gq+RPF0="},"lastRemoteEphemeralKey":"BaU2kr+/k3WAY9mh+XUiB1aQ8ajKNKyG8/bYbl3Yf7I0","previousCounter":0,"rootKey":"KlwWEAqk75M5MHF9F0f7AbwpuUYKXwfkz51DX7OWwBA="},"indexInfo":{"baseKey":"BbmsjqdiEBePgd1CfdavGndLIZhAG+j5OBJMgWc/ydgI","baseKeyType":1,"closed":1686180714049,"used":1686180711461,"created":1686180711461,"remoteIdentityKey":"BYpqOn57wRyM87EjQrqfykEJp/WWzczzoSbwi9y7zBYC"},"_chains":{"BZAWxWu6rWGc6bejBIyrrndsuXdauqrI/76bghTy0wlE":{"chainKey":{"counter":0,"key":"CCg4ROIefz9UFoH4H79t9RbsM0w3YjU9bALN4k/NNNQ="},"chainType":1,"messageKeys":{}}},"pendingPreKey":{"signedKeyId":3,"baseKey":"BbmsjqdiEBePgd1CfdavGndLIZhAG+j5OBJMgWc/ydgI","preKeyId":3443798}},"BRjQWOQImlyGxRhI1nPqiGE/x8+ra1oczj/dyrHLu3NB":{"registrationId":735369895,"currentRatchet":{"ephemeralKeyPair":{"pubKey":"BfJwzsVgbj2P4aaugWSCGZiPWB95DCECN3zypEjl4s4J","privKey":"cA5MQTRNK9aZ7Sy5Xth73Q+iApI0uf5LqRzwL9NGgVg="},"lastRemoteEphemeralKey":"BaU2kr+/k3WAY9mh+XUiB1aQ8ajKNKyG8/bYbl3Yf7I0","previousCounter":0,"rootKey":"yu9UD23v9HIXTvRaO5fowrKAL0fs92RO+NRelxAJa0A="},"indexInfo":{"baseKey":"BRjQWOQImlyGxRhI1nPqiGE/x8+ra1oczj/dyrHLu3NB","baseKeyType":1,"closed":-1,"used":1686180713407,"created":1686180713407,"remoteIdentityKey":"BYpqOn57wRyM87EjQrqfykEJp/WWzczzoSbwi9y7zBYC"},"_chains":{"BfJwzsVgbj2P4aaugWSCGZiPWB95DCECN3zypEjl4s4J":{"chainKey":{"counter":0,"key":"6SqpVsRppIu87lpF/06HgfETCBVy0A2yKn57G00aaiY="},"chainType":1,"messageKeys":{}}},"pendingPreKey":{"signedKeyId":3,"baseKey":"BRjQWOQImlyGxRhI1nPqiGE/x8+ra1oczj/dyrHLu3NB","preKeyId":3443586}}},"version":"v1"}