{"_sessions":{"BbvdZwDGPo4G0t4E7v9OL96qZjh93Y48996pWzQQouod":{"registrationId":1333738109,"currentRatchet":{"ephemeralKeyPair":{"pubKey":"BQ/WPMoaLniTptlstcYbp6QiK58pUqq9JReNVLOvp7V/","privKey":"sHWrKKN6PDVtw9clPLndJaeToEG1Hno3L2UgHh3vVVI="},"lastRemoteEphemeralKey":"Bdfc040K1RmhzSj+84Hkq5tAyNDuL/k1Vp1/0THuMAgE","previousCounter":0,"rootKey":"095QB9btjUvXiZW6f/2MeAin5T+2zFdthAbWJGxfjaI="},"indexInfo":{"baseKey":"BbvdZwDGPo4G0t4E7v9OL96qZjh93Y48996pWzQQouod","baseKeyType":1,"closed":1686180714050,"used":1686180711787,"created":1686180711787,"remoteIdentityKey":"BbaK4svf4o4/44Wd+OpOlgwDDcJbMuw88G33Q+MqEIVU"},"_chains":{"BQ/WPMoaLniTptlstcYbp6QiK58pUqq9JReNVLOvp7V/":{"chainKey":{"counter":0,"key":"/msF83iMp9Mn6S5EFWBEhK6EQspBLQCRV1CrBCTW/rE="},"chainType":1,"messageKeys":{}}},"pendingPreKey":{"signedKeyId":19,"baseKey":"BbvdZwDGPo4G0t4E7v9OL96qZjh93Y48996pWzQQouod","preKeyId":10530962}},"BXKkSrF6oKf3t1hULJGnMpck47ZNzgUzW+Gx/R+2+g9S":{"registrationId":1333738109,"currentRatchet":{"ephemeralKeyPair":{"pubKey":"BaF26gIS/4ADvNlrOrtupAlr53VPw2QpZSQR884A18hP","privKey":"KPIAkmZSdUL4F4/u0JS63S1kaSVNVLUawqqmZ0XjhHA="},"lastRemoteEphemeralKey":"Bdfc040K1RmhzSj+84Hkq5tAyNDuL/k1Vp1/0THuMAgE","previousCounter":0,"rootKey":"xOLdrwUYw2g/VP20DkSjsXY/+eisxYXJkwbxXHv6408="},"indexInfo":{"baseKey":"BXKkSrF6oKf3t1hULJGnMpck47ZNzgUzW+Gx/R+2+g9S","baseKeyType":1,"closed":-1,"used":1686180713890,"created":1686180713890,"remoteIdentityKey":"BbaK4svf4o4/44Wd+OpOlgwDDcJbMuw88G33Q+MqEIVU"},"_chains":{"BaF26gIS/4ADvNlrOrtupAlr53VPw2QpZSQR884A18hP":{"chainKey":{"counter":0,"key":"R2Y+b1M6oaegyjZyqDK4emSQ7mzhecaN/db1l1Bzj3o="},"chainType":1,"messageKeys":{}}},"pendingPreKey":{"signedKeyId":19,"baseKey":"BXKkSrF6oKf3t1hULJGnMpck47ZNzgUzW+Gx/R+2+g9S","preKeyId":10531746}}},"version":"v1"}