{"_sessions":{"BQt1+TGs6wUBlk6j+vXq1dK+AjRaUsmprn/IwHr8W+UF":{"registrationId":1097306426,"currentRatchet":{"ephemeralKeyPair":{"pubKey":"BeEIEymcuSqnmCHTr1CM/POvrNVNHTjxSmf/GX0VUv0a","privKey":"2H+cggkpjdEmG4JLoeXK8FZtoFmUpm168jzdMJAvfmA="},"lastRemoteEphemeralKey":"BcCGm/M0aJsWAtQTRhVY1tm7ZWreWfkXShMIPKa94ZgK","previousCounter":0,"rootKey":"7eQptiSjaj5GfS6rVTmgYSC6Fjahh9tfG8dyKLO/w1o="},"indexInfo":{"baseKey":"BQt1+TGs6wUBlk6j+vXq1dK+AjRaUsmprn/IwHr8W+UF","baseKeyType":1,"closed":1686180714051,"used":1686180711811,"created":1686180711811,"remoteIdentityKey":"BXDQySTt462VLa0eI9ErOguqkptqBGkOgJ/uhGdFICJs"},"_chains":{"BeEIEymcuSqnmCHTr1CM/POvrNVNHTjxSmf/GX0VUv0a":{"chainKey":{"counter":0,"key":"35zzpJDZcL9NU7jNpakRMn5W/Jgdee8BkMZHCslR4bQ="},"chainType":1,"messageKeys":{}}},"pendingPreKey":{"signedKeyId":3,"baseKey":"BQt1+TGs6wUBlk6j+vXq1dK+AjRaUsmprn/IwHr8W+UF","preKeyId":3184617}},"BR89anXI/KoN1t/bP0KkNSsF0SJ8uFc1szBqFufGij8u":{"registrationId":1097306426,"currentRatchet":{"ephemeralKeyPair":{"pubKey":"BXbiqyZPmZBJz9AdcPtGUQot9ORD5EUJomfSKlLZf/gv","privKey":"ADO8YQJzgQzJ2kF+wZUO+BlJolLY8tSYkr9NLleCrHQ="},"lastRemoteEphemeralKey":"BV6tR6TwJ/FNGWJcAXj2w9ZbcHzo01K6x7ckXDUXPwR5","previousCounter":0,"rootKey":"PWVwJKJSau7Hms7fKBe1LVnjralx9t7eDE3MTYZjWUU="},"indexInfo":{"baseKey":"BR89anXI/KoN1t/bP0KkNSsF0SJ8uFc1szBqFufGij8u","baseKeyType":1,"closed":-1,"used":1686223796552,"created":1686180713952,"remoteIdentityKey":"BXDQySTt462VLa0eI9ErOguqkptqBGkOgJ/uhGdFICJs"},"_chains":{"BV6tR6TwJ/FNGWJcAXj2w9ZbcHzo01K6x7ckXDUXPwR5":{"chainKey":{"counter":2,"key":"2MtpNXbP6DttMZuspIen+5Cx+w5NIjwob2YCoSTaHqA="},"chainType":2,"messageKeys":{}},"BXbiqyZPmZBJz9AdcPtGUQot9ORD5EUJomfSKlLZf/gv":{"chainKey":{"counter":-1,"key":"RPgOtTrk061MWUpRfuVbMQ5nvH53TiC9Q82/DiX1Jww="},"chainType":1,"messageKeys":{}}}}},"version":"v1"}