{"_sessions":{"BUKcUdb9TfAwPQq2xTJ9DHz8NNEcHqveL0ABepnM7G1L":{"registrationId":202,"currentRatchet":{"ephemeralKeyPair":{"pubKey":"BQ+o9/es3qbhH246p80DF7GErY+9E47/LrHFGgzbjkk/","privKey":"SCg3Gse3Ke6UY7j0eYXrmtCnGrkq+agotymv6/lAYHY="},"lastRemoteEphemeralKey":"BVblyjOC3aE3QjLtrBFFgXivjh0cpKc214ysZzD2vRt9","previousCounter":0,"rootKey":"P+KVXToDDTb+K9VXCOiKwCVN0ZyPFM6DnikXBpwwDg0="},"indexInfo":{"baseKey":"BUKcUdb9TfAwPQq2xTJ9DHz8NNEcHqveL0ABepnM7G1L","baseKeyType":2,"closed":-1,"used":1686233528090,"created":1686233528090,"remoteIdentityKey":"BTJjYniqp0gUh4Py5bsHSG2eVGRQ6jWXm+R8VTFNry1b"},"_chains":{"BVblyjOC3aE3QjLtrBFFgXivjh0cpKc214ysZzD2vRt9":{"chainKey":{"counter":0,"key":"UUqPupngxgL/u7Hq/wakTwtabnXHEiVrODFkFFz39pM="},"chainType":2,"messageKeys":{}},"BQ+o9/es3qbhH246p80DF7GErY+9E47/LrHFGgzbjkk/":{"chainKey":{"counter":-1,"key":"IVIOI+0fdNJF15/I1qzRLNrK9lLl6y06LBJRaiCJdZ0="},"chainType":1,"messageKeys":{}}}}},"version":"v1"}