{"_sessions":{"BW6j61ZWjs8DCsLcNncOYRW6YPEKIrW8sZBpdaQ53dER":{"registrationId":1964227745,"currentRatchet":{"ephemeralKeyPair":{"pubKey":"BTrc9yt0WKZ219flcWdmdvwojqD9zPh/Lg4LrNXRzh8Q","privKey":"MJlQrJgMt7dEU2+waHJtuRRrseMosW2uoGKIqVpQun0="},"lastRemoteEphemeralKey":"Bd9FKP/rBPrKATdO511du7jVQMKfUgWeyUyUJ6wLZyQW","previousCounter":0,"rootKey":"0tUjrsz2SaTQKTLN7ZIFWDgpJUDWkPWV4kz264tU5qE="},"indexInfo":{"baseKey":"BW6j61ZWjs8DCsLcNncOYRW6YPEKIrW8sZBpdaQ53dER","baseKeyType":1,"closed":1686180714049,"used":1686180711564,"created":1686180711564,"remoteIdentityKey":"BXHMciKL5Px7mW3T2Npnui0k4jdn2HszOHPKkXtELDA3"},"_chains":{"BTrc9yt0WKZ219flcWdmdvwojqD9zPh/Lg4LrNXRzh8Q":{"chainKey":{"counter":0,"key":"J7PGYcDdy7x6EnV251468ul9E+R8xhe2Cjpcyj1Vqr0="},"chainType":1,"messageKeys":{}}},"pendingPreKey":{"signedKeyId":6,"baseKey":"BW6j61ZWjs8DCsLcNncOYRW6YPEKIrW8sZBpdaQ53dER","preKeyId":9626217}},"BZTXCxsaCBfZ0iCNrUu2s35ZvyObDQXy8oe4Im/J2BUl":{"registrationId":1964227745,"currentRatchet":{"ephemeralKeyPair":{"pubKey":"BRg2aDTQhklGM/zYn0+jM0rKddNkqLQ81XyxSBdUBzkz","privKey":"UFUZscIJh0chhSnr3u4NWkCDU0DbTooYfXvu0hcIEVk="},"lastRemoteEphemeralKey":"Bd9FKP/rBPrKATdO511du7jVQMKfUgWeyUyUJ6wLZyQW","previousCounter":0,"rootKey":"MbelVWtEgqZGyROhb0GIWnaMKOtOO5EYHvgZwBaJ/xI="},"indexInfo":{"baseKey":"BZTXCxsaCBfZ0iCNrUu2s35ZvyObDQXy8oe4Im/J2BUl","baseKeyType":1,"closed":-1,"used":1686180713493,"created":1686180713493,"remoteIdentityKey":"BXHMciKL5Px7mW3T2Npnui0k4jdn2HszOHPKkXtELDA3"},"_chains":{"BRg2aDTQhklGM/zYn0+jM0rKddNkqLQ81XyxSBdUBzkz":{"chainKey":{"counter":0,"key":"e9MW/vsyga/oJqzqdF3Qu+6K9qQ33tTbJZxQFQCy/UM="},"chainType":1,"messageKeys":{}}},"pendingPreKey":{"signedKeyId":6,"baseKey":"BZTXCxsaCBfZ0iCNrUu2s35ZvyObDQXy8oe4Im/J2BUl","preKeyId":9626542}}},"version":"v1"}