{"_sessions":{"BcRJCdY4HnDP46w3FgoXZk2nh3BSyv4CXGddxClQ+2ok":{"registrationId":1157245210,"currentRatchet":{"ephemeralKeyPair":{"pubKey":"BbQcKzFcFMtAuxixh29l5NMi2FKiwZKbRMCqp+ClkgRo","privKey":"+ADNZM9ga9fOvJSPv3DygPhC6zdhHwRAscDPNWpJ0l4="},"lastRemoteEphemeralKey":"BaXVs1umtHwetIRoUmkv5Oyb/LL5enLdVAzO4yb1CCIt","previousCounter":0,"rootKey":"+UPoeTIEt56Yab/XTg2wGxY042DTkRMi6dTiiSj1kRU="},"indexInfo":{"baseKey":"BcRJCdY4HnDP46w3FgoXZk2nh3BSyv4CXGddxClQ+2ok","baseKeyType":1,"closed":1686180714048,"used":1686180711362,"created":1686180711362,"remoteIdentityKey":"BWijq6jAkK0p4PpbWAe0BJNM7Zj9WC7Pw3lEAG6KPPVN"},"_chains":{"BbQcKzFcFMtAuxixh29l5NMi2FKiwZKbRMCqp+ClkgRo":{"chainKey":{"counter":0,"key":"bABJ0e9btM+1R+tqQJvWdKkeIw5F6J946cwJW0ck0yI="},"chainType":1,"messageKeys":{}}},"pendingPreKey":{"signedKeyId":1,"baseKey":"BcRJCdY4HnDP46w3FgoXZk2nh3BSyv4CXGddxClQ+2ok","preKeyId":7203577}},"BU/HUept226ejHXlYIiMchndlWZDQtkBoligeIu5s3se":{"registrationId":1157245210,"currentRatchet":{"ephemeralKeyPair":{"pubKey":"Bb3js3noAoD6PnRqQ9ER/rTiDEegt7V/r08YAhT9fLVe","privKey":"6MoNOIC2ogll4BaNNO0BsAKbY1w6bq5UV6B+M4S7kGs="},"lastRemoteEphemeralKey":"BVWQlRNtniebjPPVarMw6vXToph6Az6Hu/Rn8DA/TPMi","previousCounter":0,"rootKey":"zNzHHeWiy1y24qXloAbUjm1rGgUobn1NxVD4TCDFelA="},"indexInfo":{"baseKey":"BU/HUept226ejHXlYIiMchndlWZDQtkBoligeIu5s3se","baseKeyType":1,"closed":-1,"used":1686196886655,"created":1686180713317,"remoteIdentityKey":"BWijq6jAkK0p4PpbWAe0BJNM7Zj9WC7Pw3lEAG6KPPVN"},"_chains":{"BVWQlRNtniebjPPVarMw6vXToph6Az6Hu/Rn8DA/TPMi":{"chainKey":{"counter":0,"key":"XA++YU8ijmomHe7hH/lTFVfXe/aV8d4Vm0y7yT25Djs="},"chainType":2,"messageKeys":{}},"Bb3js3noAoD6PnRqQ9ER/rTiDEegt7V/r08YAhT9fLVe":{"chainKey":{"counter":-1,"key":"uC8eqiSSFRIXUJHa1b32xBbKClaVXfT4J+yOb9cTEa0="},"chainType":1,"messageKeys":{}}}}},"version":"v1"}