{"_sessions":{"BcKLbD9FTCoCv2XWPdpTosquln4qtGhPZko+twIOW7xL":{"registrationId":300421806,"currentRatchet":{"ephemeralKeyPair":{"pubKey":"BS3hXNvtPxNrQv2Y8IQb+GI9Mtp0S42IVhOKH0xqxOoP","privKey":"SPo8KQ5oS9HRQ5+mXxjxZ/5/NoPRo3yqBZrslyX9V38="},"lastRemoteEphemeralKey":"BWVY0gWNKe6QoMIK8Th11+mSHe+eoG5AjWpBPiiEX2o/","previousCounter":0,"rootKey":"60uchfrN87rOuKN2j8MxVR1OR3Q1a0nc1lgUuyTtUKA="},"indexInfo":{"baseKey":"BcKLbD9FTCoCv2XWPdpTosquln4qtGhPZko+twIOW7xL","baseKeyType":1,"closed":1686180714049,"used":1686180711427,"created":1686180711427,"remoteIdentityKey":"BbNdR2Gkm96BAY2Um6eIOfg4ZlV9stUt8c8mrbrGnI47"},"_chains":{"BS3hXNvtPxNrQv2Y8IQb+GI9Mtp0S42IVhOKH0xqxOoP":{"chainKey":{"counter":0,"key":"nkWTK/igS+JuEhGoGQyJEOdNilHcby8hdgf3SY9mi1s="},"chainType":1,"messageKeys":{}}},"pendingPreKey":{"signedKeyId":17,"baseKey":"BcKLbD9FTCoCv2XWPdpTosquln4qtGhPZko+twIOW7xL"}},"BQt9QVjF/vTH1IOKfur0uXtUN7qVEKO1+4dtPr3FVolY":{"registrationId":300421806,"currentRatchet":{"ephemeralKeyPair":{"pubKey":"BQ7wke2KHDWCR6DXr4SfCCHpzCwad8l835ikYgluCb0Y","privKey":"aDm7fqQoHxxXk7sytk0wSWDIgQ6P5LyC8q1epzQBGGs="},"lastRemoteEphemeralKey":"BWVY0gWNKe6QoMIK8Th11+mSHe+eoG5AjWpBPiiEX2o/","previousCounter":0,"rootKey":"uqJHp6Hcfd4xhfmhemK5yjBU9SCiFTRlPMOP0hXLYdc="},"indexInfo":{"baseKey":"BQt9QVjF/vTH1IOKfur0uXtUN7qVEKO1+4dtPr3FVolY","baseKeyType":1,"closed":-1,"used":1686180713380,"created":1686180713380,"remoteIdentityKey":"BbNdR2Gkm96BAY2Um6eIOfg4ZlV9stUt8c8mrbrGnI47"},"_chains":{"BQ7wke2KHDWCR6DXr4SfCCHpzCwad8l835ikYgluCb0Y":{"chainKey":{"counter":0,"key":"B7sCHDG41Jx1gmYKtyMQ5v1jSceS9pskNU3fxn/jnGU="},"chainType":1,"messageKeys":{}}},"pendingPreKey":{"signedKeyId":17,"baseKey":"BQt9QVjF/vTH1IOKfur0uXtUN7qVEKO1+4dtPr3FVolY"}}},"version":"v1"}