{"_sessions":{"BVZ0XBRo/AjwtkYQ9DFj9YQ2GknqhHKhCRIsp6s29ZFz":{"registrationId":1178193684,"currentRatchet":{"ephemeralKeyPair":{"pubKey":"BYl6ApYP7RCzZ1I9jfDwS6jvn733xWki0UrEwyf0UkIZ","privKey":"GADf1WKb/CZ1mBCDv8PTQHtQtDxzPsdhTA3fOqtj8Gc="},"lastRemoteEphemeralKey":"BZvBylm2YsbCF1W7r8IAM3htqNKB+zUB35rzbaULi05p","previousCounter":0,"rootKey":"eN8IrINV2RF9LRtq5I3XzTFuWE1C8uQ4Nf3iFOwiOx4="},"indexInfo":{"baseKey":"BVZ0XBRo/AjwtkYQ9DFj9YQ2GknqhHKhCRIsp6s29ZFz","baseKeyType":1,"closed":1686180714050,"used":1686180711687,"created":1686180711687,"remoteIdentityKey":"BWficzNhf6Wg0DxkHZNwAE/ActNwRbESG8OnmfBUX0Fs"},"_chains":{"BYl6ApYP7RCzZ1I9jfDwS6jvn733xWki0UrEwyf0UkIZ":{"chainKey":{"counter":0,"key":"PzLTOYBFg6UqAKWuQKjxnBw7GW9hixgMmOjHZqwsFLw="},"chainType":1,"messageKeys":{}}},"pendingPreKey":{"signedKeyId":3,"baseKey":"BVZ0XBRo/AjwtkYQ9DFj9YQ2GknqhHKhCRIsp6s29ZFz","preKeyId":12814368}},"Bavn7wmq9Tk8HbqIVgVieMdCDWygeWByRPfJNdG4ixoT":{"registrationId":1178193684,"currentRatchet":{"ephemeralKeyPair":{"pubKey":"BbcymkyySkVsB26QnowQlu3D7HZwryMS5PkxxkUAGs4O","privKey":"sG7wX2IjsOFzX4dt7pYi1b3XleDqavb01fUA5q47YHM="},"lastRemoteEphemeralKey":"Bb7bsLiGyOPWN4pLXebCg7FJ6lZoWUA7md8UNC3tEDUr","previousCounter":0,"rootKey":"pvE81yvyGmqRlcohViZtYmFbxyg0grEO2N3w3dLLs0E="},"indexInfo":{"baseKey":"Bavn7wmq9Tk8HbqIVgVieMdCDWygeWByRPfJNdG4ixoT","baseKeyType":1,"closed":-1,"used":1686182530554,"created":1686180713674,"remoteIdentityKey":"BWficzNhf6Wg0DxkHZNwAE/ActNwRbESG8OnmfBUX0Fs"},"_chains":{"Bb7bsLiGyOPWN4pLXebCg7FJ6lZoWUA7md8UNC3tEDUr":{"chainKey":{"counter":0,"key":"7JcziBVnUwBjBX12JuGvUfbRjIabB9va4rNpEHMiYH4="},"chainType":2,"messageKeys":{}},"BbcymkyySkVsB26QnowQlu3D7HZwryMS5PkxxkUAGs4O":{"chainKey":{"counter":-1,"key":"OSbKwTs3aHZzn1qvJdEdjvBpijfN7+DXFnAQKdydNSc="},"chainType":1,"messageKeys":{}}}}},"version":"v1"}