{"_sessions":{"BSfFzJjmk+Ue52F9x4JjCU4nHd3PQ3gudhsvCYVuyTc2":{"registrationId":1028332056,"currentRatchet":{"ephemeralKeyPair":{"pubKey":"BVrdvf8AdlQBwhEqo4ZuRzG+UHkPVDoxwON9QnzBkURj","privKey":"YLgkJ2w95oPNnqdn41jpCftg7cxDXgNpk1J3qbaGyHw="},"lastRemoteEphemeralKey":"BedgGLgw+BxPkItIRvYhLBA0/9LWTDk31zWXee0xOUoZ","previousCounter":0,"rootKey":"HV0ruAkyn8Ivtg4iWFFeQzAT1Rk93k7FSHYFayPWqNs="},"indexInfo":{"baseKey":"BSfFzJjmk+Ue52F9x4JjCU4nHd3PQ3gudhsvCYVuyTc2","baseKeyType":1,"closed":1686180714049,"used":1686180711585,"created":1686180711585,"remoteIdentityKey":"BQ1XdON4Tf2qQZLmn0S+YL8O26Uf4f/NrJhtUQTPcOUI"},"_chains":{"BVrdvf8AdlQBwhEqo4ZuRzG+UHkPVDoxwON9QnzBkURj":{"chainKey":{"counter":0,"key":"SEI1LLlYUlSvAhRShjBTDPQP4ejReTi2VEHechnq5lM="},"chainType":1,"messageKeys":{}}},"pendingPreKey":{"signedKeyId":7,"baseKey":"BSfFzJjmk+Ue52F9x4JjCU4nHd3PQ3gudhsvCYVuyTc2","preKeyId":6585034}},"BRETvFJ7Ng/mxBoN1WsW3Wz90kSoOUDyQtncMOaG2Ywt":{"registrationId":1028332056,"currentRatchet":{"ephemeralKeyPair":{"pubKey":"BXtWwtDCCjDK1P69cUf2EDn3Fv46ExlZEHcRGGf+45Il","privKey":"QJfcwcpv9WHSd3Pn7cDZSRer8sxT6IkaxES3reYv4nU="},"lastRemoteEphemeralKey":"BedgGLgw+BxPkItIRvYhLBA0/9LWTDk31zWXee0xOUoZ","previousCounter":0,"rootKey":"vCwQi9Rd+cQ9ZnL/OpbeQP5D+ow7Y7++xsDuwYfTsbA="},"indexInfo":{"baseKey":"BRETvFJ7Ng/mxBoN1WsW3Wz90kSoOUDyQtncMOaG2Ywt","baseKeyType":1,"closed":-1,"used":1686180713511,"created":1686180713511,"remoteIdentityKey":"BQ1XdON4Tf2qQZLmn0S+YL8O26Uf4f/NrJhtUQTPcOUI"},"_chains":{"BXtWwtDCCjDK1P69cUf2EDn3Fv46ExlZEHcRGGf+45Il":{"chainKey":{"counter":0,"key":"Lcsp7OQTMjVMtZ3EjNUu9Y7mcWilb7SwQr7D//EGAbY="},"chainType":1,"messageKeys":{}}},"pendingPreKey":{"signedKeyId":7,"baseKey":"BRETvFJ7Ng/mxBoN1WsW3Wz90kSoOUDyQtncMOaG2Ywt","preKeyId":6585060}}},"version":"v1"}