{"_sessions":{"Bei+35PbUk4kAOGMMaCqZpuHiRg84+v7UVwEVLKgpes5":{"registrationId":305147970,"currentRatchet":{"ephemeralKeyPair":{"pubKey":"BUt0ur7M56Ia41DApzyRHZE0nbb3noRhUIgaEwl3cYgl","privKey":"WPE2xjc0AHZr1lo4Kc1ZwQsbeumvX5VJ4QVm2AiB0nY="},"lastRemoteEphemeralKey":"BZPlekbJj8NF3bE0QTPLsAqjuEwm35huLLnTFW/nwWo3","previousCounter":0,"rootKey":"Tq511ol7vOSKRQX2tQkMZXBLECRgGd+hNMqE46hqp/o="},"indexInfo":{"baseKey":"Bei+35PbUk4kAOGMMaCqZpuHiRg84+v7UVwEVLKgpes5","baseKeyType":1,"closed":1686180714050,"used":1686180711755,"created":1686180711755,"remoteIdentityKey":"BUklkVg9dHZ5BHJiqcNYm3WvJGduxvltTt6qKxf5m9xh"},"_chains":{"BUt0ur7M56Ia41DApzyRHZE0nbb3noRhUIgaEwl3cYgl":{"chainKey":{"counter":0,"key":"EJWsf3stlXzyGeMk9sVsD+kaatugfbjSstX8/njheGY="},"chainType":1,"messageKeys":{}}},"pendingPreKey":{"signedKeyId":25,"baseKey":"Bei+35PbUk4kAOGMMaCqZpuHiRg84+v7UVwEVLKgpes5","preKeyId":860040}},"Bb2scsUDcAu7rZCLyKZkyELEw4qDlmk4QdOAqI/ECywg":{"registrationId":305147970,"currentRatchet":{"ephemeralKeyPair":{"pubKey":"BUW61g/0Yqq3UJtSJuYkhaEKVVa2Qw17/xJ6BS4xGpB/","privKey":"KDCJ+t0mVC1xmfWvq7qEUSOmiZCEWTOLvtdcfpe6cGM="},"lastRemoteEphemeralKey":"BZPlekbJj8NF3bE0QTPLsAqjuEwm35huLLnTFW/nwWo3","previousCounter":0,"rootKey":"QKcGXoQ4AGfd0UFUBHI7dvv54PJ6sUVFo51h8zMFoEw="},"indexInfo":{"baseKey":"Bb2scsUDcAu7rZCLyKZkyELEw4qDlmk4QdOAqI/ECywg","baseKeyType":1,"closed":-1,"used":1686180713827,"created":1686180713827,"remoteIdentityKey":"BUklkVg9dHZ5BHJiqcNYm3WvJGduxvltTt6qKxf5m9xh"},"_chains":{"BUW61g/0Yqq3UJtSJuYkhaEKVVa2Qw17/xJ6BS4xGpB/":{"chainKey":{"counter":0,"key":"0EOiPVg3zDxTsxYXIxUWxLvCngXhyaMc4oqHDPFXbWM="},"chainType":1,"messageKeys":{}}},"pendingPreKey":{"signedKeyId":25,"baseKey":"Bb2scsUDcAu7rZCLyKZkyELEw4qDlmk4QdOAqI/ECywg","preKeyId":859988}}},"version":"v1"}