{"_sessions":{"Be5FXg3QGF9k5Bk6rSEzx8Ai5ZNtAqFUoBPiJxLZF3RN":{"registrationId":1568236187,"currentRatchet":{"ephemeralKeyPair":{"pubKey":"BUbGo9+gSDUFCAmTnpDFVC+KNEKqVl4GJmmzzZWUDmNf","privKey":"sIZwHBJz25zYNz32fFxU0+Yi0sIpBy1imCSs8cu9CWA="},"lastRemoteEphemeralKey":"BaiE9dF7lSuofv+TlD36DI/tobM9MHOr7uKPQMa+7QRn","previousCounter":0,"rootKey":"hboQ97Xy5HMpfBHfdUrzxUualIWPHCvcGUWLjdunrGk="},"indexInfo":{"baseKey":"Be5FXg3QGF9k5Bk6rSEzx8Ai5ZNtAqFUoBPiJxLZF3RN","baseKeyType":1,"closed":1686180714049,"used":1686180711478,"created":1686180711478,"remoteIdentityKey":"BcAR/B6nWMck/2XOWnln73uMNon+N09F+JxBNFx4SQc0"},"_chains":{"BUbGo9+gSDUFCAmTnpDFVC+KNEKqVl4GJmmzzZWUDmNf":{"chainKey":{"counter":0,"key":"flrpwreGZUuDGCqWX5x7+M78vhHXeAGQ3w3IVIX/A+E="},"chainType":1,"messageKeys":{}}},"pendingPreKey":{"signedKeyId":3,"baseKey":"Be5FXg3QGF9k5Bk6rSEzx8Ai5ZNtAqFUoBPiJxLZF3RN","preKeyId":9143142}},"BZiuKhbSVN2BMstWTOO0u87sLVxBO7tzzLPOz5/EzJI0":{"registrationId":1568236187,"currentRatchet":{"ephemeralKeyPair":{"pubKey":"BYiOOPSioe+E4fARjyHCFuX9VFXY73K0FY6v65a4kWkV","privKey":"GIfFdK5pZF1p7LDGpf835p9MLzznpDPeRqUuBXppano="},"lastRemoteEphemeralKey":"BaiE9dF7lSuofv+TlD36DI/tobM9MHOr7uKPQMa+7QRn","previousCounter":0,"rootKey":"T0EsXZ/aFZypN7i+3QkHbMPrias4yg7gSI1MsQ5dBXk="},"indexInfo":{"baseKey":"BZiuKhbSVN2BMstWTOO0u87sLVxBO7tzzLPOz5/EzJI0","baseKeyType":1,"closed":-1,"used":1686180713421,"created":1686180713421,"remoteIdentityKey":"BcAR/B6nWMck/2XOWnln73uMNon+N09F+JxBNFx4SQc0"},"_chains":{"BYiOOPSioe+E4fARjyHCFuX9VFXY73K0FY6v65a4kWkV":{"chainKey":{"counter":0,"key":"ZpCXfp95hDhsoZxbfbindSgsRuqyxsSUUd8V915PYwQ="},"chainType":1,"messageKeys":{}}},"pendingPreKey":{"signedKeyId":3,"baseKey":"BZiuKhbSVN2BMstWTOO0u87sLVxBO7tzzLPOz5/EzJI0","preKeyId":9142449}}},"version":"v1"}