{"_sessions":{"BQC4Z0po23pM4XISWip+WxoJIn/wq0rurZoQk4wBbK0S":{"registrationId":1900234746,"currentRatchet":{"ephemeralKeyPair":{"pubKey":"BRz+ygebRstmag7HF1wS+AFN40Jo9hK/xhS6+lGAXuwW","privKey":"0K7vWZg2ijbvnUallUf9oXQ6bCzF38CJcWUh03n+Oks="},"lastRemoteEphemeralKey":"BRuF8hL3Fu1+U1HYPAW7Y1KEtFOFsV1ETOCB6rRk3gUp","previousCounter":0,"rootKey":"IZi+32RdQWpE+WK6YTIE9xX6j755UUvHWt1ldB3Q66s="},"indexInfo":{"baseKey":"BQC4Z0po23pM4XISWip+WxoJIn/wq0rurZoQk4wBbK0S","baseKeyType":2,"closed":-1,"used":1686202133818,"created":1686202133818,"remoteIdentityKey":"BdnbNE9in1RDjNgAHyqf0W45IqcV7pIzw6C8WohSUjUf"},"_chains":{"BRuF8hL3Fu1+U1HYPAW7Y1KEtFOFsV1ETOCB6rRk3gUp":{"chainKey":{"counter":1,"key":"hLMvLESwAJmDBbH54/P5EsmbD/tDkMwm8980BnVV2CQ="},"chainType":2,"messageKeys":{}},"BRz+ygebRstmag7HF1wS+AFN40Jo9hK/xhS6+lGAXuwW":{"chainKey":{"counter":-1,"key":"dNYUng5ai5G2Bg0b1OpwwCQkb+cTX42CmexcSKTXzuA="},"chainType":1,"messageKeys":{}}}}},"version":"v1"}