{"_sessions":{"BX8ABUk3LlCuk9gpSwlpAI8GJxsiUvkvDbF4if2cfrxj":{"registrationId":575101935,"currentRatchet":{"ephemeralKeyPair":{"pubKey":"BckmT8nYY1HXkV4dGVRZ1WL1zSr/IoMsAAqe1GJIDCpP","privKey":"gNWyEuZwaV4AbHKHBoAVMCl7c06AqrV1H0Q0Hrws/VQ="},"lastRemoteEphemeralKey":"BfClT9+UyBS54IwXPWImXa5wkoBC16g3sh1/YpgR5ZJd","previousCounter":0,"rootKey":"AYhjVVNB/vGurp/y/OAfwI2b1mbbPqCTlhGLwImoRK8="},"indexInfo":{"baseKey":"BX8ABUk3LlCuk9gpSwlpAI8GJxsiUvkvDbF4if2cfrxj","baseKeyType":1,"closed":1686180714049,"used":1686180711456,"created":1686180711456,"remoteIdentityKey":"BROLb0wsspLA1wArZVFMc5bwzrABc3TIfAFZ9h6Su6Y3"},"_chains":{"BckmT8nYY1HXkV4dGVRZ1WL1zSr/IoMsAAqe1GJIDCpP":{"chainKey":{"counter":0,"key":"y5+N1wWHVV8pSqrVPNhw/2SGkDXT0Gp3O5bpGlRutCE="},"chainType":1,"messageKeys":{}}},"pendingPreKey":{"signedKeyId":595,"baseKey":"BX8ABUk3LlCuk9gpSwlpAI8GJxsiUvkvDbF4if2cfrxj"}},"BeMzWYMox3JbpOZ5vMTqZNUXtZ+q43KDUVOplWbov9Vn":{"registrationId":575101935,"currentRatchet":{"ephemeralKeyPair":{"pubKey":"BXg3DaHdPxgd86FeTXhNva+reK5NXoi8HfOOBr31z80P","privKey":"2JYSVdgxfOsTmuDwOrA8lrY1+iRF+y3UZkF4QLUvCVo="},"lastRemoteEphemeralKey":"BfClT9+UyBS54IwXPWImXa5wkoBC16g3sh1/YpgR5ZJd","previousCounter":0,"rootKey":"KfHMWSYEwdzxFGP8YZFRG3gGYBXaEnQ/hjVjmnskFnc="},"indexInfo":{"baseKey":"BeMzWYMox3JbpOZ5vMTqZNUXtZ+q43KDUVOplWbov9Vn","baseKeyType":1,"closed":-1,"used":1686180713402,"created":1686180713402,"remoteIdentityKey":"BROLb0wsspLA1wArZVFMc5bwzrABc3TIfAFZ9h6Su6Y3"},"_chains":{"BXg3DaHdPxgd86FeTXhNva+reK5NXoi8HfOOBr31z80P":{"chainKey":{"counter":0,"key":"kAX6R6G/mXBtHEUonSa6YhES9cRLsPtoBQg+ou0F9bQ="},"chainType":1,"messageKeys":{}}},"pendingPreKey":{"signedKeyId":595,"baseKey":"BeMzWYMox3JbpOZ5vMTqZNUXtZ+q43KDUVOplWbov9Vn"}}},"version":"v1"}