{"_sessions":{"BTRDfl/SS9k7EcVOpnkhK9OeDxCaYsAftbT2WSfhP3xt":{"registrationId":552,"currentRatchet":{"ephemeralKeyPair":{"pubKey":"BUaSjeDGD9l3XSskZckUXg0lTzaoR5vR23n8kBmVOZF3","privKey":"kJrS6RKG+8NbBZOXCGDEswIQitFSQmuWvLLaAFfvOE8="},"lastRemoteEphemeralKey":"BfS6keLAdOWxHZ42J1F9G5hRCERJScLY1uu5CC83pE0S","previousCounter":0,"rootKey":"p+SbfE9oF7pD8YhJBS+KqUxczHnaZm8zDRDg/I/aBfc="},"indexInfo":{"baseKey":"BTRDfl/SS9k7EcVOpnkhK9OeDxCaYsAftbT2WSfhP3xt","baseKeyType":1,"closed":1686180714048,"used":1686180711331,"created":1686180711331,"remoteIdentityKey":"Beq38CfPPKp3nXZROF8SpR/uGaLoPK2gwi0x+ulfmMk9"},"_chains":{"BUaSjeDGD9l3XSskZckUXg0lTzaoR5vR23n8kBmVOZF3":{"chainKey":{"counter":0,"key":"fhhginKJdeGa3Ae7eSgtSE8/gAfOl3daZXi/G7XDEeI="},"chainType":1,"messageKeys":{}}},"pendingPreKey":{"signedKeyId":1,"baseKey":"BTRDfl/SS9k7EcVOpnkhK9OeDxCaYsAftbT2WSfhP3xt","preKeyId":1325}},"BaVpJA5jNfJu+IkR3MK8mSV37xnbdr4yvcJwPkP6slp+":{"registrationId":552,"currentRatchet":{"ephemeralKeyPair":{"pubKey":"Bb9DG+r8DZChvQWEqvcS/2H+MP+f2jAdke4CMlNp6Rlf","privKey":"iKa4XlJXpSmaop1KIgXnU0bxR7qjFqTEp1hfOE/wRVw="},"lastRemoteEphemeralKey":"BfS6keLAdOWxHZ42J1F9G5hRCERJScLY1uu5CC83pE0S","previousCounter":0,"rootKey":"EAQ1duLXjwzoXDjKPkkBC+m/0lFAY1EYjKFNh33Q2m0="},"indexInfo":{"baseKey":"BaVpJA5jNfJu+IkR3MK8mSV37xnbdr4yvcJwPkP6slp+","baseKeyType":1,"closed":-1,"used":1686180713286,"created":1686180713286,"remoteIdentityKey":"Beq38CfPPKp3nXZROF8SpR/uGaLoPK2gwi0x+ulfmMk9"},"_chains":{"Bb9DG+r8DZChvQWEqvcS/2H+MP+f2jAdke4CMlNp6Rlf":{"chainKey":{"counter":0,"key":"DJHE9xG+33IOLNoQSCKGJwKloQNXmcA5m3mjZdUBPtU="},"chainType":1,"messageKeys":{}}},"pendingPreKey":{"signedKeyId":1,"baseKey":"BaVpJA5jNfJu+IkR3MK8mSV37xnbdr4yvcJwPkP6slp+","preKeyId":1533}}},"version":"v1"}