{"_sessions":{"BaIp3EZlPtyfjJqaC+Pc5IveppA9LsuTcpjkt9rND+dx":{"registrationId":2137968991,"currentRatchet":{"ephemeralKeyPair":{"pubKey":"BZKODoUpBUw+NjgTtEQ4H1vkKZXi31BGRmA8HbGt5r4X","privKey":"SLnakkbT71AiIJ1GVK73OVAwYQRxT7OVbNvsvuBgyEE="},"lastRemoteEphemeralKey":"BYg4Q95U8WJ/fChTOfHQxY0bI0c6fgO8URMf7RjMdsMh","previousCounter":0,"rootKey":"QvJMs6hCJlmdfDhoWsKW3zgGJYg1lrOpT/ibsZkmJfs="},"indexInfo":{"baseKey":"BaIp3EZlPtyfjJqaC+Pc5IveppA9LsuTcpjkt9rND+dx","baseKeyType":2,"closed":-1,"used":1686198863697,"created":1686198863697,"remoteIdentityKey":"BarFD0Mgiy8eGwOtM0fnA/3jIKWJ3rsalWvxF72BDw8F"},"_chains":{"BYg4Q95U8WJ/fChTOfHQxY0bI0c6fgO8URMf7RjMdsMh":{"chainKey":{"counter":2,"key":"nd6RsVfhhbdd2oYJkcd1Dq9k2yIlKviGYVOh315ciWU="},"chainType":2,"messageKeys":{}},"BZKODoUpBUw+NjgTtEQ4H1vkKZXi31BGRmA8HbGt5r4X":{"chainKey":{"counter":-1,"key":"QCSwO4+jmQ0kIyKL4Wr1cf0ejlOcP7PzLL1Jn//u2Qg="},"chainType":1,"messageKeys":{}}}}},"version":"v1"}