{"_sessions":{"BZbdsCYT+KnV4aROcl8+fbvdDFcm2knYh5QKBDj9byJs":{"registrationId":66712217,"currentRatchet":{"ephemeralKeyPair":{"pubKey":"BWyttak6zOmYy2o/8ZVOOpGi+Mf8s3SXgg2StM/iPfZW","privKey":"EJI3ohtJDN8mP27UJ3zwhsPX/Q2zYWwN5V9GhJkHR1c="},"lastRemoteEphemeralKey":"BVurndCQvBpDuN5sKM5AMb+z8xZoxJVVNlri69duDwo2","previousCounter":0,"rootKey":"YpBagfIR6JjJZdElTo5IIP/JrnKmVrzI9qEyeTwfS1s="},"indexInfo":{"baseKey":"BZbdsCYT+KnV4aROcl8+fbvdDFcm2knYh5QKBDj9byJs","baseKeyType":1,"closed":1686180714049,"used":1686180711544,"created":1686180711544,"remoteIdentityKey":"BcUvWmVGWqUl2iEx8f2T2Ff76M7K3tfpWDWEqF1k3T9D"},"_chains":{"BWyttak6zOmYy2o/8ZVOOpGi+Mf8s3SXgg2StM/iPfZW":{"chainKey":{"counter":0,"key":"6gau8PcVGjNScecyY5fKA8zWaq4dYKUJnDJ5d/rZrGw="},"chainType":1,"messageKeys":{}}},"pendingPreKey":{"signedKeyId":9,"baseKey":"BZbdsCYT+KnV4aROcl8+fbvdDFcm2knYh5QKBDj9byJs","preKeyId":12625044}},"BfMYwPLwSRaF4ETNORm+/iXZsPVkGBGKVWI1J2fqdZAM":{"registrationId":66712217,"currentRatchet":{"ephemeralKeyPair":{"pubKey":"BfJ6P+vyJSheR1XFohHgIjvKxGHq0h0xZsXZ98yj2UMA","privKey":"WFCirwplj/VFzLYukDzBXGWjaT1cOu14T/GM5xHHu3c="},"lastRemoteEphemeralKey":"BVurndCQvBpDuN5sKM5AMb+z8xZoxJVVNlri69duDwo2","previousCounter":0,"rootKey":"uMgelFNajZDKfrdYiU9Jglfbf1xyF9k4tCFis8ybGas="},"indexInfo":{"baseKey":"BfMYwPLwSRaF4ETNORm+/iXZsPVkGBGKVWI1J2fqdZAM","baseKeyType":1,"closed":-1,"used":1686180713478,"created":1686180713478,"remoteIdentityKey":"BcUvWmVGWqUl2iEx8f2T2Ff76M7K3tfpWDWEqF1k3T9D"},"_chains":{"BfJ6P+vyJSheR1XFohHgIjvKxGHq0h0xZsXZ98yj2UMA":{"chainKey":{"counter":0,"key":"Y4dEtX6tpMAYe+tJv157hyJUefiwZ0exvpKfeQV19ws="},"chainType":1,"messageKeys":{}}},"pendingPreKey":{"signedKeyId":9,"baseKey":"BfMYwPLwSRaF4ETNORm+/iXZsPVkGBGKVWI1J2fqdZAM","preKeyId":12624461}}},"version":"v1"}