{"_sessions":{"BZfSyJWFMRdcaF+XPVruuN6wpsjvT8jhjN544+xkeSdR":{"registrationId":1733665603,"currentRatchet":{"ephemeralKeyPair":{"pubKey":"BU6LMm4NGOPWSrm3+E8o2ktrYGs24GkALcsYHVjvKwJk","privKey":"UHI8XYNnfN1SzlaJ+vSuhMBTzGKnRCZvih9HcQQtJXs="},"lastRemoteEphemeralKey":"Be42Zu39MFQAEChY+i/GX00cb6JjKdIKUzhJF7AML8Mb","previousCounter":0,"rootKey":"LqSWtQ36A7UO9QnBpORl9eu0bwm6OE2M8imtYN+h7XY="},"indexInfo":{"baseKey":"BZfSyJWFMRdcaF+XPVruuN6wpsjvT8jhjN544+xkeSdR","baseKeyType":1,"closed":1686180714050,"used":1686180711734,"created":1686180711734,"remoteIdentityKey":"BZUaktKCBiAb3H35aYhH2K1bz/74NWdlad1HY2to9FRk"},"_chains":{"BU6LMm4NGOPWSrm3+E8o2ktrYGs24GkALcsYHVjvKwJk":{"chainKey":{"counter":0,"key":"yMSxnxK3dmmHhw8uFjccDNx2wsGll36hQktcFDuhpPI="},"chainType":1,"messageKeys":{}}},"pendingPreKey":{"signedKeyId":8,"baseKey":"BZfSyJWFMRdcaF+XPVruuN6wpsjvT8jhjN544+xkeSdR","preKeyId":15687749}},"BbxAjQ3On8n4n9aTBRwNMguLUK7JZilUzVWTQiGsHOtq":{"registrationId":1733665603,"currentRatchet":{"ephemeralKeyPair":{"pubKey":"BU96d9mhqAmePmbePvUevAjoCjY9vVZraZBsehUIrM1G","privKey":"mB3j+vBbw8CiAwjutxrvz6Tp+PktTcc/557WZobXZko="},"lastRemoteEphemeralKey":"BX/JI7eqYXMkppiPMfI8QbC3VxIkUt2O3umIdTs5fMhg","previousCounter":0,"rootKey":"SunyWckdbFA7SM9+q/DxU503GRi7sb0fIQR+TYK5s4s="},"indexInfo":{"baseKey":"BbxAjQ3On8n4n9aTBRwNMguLUK7JZilUzVWTQiGsHOtq","baseKeyType":1,"closed":-1,"used":1686219760800,"created":1686180713782,"remoteIdentityKey":"BZUaktKCBiAb3H35aYhH2K1bz/74NWdlad1HY2to9FRk"},"_chains":{"BX/JI7eqYXMkppiPMfI8QbC3VxIkUt2O3umIdTs5fMhg":{"chainKey":{"counter":0,"key":"8QdQJ3dWVXur1Yf+F1aBAxKz5VwH+ZTe9HGchB4/7dA="},"chainType":2,"messageKeys":{}},"BU96d9mhqAmePmbePvUevAjoCjY9vVZraZBsehUIrM1G":{"chainKey":{"counter":-1,"key":"DXFZRIOoTnBGLrwCSR4L8L6fzZrR5zRCcUnxrFeLVc8="},"chainType":1,"messageKeys":{}}}}},"version":"v1"}