{"_sessions":{"BTzk367IQxJeK30EVfrDkaGkodmqdRGzMZiPZfPS/wEf":{"registrationId":206363611,"currentRatchet":{"ephemeralKeyPair":{"pubKey":"BZS4i5C9o9EU0mq4W4Ssubg0FAJPW+Ap+//LQ5nmBIVn","privKey":"WN0wSTFnnePjBaxpA3wTeKklRse2RYG63zt8WkhzEWs="},"lastRemoteEphemeralKey":"Be7kvYmBKs8BTGL5CQ7NrUapSobUHbEdkZkUQ8OIeEYb","previousCounter":0,"rootKey":"qg2yZ+wCHVIMI5v/ygLXDuHVKP5mNHDwRgBodpX5WiI="},"indexInfo":{"baseKey":"BTzk367IQxJeK30EVfrDkaGkodmqdRGzMZiPZfPS/wEf","baseKeyType":2,"closed":-1,"used":1686192032040,"created":1686192032040,"remoteIdentityKey":"BfvlObLFA3xtujBNGo/qx+QWx5wIyqnK3S7FFDrzcFBC"},"_chains":{"Be7kvYmBKs8BTGL5CQ7NrUapSobUHbEdkZkUQ8OIeEYb":{"chainKey":{"counter":2,"key":"UxXf6nEYsMLX4PQxQFo4DmlmyrhSqc+DU0JKgT6sf1Q="},"chainType":2,"messageKeys":{}},"BZS4i5C9o9EU0mq4W4Ssubg0FAJPW+Ap+//LQ5nmBIVn":{"chainKey":{"counter":-1,"key":"6RmsOiwj+r6C3xp0Olv8C6M6Uhk3NhM9pbkVLKExxyc="},"chainType":1,"messageKeys":{}}}}},"version":"v1"}