{"_sessions":{"BUU5Is1Bh22N+ppmIIzN6FKdkPcYZl8VJY5p0PITLQhk":{"registrationId":797745050,"currentRatchet":{"ephemeralKeyPair":{"pubKey":"BWXz+zqYkY5lQrnSguh1asXRCQf3zxujjS336xBAFPok","privKey":"6B/5dyiFusFPzCH0OGPKA8tH72Jt2j+a7Pn1g/lCxVw="},"lastRemoteEphemeralKey":"BUKRY0kNu+KYL5T6N9qI4UfohE99s+s+AhtHMcG1Rh9H","previousCounter":1,"rootKey":"HPmbLH+5cFGtsMJoK8xPI9rFHi94mWwYGcYmlA3GWs0="},"indexInfo":{"baseKey":"BUU5Is1Bh22N+ppmIIzN6FKdkPcYZl8VJY5p0PITLQhk","baseKeyType":2,"closed":-1,"used":1686184274014,"created":1686180669155,"remoteIdentityKey":"BaFVnpax0eNxKukPKw4myq415gBRpn7CTtmOOa5ypAY+"},"_chains":{"BYACvHipRLdLqYq6XIWffgGfSLwS4lz/F1SD6RThzZYs":{"chainKey":{"counter":9},"chainType":2,"messageKeys":{}},"BUKRY0kNu+KYL5T6N9qI4UfohE99s+s+AhtHMcG1Rh9H":{"chainKey":{"counter":0,"key":"Otg3KLM3Q74m1dIi6tzr3mprCsVYJGdvm4Me9qzaUlE="},"chainType":2,"messageKeys":{}},"BWXz+zqYkY5lQrnSguh1asXRCQf3zxujjS336xBAFPok":{"chainKey":{"counter":25,"key":"i5ClS5heFWYG/Sp7LPdlh5Kfasc6a5TkiE87tBd3+G0="},"chainType":1,"messageKeys":{}}}}},"version":"v1"}