{"_sessions":{"BVvFrLHzyBRLVZnh+OslaTk8LllKcThlw3yJxzHdjT85":{"registrationId":1429304629,"currentRatchet":{"ephemeralKeyPair":{"pubKey":"BcWz7nwbQB7SU19oDg58OlPWy5qpJoCb8Yj4HSoLfcUx","privKey":"mEdTZW0rdgER0SIhW34lOyh4BWpxUcaHhjlnDMztaXk="},"lastRemoteEphemeralKey":"BYky/d4dojf461fkvob1MtKk51DUOGxWPrVGM3ngxiAs","previousCounter":0,"rootKey":"AwPJyFaf+a9x+uAWH9mZBV98kuiuSJvnOe1J8L09lz8="},"indexInfo":{"baseKey":"BVvFrLHzyBRLVZnh+OslaTk8LllKcThlw3yJxzHdjT85","baseKeyType":1,"closed":1686180714049,"used":1686180711405,"created":1686180711405,"remoteIdentityKey":"BYM1eOYCfXvs5MTzd2r5zxLBAKZgyXj4tarGNaDUxEpB"},"_chains":{"BcWz7nwbQB7SU19oDg58OlPWy5qpJoCb8Yj4HSoLfcUx":{"chainKey":{"counter":0,"key":"QVK8NvK4SxXWEgS0Oz38h//Vt37oSxukA8JB8jcimoI="},"chainType":1,"messageKeys":{}}},"pendingPreKey":{"signedKeyId":11,"baseKey":"BVvFrLHzyBRLVZnh+OslaTk8LllKcThlw3yJxzHdjT85","preKeyId":14868828}},"BTOYco7CIheAvxVFELAHbDvjz90FhNMCk04vzybgKxIv":{"registrationId":1429304629,"currentRatchet":{"ephemeralKeyPair":{"pubKey":"BcN76ai+6RUXRGZ7s+hVenXCVvbqI2jYWTQJKE2J45hg","privKey":"yAkZgZWi54wsfR5lv2gJnwVZ92BacZBhr56jrTIzg2Y="},"lastRemoteEphemeralKey":"BYky/d4dojf461fkvob1MtKk51DUOGxWPrVGM3ngxiAs","previousCounter":0,"rootKey":"/Gpp8BmlXL+xgJhRHo8iQy126JWgP1mtZ5LorZMpkvE="},"indexInfo":{"baseKey":"BTOYco7CIheAvxVFELAHbDvjz90FhNMCk04vzybgKxIv","baseKeyType":1,"closed":-1,"used":1686180713362,"created":1686180713362,"remoteIdentityKey":"BYM1eOYCfXvs5MTzd2r5zxLBAKZgyXj4tarGNaDUxEpB"},"_chains":{"BcN76ai+6RUXRGZ7s+hVenXCVvbqI2jYWTQJKE2J45hg":{"chainKey":{"counter":0,"key":"if3In08e339391E14tN5qutmHgT2/G6ri/ACXnEepjA="},"chainType":1,"messageKeys":{}}},"pendingPreKey":{"signedKeyId":11,"baseKey":"BTOYco7CIheAvxVFELAHbDvjz90FhNMCk04vzybgKxIv","preKeyId":14869166}}},"version":"v1"}