{"_sessions":{"BVmPQt6DpIgjkXvG+qJCVHWH+SzSzlP8bV3ycyurNKMq":{"registrationId":796819161,"currentRatchet":{"ephemeralKeyPair":{"pubKey":"BWAJcgcRFnwkv7Jxymw3P5tnsa2HEZacIzaTN9E538YN","privKey":"MK4eSqLlbgklXUgCB1Km1bwPdSKjy7K7YevJRcfM9FQ="},"lastRemoteEphemeralKey":"BVaVzF9mQ5vM7jLzyhJbhX5zOSrZOm15jxUGZPZuRRxP","previousCounter":0,"rootKey":"WBBx5B5PFcgFHUWL7nCjd5obFctaNDoenskhP4OMO60="},"indexInfo":{"baseKey":"BVmPQt6DpIgjkXvG+qJCVHWH+SzSzlP8bV3ycyurNKMq","baseKeyType":1,"closed":1686180714050,"used":1686180711620,"created":1686180711620,"remoteIdentityKey":"BZXDMOibIaqxH7Vc1MhtjA0TGKXQC2TV42cDCy6YZtBd"},"_chains":{"BWAJcgcRFnwkv7Jxymw3P5tnsa2HEZacIzaTN9E538YN":{"chainKey":{"counter":0,"key":"+chDKjDxY4dXb+0gGkwBD6WwHTa7JkFTkyRhEmz07tc="},"chainType":1,"messageKeys":{}}},"pendingPreKey":{"signedKeyId":0,"baseKey":"BVmPQt6DpIgjkXvG+qJCVHWH+SzSzlP8bV3ycyurNKMq","preKeyId":7939477}},"BcdynZCJTc5LCzBqhKYayhqXYOUqlx8oKEQ8DIiS7ao1":{"registrationId":796819161,"currentRatchet":{"ephemeralKeyPair":{"pubKey":"BZWkIxsZdRI4T/9/sG2yTBJMtDVgHYzoG0EG81wKFjNU","privKey":"CCIBC5V8aIU8G96yc2U8WvCRSDmDUrKSCAY7pET7IHE="},"lastRemoteEphemeralKey":"BVaVzF9mQ5vM7jLzyhJbhX5zOSrZOm15jxUGZPZuRRxP","previousCounter":0,"rootKey":"gahsYRGKNA93sK7Q8vHEEP7FIR/KMSJIh3BAz44/FX4="},"indexInfo":{"baseKey":"BcdynZCJTc5LCzBqhKYayhqXYOUqlx8oKEQ8DIiS7ao1","baseKeyType":1,"closed":-1,"used":1686180713540,"created":1686180713540,"remoteIdentityKey":"BZXDMOibIaqxH7Vc1MhtjA0TGKXQC2TV42cDCy6YZtBd"},"_chains":{"BZWkIxsZdRI4T/9/sG2yTBJMtDVgHYzoG0EG81wKFjNU":{"chainKey":{"counter":0,"key":"r8AoFTq7xrsRKPJ3Fd9uaPTRhQK5h+zmabh/NVgDsEs="},"chainType":1,"messageKeys":{}}},"pendingPreKey":{"signedKeyId":0,"baseKey":"BcdynZCJTc5LCzBqhKYayhqXYOUqlx8oKEQ8DIiS7ao1","preKeyId":7939006}}},"version":"v1"}