{"_sessions":{"BUAuLG73YWhRN7K+PXo0RKqirODlHTUhAxxOkDJtKwAE":{"registrationId":917710547,"currentRatchet":{"ephemeralKeyPair":{"pubKey":"BWFQHHt6M6txpKqqLXs5B0XFW2EUElpyIzQe7WJbQU9p","privKey":"eKL/lGWcGJOonJhxF1p5F58QBZoJAsiOw+LjQwFddXM="},"lastRemoteEphemeralKey":"BU2GyFxg37i1V41p/aQlSwew9g+W1m7p+cKq/jVXI1tX","previousCounter":0,"rootKey":"lTNHAFgXNaWR3I72hlVYrwVdZEsC6Ux0c3QNzZHsVWw="},"indexInfo":{"baseKey":"BUAuLG73YWhRN7K+PXo0RKqirODlHTUhAxxOkDJtKwAE","baseKeyType":2,"closed":-1,"used":1686196586267,"created":1686196586267,"remoteIdentityKey":"BaP6fBe2Zn/hDFr8g4ut37FF/tr+U9ynwg5RsJXovj4W"},"_chains":{"BU2GyFxg37i1V41p/aQlSwew9g+W1m7p+cKq/jVXI1tX":{"chainKey":{"counter":2,"key":"VXDKJzilD79fkDwfyRClzS1lXmeTWFdcJ7K5JQliXsM="},"chainType":2,"messageKeys":{}},"BWFQHHt6M6txpKqqLXs5B0XFW2EUElpyIzQe7WJbQU9p":{"chainKey":{"counter":-1,"key":"EW4paFDsLA8iefTnEvMgG0iblYGwQq76Ujm8wF8V59I="},"chainType":1,"messageKeys":{}}}}},"version":"v1"}