{"_sessions":{"BesnZKDAH3E+ZTzO+jYClqlpGoGpgbiNImVWgRG4m6d9":{"registrationId":1256255588,"currentRatchet":{"ephemeralKeyPair":{"pubKey":"BRGHhGRKqgBCAH+wmuUZEH58NMlYe5PvS07r4bu13yJk","privKey":"eHMoYBhrNd+kW9Hucq1gkL9YdRrsyj1ZrH06mHAZfFs="},"lastRemoteEphemeralKey":"BS1UNeHUlYG2Lj0XxgfEUip4kNwKSDtGbsZ0BpgyNc4O","previousCounter":0,"rootKey":"DPV0/WY0T45lgRrNs6GwV9kkfK4tuRNPeg4IWcFDl8o="},"indexInfo":{"baseKey":"BesnZKDAH3E+ZTzO+jYClqlpGoGpgbiNImVWgRG4m6d9","baseKeyType":1,"closed":1686180714049,"used":1686180711492,"created":1686180711492,"remoteIdentityKey":"Bal5WTvc/hjh0xfOusEpCezNb+z1sYCo0hkItYmfltAQ"},"_chains":{"BRGHhGRKqgBCAH+wmuUZEH58NMlYe5PvS07r4bu13yJk":{"chainKey":{"counter":0,"key":"30kNRzSCYtc+8hHKwTnIicJCpkIu9wvaiY8n3NXpIrY="},"chainType":1,"messageKeys":{}}},"pendingPreKey":{"signedKeyId":13,"baseKey":"BesnZKDAH3E+ZTzO+jYClqlpGoGpgbiNImVWgRG4m6d9","preKeyId":9486490}},"BZWn6C8Emk4fP9SiVJufS19kSgKtO+Qp+xaMuOvbAMxa":{"registrationId":1256255588,"currentRatchet":{"ephemeralKeyPair":{"pubKey":"BWuBdiOjRzDQGXZkZK5BDmmHz6/XeyYgC1rXNwA6CO5q","privKey":"aB28pByscwKawddppSzu6OrVGTs1xEKIOTKvdx7VUlM="},"lastRemoteEphemeralKey":"BS1UNeHUlYG2Lj0XxgfEUip4kNwKSDtGbsZ0BpgyNc4O","previousCounter":0,"rootKey":"ALyw8M3wTe5Ofbgi1xL/5GuAO+smcXEUnD20uh5UAH0="},"indexInfo":{"baseKey":"BZWn6C8Emk4fP9SiVJufS19kSgKtO+Qp+xaMuOvbAMxa","baseKeyType":1,"closed":-1,"used":1686180713433,"created":1686180713433,"remoteIdentityKey":"Bal5WTvc/hjh0xfOusEpCezNb+z1sYCo0hkItYmfltAQ"},"_chains":{"BWuBdiOjRzDQGXZkZK5BDmmHz6/XeyYgC1rXNwA6CO5q":{"chainKey":{"counter":0,"key":"M0vy10EVgOO7s5M45z4koUO/cM73AOho2hadyPZoPbY="},"chainType":1,"messageKeys":{}}},"pendingPreKey":{"signedKeyId":13,"baseKey":"BZWn6C8Emk4fP9SiVJufS19kSgKtO+Qp+xaMuOvbAMxa","preKeyId":9486441}}},"version":"v1"}