{"_sessions":{"BQzw7T3GrURc3XDW7uBaw36Gcf5Zvko88In7TaMu185i":{"registrationId":8,"currentRatchet":{"ephemeralKeyPair":{"pubKey":"BZliPPJaGpjOFHIvegYDcsKHTcmXJBjhPzCwOmSnOXh1","privKey":"cHpARyciIHJBxLPGPam9it6i36qXGEZQr5lFYkoRoEM="},"lastRemoteEphemeralKey":"BcUoWEct+dxptecYBwwc6wnHojSb30Ftb3KWvLc8NAhj","previousCounter":0,"rootKey":"+Vw6nTFKg5ioJe8kx8qYiNVRfHbaHUT/55dB8dKPkZE="},"indexInfo":{"baseKey":"BQzw7T3GrURc3XDW7uBaw36Gcf5Zvko88In7TaMu185i","baseKeyType":1,"closed":1686180714048,"used":1686180711303,"created":1686180711303,"remoteIdentityKey":"BUesUirxiROgRuknuNzQWz9MP0nA+cFPJzIEqVuz84gX"},"_chains":{"BZliPPJaGpjOFHIvegYDcsKHTcmXJBjhPzCwOmSnOXh1":{"chainKey":{"counter":0,"key":"KzATWVtUuYdHI0w0cHtv2XqU0oltiynEWC3if3EDQl8="},"chainType":1,"messageKeys":{}}},"pendingPreKey":{"signedKeyId":1,"baseKey":"BQzw7T3GrURc3XDW7uBaw36Gcf5Zvko88In7TaMu185i"}},"BdamvdlvvxwR9nGCLjBiKUNJWU8cCyh5jq+2+6ZhHSZc":{"registrationId":8,"currentRatchet":{"ephemeralKeyPair":{"pubKey":"BaNGMbH78VRTdnoLBrCCJxmKGW59h7X4iHb1OZBjwyow","privKey":"8LSZxiDt5a1dTq3JNUcC93AYij1STp1KUcYSSkCEAWA="},"lastRemoteEphemeralKey":"BcUoWEct+dxptecYBwwc6wnHojSb30Ftb3KWvLc8NAhj","previousCounter":0,"rootKey":"IRFcXlKmZGOW+BabFWIecLRrfMhXWenpKn0VP8tyTeA="},"indexInfo":{"baseKey":"BdamvdlvvxwR9nGCLjBiKUNJWU8cCyh5jq+2+6ZhHSZc","baseKeyType":1,"closed":-1,"used":1686180713257,"created":1686180713257,"remoteIdentityKey":"BUesUirxiROgRuknuNzQWz9MP0nA+cFPJzIEqVuz84gX"},"_chains":{"BaNGMbH78VRTdnoLBrCCJxmKGW59h7X4iHb1OZBjwyow":{"chainKey":{"counter":0,"key":"du1VpMDcCcDvOYFVis7EsueZKEH7o3HjhPxzMcrWyfw="},"chainType":1,"messageKeys":{}}},"pendingPreKey":{"signedKeyId":1,"baseKey":"BdamvdlvvxwR9nGCLjBiKUNJWU8cCyh5jq+2+6ZhHSZc"}}},"version":"v1"}