{"_sessions":{"BV661bRhykwbVxjGjCpNFvZHnm3iOb4o0DqbFGeO70Qf":{"registrationId":1594071737,"currentRatchet":{"ephemeralKeyPair":{"pubKey":"Bc7FkxGN2OlZcnlYWaXjTJjCiZtbFkLGBo2RiXT6bCEx","privKey":"aDnMWnhpvxnMsO5e0aCogPLt1dQbVUjvSjCzsl5inWk="},"lastRemoteEphemeralKey":"BQyZLpTs/VQbMPv6hoYhW1kwJfJTaExNhhHGDCyfK9Z/","previousCounter":0,"rootKey":"NZcWlo80waV8bzNd8NFi2epjlnXqsB/Aq+EvIWnctx4="},"indexInfo":{"baseKey":"BV661bRhykwbVxjGjCpNFvZHnm3iOb4o0DqbFGeO70Qf","baseKeyType":2,"closed":-1,"used":1686188534226,"created":1686188534226,"remoteIdentityKey":"BbFVdR/Oo4jMKK9KIUVdXeXZwUO0hfWqC+r8RkY8YAkm"},"_chains":{"BQyZLpTs/VQbMPv6hoYhW1kwJfJTaExNhhHGDCyfK9Z/":{"chainKey":{"counter":0,"key":"td+d1hv/WY+3qiTo5KNYKO6logyKYksAgYSLWdnI1S8="},"chainType":2,"messageKeys":{}},"Bc7FkxGN2OlZcnlYWaXjTJjCiZtbFkLGBo2RiXT6bCEx":{"chainKey":{"counter":-1,"key":"C9Q4DKYsZWTa6jH1B93DT6XPxrv+IFjqJg7A646Ps4o="},"chainType":1,"messageKeys":{}}}}},"version":"v1"}