{"_sessions":{"Ba0A7TAjxAmr/iMRsazujN7cvm9QbDtQYf2G1KHb8/ZL":{"registrationId":1153661508,"currentRatchet":{"ephemeralKeyPair":{"pubKey":"BQZp+SsyyfT28feK3ofuUPTypbMDniNKnckK8LrOH7d5","privKey":"OJ3OWjzW4Ubn9OVFmx/atoriR2brP426gPEOrjMZK0M="},"lastRemoteEphemeralKey":"BR/1bA7zttaJ66I/b7WNYODiDLzWACBTqt+Zl+bmXqwJ","previousCounter":0,"rootKey":"LTjwUMnUgd47iOIAmOpt9Wqo3HE1RW7+vdmCyV35qDk="},"indexInfo":{"baseKey":"Ba0A7TAjxAmr/iMRsazujN7cvm9QbDtQYf2G1KHb8/ZL","baseKeyType":2,"closed":-1,"used":1686189542923,"created":1686189542923,"remoteIdentityKey":"BaGFh/Wa9etj1gZNWNq6mxdwI1mjrCMSAPDpiYiBLSpo"},"_chains":{"BR/1bA7zttaJ66I/b7WNYODiDLzWACBTqt+Zl+bmXqwJ":{"chainKey":{"counter":3,"key":"U4t+u1RraMK/FRVc8W4HjsmJ1+lhFjT3LoZsqkLVtss="},"chainType":2,"messageKeys":{}},"BQZp+SsyyfT28feK3ofuUPTypbMDniNKnckK8LrOH7d5":{"chainKey":{"counter":-1,"key":"QyM28Ujexu8aysmRJkxon1MaHifFDNhHxfJ/kffXchk="},"chainType":1,"messageKeys":{}}}}},"version":"v1"}