{"_sessions":{"BSopeuktSexqEH+AqrGbsjRBuIrGRoWiYkU4CUcwrShu":{"registrationId":2059101085,"currentRatchet":{"ephemeralKeyPair":{"pubKey":"BbGB/gnfcx+lV+DH4SBigiHEILK3qlgaMTxRGI2tN+kP","privKey":"aEITOAa71NwrAfRnmDJ0Fdg9LJ9zffcWNi2ovuCf03k="},"lastRemoteEphemeralKey":"BfDHLe6kG/SD85DCDDvHZTjb31yl9mbHRrv6SGt5/GA3","previousCounter":0,"rootKey":"merIvZgxflKOGHS2f2g0utv2UobwZBHMo9TigQNd7iU="},"indexInfo":{"baseKey":"BSopeuktSexqEH+AqrGbsjRBuIrGRoWiYkU4CUcwrShu","baseKeyType":1,"closed":1686180714048,"used":1686180711346,"created":1686180711346,"remoteIdentityKey":"BeFa2bj5wY1IlN0e74VgO0ZOWpwxiWKK2jOQzQ7p/cA4"},"_chains":{"BbGB/gnfcx+lV+DH4SBigiHEILK3qlgaMTxRGI2tN+kP":{"chainKey":{"counter":0,"key":"42375hVXFtk7hP+H/UuY26HpwHYd+NkX7HOqXZRi3bM="},"chainType":1,"messageKeys":{}}},"pendingPreKey":{"signedKeyId":1,"baseKey":"BSopeuktSexqEH+AqrGbsjRBuIrGRoWiYkU4CUcwrShu"}},"Bbot4Oq+NyDe8Bki9GIyFFITitjpKeTIfGTVhVYq0/co":{"registrationId":2059101085,"currentRatchet":{"ephemeralKeyPair":{"pubKey":"BXZIFgKdtQpxH/FXM2Pnk8+0D0AbzvlllIECefFxe65t","privKey":"KCxnDr6N6Hqxay5OHNQQTEdC4OVhMkl9bGjzw4t3R2A="},"lastRemoteEphemeralKey":"BfDHLe6kG/SD85DCDDvHZTjb31yl9mbHRrv6SGt5/GA3","previousCounter":0,"rootKey":"wxEesdtNJ+qZQqKQuDKDWUCxf/mnSfYTpr/U0cwNmoE="},"indexInfo":{"baseKey":"Bbot4Oq+NyDe8Bki9GIyFFITitjpKeTIfGTVhVYq0/co","baseKeyType":1,"closed":-1,"used":1686180713299,"created":1686180713299,"remoteIdentityKey":"BeFa2bj5wY1IlN0e74VgO0ZOWpwxiWKK2jOQzQ7p/cA4"},"_chains":{"BXZIFgKdtQpxH/FXM2Pnk8+0D0AbzvlllIECefFxe65t":{"chainKey":{"counter":0,"key":"BoZn0JXMC0VzstPfymMmKeLTFLWEaWt8WIpS423Yt5w="},"chainType":1,"messageKeys":{}}},"pendingPreKey":{"signedKeyId":1,"baseKey":"Bbot4Oq+NyDe8Bki9GIyFFITitjpKeTIfGTVhVYq0/co"}}},"version":"v1"}