{"_sessions":{"BcJBp/fL5SlAYlDy38BVqupRcI45EkwbehPfG6mV32BH":{"registrationId":1488188657,"currentRatchet":{"ephemeralKeyPair":{"pubKey":"Bb9Q/+YNeaIrDgpvoJ04uHr9x7uOFCJRlX7yGrKnEKlm","privKey":"ELbQMyrvepGQBWRaaR35SuidqwHlS0LNiJJ7yTLoJmQ="},"lastRemoteEphemeralKey":"BU+Nd+aYPnN9b1Lpw2Le6QiC3B6MQjkyeksXhTX+4NMi","previousCounter":0,"rootKey":"AZjeUqv1HCzSzICRN5fg/yFfd0CQZ2osBXjV4TUOHqY="},"indexInfo":{"baseKey":"BcJBp/fL5SlAYlDy38BVqupRcI45EkwbehPfG6mV32BH","baseKeyType":1,"closed":1686180714049,"used":1686180711504,"created":1686180711504,"remoteIdentityKey":"BWwmqR3M2WPL2ApY3TVyWzZNnu/eRct5Tay7VDYdFAkM"},"_chains":{"Bb9Q/+YNeaIrDgpvoJ04uHr9x7uOFCJRlX7yGrKnEKlm":{"chainKey":{"counter":0,"key":"d98a7xda8dBj/B0vyX93tc1InikzrMzLPie/Ay0E8Ss="},"chainType":1,"messageKeys":{}}},"pendingPreKey":{"signedKeyId":5,"baseKey":"BcJBp/fL5SlAYlDy38BVqupRcI45EkwbehPfG6mV32BH","preKeyId":6501114}},"BWFsvPfmZ/bdCliyHJ1V3iTjxb5FpFBUCxPvbstLfzQy":{"registrationId":1488188657,"currentRatchet":{"ephemeralKeyPair":{"pubKey":"BUtLk5LsnP0Nd+DqYI/SuNBdILW+0JZZ80UYp4abVY5O","privKey":"gLxySxF5D42tRyrKYw16KeRrUcIh4tXGXk3ucD+p1WY="},"lastRemoteEphemeralKey":"BU+Nd+aYPnN9b1Lpw2Le6QiC3B6MQjkyeksXhTX+4NMi","previousCounter":0,"rootKey":"mTw8sMDLw+xdfPlSB6sWoJAsrHQem13SAVpa+E++axs="},"indexInfo":{"baseKey":"BWFsvPfmZ/bdCliyHJ1V3iTjxb5FpFBUCxPvbstLfzQy","baseKeyType":1,"closed":-1,"used":1686180713443,"created":1686180713443,"remoteIdentityKey":"BWwmqR3M2WPL2ApY3TVyWzZNnu/eRct5Tay7VDYdFAkM"},"_chains":{"BUtLk5LsnP0Nd+DqYI/SuNBdILW+0JZZ80UYp4abVY5O":{"chainKey":{"counter":0,"key":"geYRjBIPpprMKaZnerr9p1/z2GGc4OndOomChoKY1h0="},"chainType":1,"messageKeys":{}}},"pendingPreKey":{"signedKeyId":5,"baseKey":"BWFsvPfmZ/bdCliyHJ1V3iTjxb5FpFBUCxPvbstLfzQy","preKeyId":6501095}}},"version":"v1"}