{"_sessions":{"BS76dsKud+DNjvvbUcEXGXqCIYMN0VlcyRkCTfvgC/Nd":{"registrationId":23249041,"currentRatchet":{"ephemeralKeyPair":{"pubKey":"BbxQ4LWI5s10r8rBxzjTp96KxRi+iaH6ck3NneMfqh0T","privKey":"cDsaTtscQlTTEZHKkYN8ibGyQ0xlca+/kHSsby+2Ylg="},"lastRemoteEphemeralKey":"BWrYwUTRuDPYSngOTEx1A1CTdbuk2HRdmo2RfCj41skj","previousCounter":0,"rootKey":"tTBotHMbdGt/2e49Lgo9EoAmxh2cNf60Ksc2n002P3w="},"indexInfo":{"baseKey":"BS76dsKud+DNjvvbUcEXGXqCIYMN0VlcyRkCTfvgC/Nd","baseKeyType":1,"closed":1686180714051,"used":1686180711829,"created":1686180711829,"remoteIdentityKey":"BSqRFIJZ07THiBJHSDKqBjvCNpUn3oxeco1Fv5tKhGN/"},"_chains":{"BbxQ4LWI5s10r8rBxzjTp96KxRi+iaH6ck3NneMfqh0T":{"chainKey":{"counter":0,"key":"Pbcp5XPr+a4HVvQcpdxu4jiMivjjGqeAngO1tuHjhgo="},"chainType":1,"messageKeys":{}}},"pendingPreKey":{"signedKeyId":30,"baseKey":"BS76dsKud+DNjvvbUcEXGXqCIYMN0VlcyRkCTfvgC/Nd","preKeyId":16560565}},"BQZ5MFVNe2NxrZXYD7DVWDJ3ozVoK9FXLRVGFU400nkA":{"registrationId":23249041,"currentRatchet":{"ephemeralKeyPair":{"pubKey":"BQCCKYD8WWOFf+FzNFPJ9WeFgpYgnKBbhedl06KXCrxp","privKey":"UPaiS83BBduYmvGerXEKLZ34U/HDCYGy8ZrZk2LwPGk="},"lastRemoteEphemeralKey":"BWrYwUTRuDPYSngOTEx1A1CTdbuk2HRdmo2RfCj41skj","previousCounter":0,"rootKey":"psi7DeMhVSkxC2G05Q2oSDu31TRzoGfPeHe1C0mAYco="},"indexInfo":{"baseKey":"BQZ5MFVNe2NxrZXYD7DVWDJ3ozVoK9FXLRVGFU400nkA","baseKeyType":1,"closed":-1,"used":1686180713997,"created":1686180713997,"remoteIdentityKey":"BSqRFIJZ07THiBJHSDKqBjvCNpUn3oxeco1Fv5tKhGN/"},"_chains":{"BQCCKYD8WWOFf+FzNFPJ9WeFgpYgnKBbhedl06KXCrxp":{"chainKey":{"counter":0,"key":"QcUz15brcpShnOaLv9busGMbsrkEhOaFNkYY9WzrvGI="},"chainType":1,"messageKeys":{}}},"pendingPreKey":{"signedKeyId":30,"baseKey":"BQZ5MFVNe2NxrZXYD7DVWDJ3ozVoK9FXLRVGFU400nkA","preKeyId":16560284}}},"version":"v1"}