{"_sessions":{"BerpFKwR/gk4D6OGKGcGW4XxmHMA9Y9U5fUkmENAfxJq":{"registrationId":166077791,"currentRatchet":{"ephemeralKeyPair":{"pubKey":"BTvOkBslwvu0maxrzlwoszNVg0OKYY86H/dBsKsmvXRD","privKey":"8Cn834jgq4lpXycke1WkBgDHH+q3LfGvR4u6yt8ZNVo="},"lastRemoteEphemeralKey":"Be/VMgVZpIMe2jK0svlkdOqEanxxepuPeYTmMlyZb5BP","previousCounter":0,"rootKey":"SrapSo68jMktdRW2zmN7jz55i64jHHKOdGFWWt1U/RM="},"indexInfo":{"baseKey":"BerpFKwR/gk4D6OGKGcGW4XxmHMA9Y9U5fUkmENAfxJq","baseKeyType":1,"closed":1686180714049,"used":1686180711612,"created":1686180711612,"remoteIdentityKey":"BcpgdEq0v6fOYXxxYGlggtryEAIhszfZqff24BLQod8K"},"_chains":{"BTvOkBslwvu0maxrzlwoszNVg0OKYY86H/dBsKsmvXRD":{"chainKey":{"counter":0,"key":"ka4VLCnnUVrs5OXyiJry1l/laD/hAREKhzBPV9wkDdU="},"chainType":1,"messageKeys":{}}},"pendingPreKey":{"signedKeyId":1,"baseKey":"BerpFKwR/gk4D6OGKGcGW4XxmHMA9Y9U5fUkmENAfxJq","preKeyId":14276240}},"Ba4ZAU5DK30sxrq0XRJblZrsEB0vjg46iXR71sO8zZAx":{"registrationId":166077791,"currentRatchet":{"ephemeralKeyPair":{"pubKey":"BROkyHfrbLoF5ZiVJt+95qxgybveZ8XTmGMqsbReL7h2","privKey":"2N9x3NZuvWvAgMezAt89QV9LgV0v6UlPRBO8Frg4MVo="},"lastRemoteEphemeralKey":"Be/VMgVZpIMe2jK0svlkdOqEanxxepuPeYTmMlyZb5BP","previousCounter":0,"rootKey":"ae9cS3Wo2mVIt6H8PUvOxbroC2p9kQwV0WmRyWN6ljE="},"indexInfo":{"baseKey":"Ba4ZAU5DK30sxrq0XRJblZrsEB0vjg46iXR71sO8zZAx","baseKeyType":1,"closed":-1,"used":1686180713533,"created":1686180713533,"remoteIdentityKey":"BcpgdEq0v6fOYXxxYGlggtryEAIhszfZqff24BLQod8K"},"_chains":{"BROkyHfrbLoF5ZiVJt+95qxgybveZ8XTmGMqsbReL7h2":{"chainKey":{"counter":0,"key":"TgO60+CQUL0tuWTZ1KyYddjGXZPSqSKYWt6Vjx/j4k4="},"chainType":1,"messageKeys":{}}},"pendingPreKey":{"signedKeyId":1,"baseKey":"Ba4ZAU5DK30sxrq0XRJblZrsEB0vjg46iXR71sO8zZAx","preKeyId":14276699}}},"version":"v1"}