{"_sessions":{"BRhQem0U/KUgEo3MAq/CSVsAGgN0pCJJAwRLKiM7byoV":{"registrationId":2008618770,"currentRatchet":{"ephemeralKeyPair":{"pubKey":"BViijhL9730cZHJnsES8hCRvLGilIwShryGCApFR7fIx","privKey":"CA8RoLIN/RxC/R6VKV1RzVGJO5wftps8lzQDtNAx82E="},"lastRemoteEphemeralKey":"BYU9G2QxlsjEvBU7C3DEGYxsgiLyyspQ9puAdcRoY0k1","previousCounter":0,"rootKey":"Cuni0xGCJJHC7Wuy7vpdB3yVvd5F5cCHyL5w7qah9vc="},"indexInfo":{"baseKey":"BRhQem0U/KUgEo3MAq/CSVsAGgN0pCJJAwRLKiM7byoV","baseKeyType":2,"closed":-1,"used":1686188478704,"created":1686188478704,"remoteIdentityKey":"BXRqKPGBu7IYP/2Lwmuldta+0XXF+sP2qy4r4lWZ8p5A"},"_chains":{"BYU9G2QxlsjEvBU7C3DEGYxsgiLyyspQ9puAdcRoY0k1":{"chainKey":{"counter":9,"key":"S/yykBdKJcbSRJrUahhdnhT7WOdZxUvqasQA0R/bukA="},"chainType":2,"messageKeys":{}},"BViijhL9730cZHJnsES8hCRvLGilIwShryGCApFR7fIx":{"chainKey":{"counter":-1,"key":"FBmCTNqeCe/ur3EKDyytDkhN0Bud+Bwo7Q0xYltlAzI="},"chainType":1,"messageKeys":{}}}}},"version":"v1"}