{"_sessions":{"BR+o6rasdLfgd77WU/hkmx3lBKuh62gM06VG5a66LUZT":{"registrationId":74116440,"currentRatchet":{"ephemeralKeyPair":{"pubKey":"BbbsamDdE9uYabG/D1ypfCBWB2YUfeuWqkUDf2SrnRA4","privKey":"4HRldKh0Jnr7lgQT5U8S8meMaKn+6iiMikVUxo2YtnA="},"lastRemoteEphemeralKey":"Bf7+jlj6Onz7+UdQADaspKuKS8I1+fmgX8dXra2VYs0c","previousCounter":0,"rootKey":"unBMnSDy3wmz7LawWe1zwNzm55AjPwxXfgbsqBNDu9w="},"indexInfo":{"baseKey":"BR+o6rasdLfgd77WU/hkmx3lBKuh62gM06VG5a66LUZT","baseKeyType":1,"closed":1686180714050,"used":1686180711623,"created":1686180711623,"remoteIdentityKey":"Ba/mqhwlHypLFzsBCKkM6ZM7qYwptITQzo3r4CBhpOFx"},"_chains":{"BbbsamDdE9uYabG/D1ypfCBWB2YUfeuWqkUDf2SrnRA4":{"chainKey":{"counter":0,"key":"aYv/hWlMt/6LGN6NPkFXb6+rzEjFJ8heG02CV7x4mlU="},"chainType":1,"messageKeys":{}}},"pendingPreKey":{"signedKeyId":1,"baseKey":"BR+o6rasdLfgd77WU/hkmx3lBKuh62gM06VG5a66LUZT","preKeyId":972454}},"BXzHKs+3hGOJxuTMFtUd/9nlDaX51oCe1xqSY9bKcCx6":{"registrationId":74116440,"currentRatchet":{"ephemeralKeyPair":{"pubKey":"BWWQzsSqlOQcx9d3tBph1h8rLtSsuQ5mq3gf2LWbDude","privKey":"yC0qo7wz1/PK9llSSXhDgmScthcRLrMe0dkWPQZE6XU="},"lastRemoteEphemeralKey":"BX48AMVthi7ddd3Fx21lxY/89ewOYKuoyy/QoUuFnp0d","previousCounter":0,"rootKey":"wWdgfUBX6ubDlJC3Szqlu93bPllF1g4lNpbPQlNfw50="},"indexInfo":{"baseKey":"BXzHKs+3hGOJxuTMFtUd/9nlDaX51oCe1xqSY9bKcCx6","baseKeyType":1,"closed":-1,"used":1686200852739,"created":1686180713543,"remoteIdentityKey":"Ba/mqhwlHypLFzsBCKkM6ZM7qYwptITQzo3r4CBhpOFx"},"_chains":{"BX48AMVthi7ddd3Fx21lxY/89ewOYKuoyy/QoUuFnp0d":{"chainKey":{"counter":0,"key":"BlQ/Ur8qs4aGAB5WWOBd/dimQ7vJiHUsq9n/wVrnEMo="},"chainType":2,"messageKeys":{}},"BWWQzsSqlOQcx9d3tBph1h8rLtSsuQ5mq3gf2LWbDude":{"chainKey":{"counter":-1,"key":"9bB7hDziFJKZZNrP8Ntu/JNPHQCMEOfgvSfdbClMBAI="},"chainType":1,"messageKeys":{}}}}},"version":"v1"}