{"_sessions":{"BVts2219n/7eMOVA5swQZ+2s8lGwAUD8oncJPSdFIkcz":{"registrationId":1177769341,"currentRatchet":{"ephemeralKeyPair":{"pubKey":"BX2hztRm9eQpxCmuVivnpYLn+wQ3kJ0bTDYPe+a8tXcO","privKey":"6DFh5fYrjrbCCFrFS2ixXTQ2AZ3NiuOhR5UkJC6+MH8="},"lastRemoteEphemeralKey":"Bcq5EhWgg9M9MsX96efgg2AfXK0qXCfjhsvmHpSZpAcl","previousCounter":0,"rootKey":"uulBTuHwvOL5JeODktoakOj4Ty5sZKG95BaU832yQV0="},"indexInfo":{"baseKey":"BVts2219n/7eMOVA5swQZ+2s8lGwAUD8oncJPSdFIkcz","baseKeyType":2,"closed":-1,"used":1686199189291,"created":1686199189291,"remoteIdentityKey":"Bea7TaixudgA7mCptHjpX79hHBpqwnCf7g4KsMh2rTN8"},"_chains":{"Bcq5EhWgg9M9MsX96efgg2AfXK0qXCfjhsvmHpSZpAcl":{"chainKey":{"counter":1,"key":"Qyq0WgSwNbmEh/9eC7PpARGsGr7auIiui+KpusbIVF8="},"chainType":2,"messageKeys":{}},"BX2hztRm9eQpxCmuVivnpYLn+wQ3kJ0bTDYPe+a8tXcO":{"chainKey":{"counter":-1,"key":"3o/cNs00tEYHwrTHdX7w2GcNEpl543XsrFYW8NVYjNA="},"chainType":1,"messageKeys":{}}}}},"version":"v1"}