{"_sessions":{"BTTBQeNsAXuXeXRZV1Y4Q3pNb3lIuGWmd6sxmslSdxpo":{"registrationId":474260928,"currentRatchet":{"ephemeralKeyPair":{"pubKey":"BSyUow5NxH/QlSQkayvE3aPhs9vl2M6k2yEFVP/QFYVl","privKey":"cIU1lyO7iuBUJD1Z2JCNSS6Yc45bM7hHOIVnbnOjTXc="},"lastRemoteEphemeralKey":"BVdfL3OEuEk+RibS9261HCWGWFXL92Hjjrfx1FV5hVNA","previousCounter":0,"rootKey":"0i7vAtfJebzRjcuxaO+t2xYLcgf/0KtgdCdE4+ZZfEc="},"indexInfo":{"baseKey":"BTTBQeNsAXuXeXRZV1Y4Q3pNb3lIuGWmd6sxmslSdxpo","baseKeyType":2,"closed":-1,"used":1686202105172,"created":1686202105172,"remoteIdentityKey":"BZWAULXtVxB/ZwugHX865+dz81MlCXgf0luUXhdIg68y"},"_chains":{"BVdfL3OEuEk+RibS9261HCWGWFXL92Hjjrfx1FV5hVNA":{"chainKey":{"counter":1,"key":"L9xGzEPDAVGEdQT3AkaK9rkUEatPNIbo7ShZYmhBFOE="},"chainType":2,"messageKeys":{}},"BSyUow5NxH/QlSQkayvE3aPhs9vl2M6k2yEFVP/QFYVl":{"chainKey":{"counter":-1,"key":"p8PEHjUpYFh+eKW2o8pXZNfSmC4qjwOFiHaQTl6lTD8="},"chainType":1,"messageKeys":{}}}}},"version":"v1"}