{"_sessions":{"BQFouD0bs1CyQeD+xhCOxI171MSYXHxBIn0dcwFU2vkQ":{"registrationId":1231113916,"currentRatchet":{"ephemeralKeyPair":{"pubKey":"BXUccuDrIjVAmLKNIkamocjimYy+tnAOf2AG/+Tpssgg","privKey":"SOTr3iOyCvuApdhnprDocCfRzXQKd1qO8GhYX3fhzXQ="},"lastRemoteEphemeralKey":"BdB4jEnE/VxyyK7JwwzW+WQ0DfaL74Bh00d5IhYxq2U6","previousCounter":0,"rootKey":"h8qDE8oChXF617mh8FVnlopupAi2lNdQyW95bwN28kw="},"indexInfo":{"baseKey":"BQFouD0bs1CyQeD+xhCOxI171MSYXHxBIn0dcwFU2vkQ","baseKeyType":1,"closed":1686180714048,"used":1686180711388,"created":1686180711388,"remoteIdentityKey":"BXqjDfOOD+nKN5WHkAO/b7GkH7LZIb4BnCbQv87pCbp9"},"_chains":{"BXUccuDrIjVAmLKNIkamocjimYy+tnAOf2AG/+Tpssgg":{"chainKey":{"counter":0,"key":"kCtqQp3dkFRLRKrCKm/A4v2Ik+XQYX/6B+y9Ytggkew="},"chainType":1,"messageKeys":{}}},"pendingPreKey":{"signedKeyId":17,"baseKey":"BQFouD0bs1CyQeD+xhCOxI171MSYXHxBIn0dcwFU2vkQ","preKeyId":13303944}},"BX1pLunndiVOJ65lBc0o1DpVKUOiIUb1JVXnKbpJERBw":{"registrationId":1231113916,"currentRatchet":{"ephemeralKeyPair":{"pubKey":"Bd8Nxmeu7T5SGoBYMnN8UUqvEtTQakyo3gsjdX/jBzci","privKey":"aG88jJ2Nm24htBLZg3KRl7nKsbRGK5hRtHV81ws/MGk="},"lastRemoteEphemeralKey":"BdB4jEnE/VxyyK7JwwzW+WQ0DfaL74Bh00d5IhYxq2U6","previousCounter":0,"rootKey":"7aYgM4PKEEdGwqd7JB1KUbxZxroIZKXj/h1fPHDqons="},"indexInfo":{"baseKey":"BX1pLunndiVOJ65lBc0o1DpVKUOiIUb1JVXnKbpJERBw","baseKeyType":1,"closed":-1,"used":1686180713345,"created":1686180713345,"remoteIdentityKey":"BXqjDfOOD+nKN5WHkAO/b7GkH7LZIb4BnCbQv87pCbp9"},"_chains":{"Bd8Nxmeu7T5SGoBYMnN8UUqvEtTQakyo3gsjdX/jBzci":{"chainKey":{"counter":0,"key":"PVI9jBSocTzE1LliL6nOfD2M6VJ8RrzFxp7P+8TrdJ8="},"chainType":1,"messageKeys":{}}},"pendingPreKey":{"signedKeyId":17,"baseKey":"BX1pLunndiVOJ65lBc0o1DpVKUOiIUb1JVXnKbpJERBw","preKeyId":13303932}}},"version":"v1"}