{"_sessions":{"BUqziqCkuj37FnnGda6OWghItGkysIb7URNPIGOYwns1":{"registrationId":245411049,"currentRatchet":{"ephemeralKeyPair":{"pubKey":"BY6kn1lL5c6Lmz4z3u83J3Gr8z3EQVqU5bDRhgGOH4J3","privKey":"qI8Gnpwc9s4g5ZOn8F3q1ioW0TaBku1hCturwxjL3lQ="},"lastRemoteEphemeralKey":"Ba516d8YZ1PN54voG8W/qJ6C/cnMhtgrS76dd4bCv9ZB","previousCounter":0,"rootKey":"Doep52oM/UiiMHwN1lOj3SgWEsb68X3EB+LG8P8DThw="},"indexInfo":{"baseKey":"BUqziqCkuj37FnnGda6OWghItGkysIb7URNPIGOYwns1","baseKeyType":2,"closed":-1,"used":1686294879064,"created":1686294879064,"remoteIdentityKey":"BRpoYfaVnA5McNULsO8VjKSe2qlNowrBCAPWYlm5KF1Q"},"_chains":{"Ba516d8YZ1PN54voG8W/qJ6C/cnMhtgrS76dd4bCv9ZB":{"chainKey":{"counter":1,"key":"Pq5xIxAqonbgxXIUavghUS7fR5XB3JP0pGpsFO7AYWE="},"chainType":2,"messageKeys":{"0":"Mo9QiAh+mm5TGO35i4FRN8V19URKbMvXa1HRmppheZo="}},"BY6kn1lL5c6Lmz4z3u83J3Gr8z3EQVqU5bDRhgGOH4J3":{"chainKey":{"counter":-1,"key":"BK2Lqnat1C438EPDYDXU5CAZy4ZkFm/3LDNtM9EM5U8="},"chainType":1,"messageKeys":{}}}}},"version":"v1"}