{"_sessions":{"BVEiB4Yr8k7PMgTGvgJSlaBTeIZqCCNcGAE/pPy7zgsq":{"registrationId":2066008737,"currentRatchet":{"ephemeralKeyPair":{"pubKey":"BZP0JTa3p+PhmhhwrBxPWmqNeXcqigRcOVAESvoCz/B1","privKey":"eBfsl/PDirjlgYpscrdSRtmq/Y74+F2WLoPSYIbGMH0="},"lastRemoteEphemeralKey":"BWYzGYijm5Fcm0xh1Tp0qfAdampzfgHz7TcjNvmArlAA","previousCounter":0,"rootKey":"UiRRQDyuy5mwPjalggWjm0pnEPdOk0ZpcIUSbuYECDE="},"indexInfo":{"baseKey":"BVEiB4Yr8k7PMgTGvgJSlaBTeIZqCCNcGAE/pPy7zgsq","baseKeyType":1,"closed":1686180714050,"used":1686180711648,"created":1686180711648,"remoteIdentityKey":"BW7wmmc8wzEjXzWMk5HyGYdbRUGCnL99o73zAEsUCaBv"},"_chains":{"BZP0JTa3p+PhmhhwrBxPWmqNeXcqigRcOVAESvoCz/B1":{"chainKey":{"counter":0,"key":"cyQ65NY/H0JqEIOWaAR1951+xu+veyBh+AWb4hE9Xbc="},"chainType":1,"messageKeys":{}}},"pendingPreKey":{"signedKeyId":2,"baseKey":"BVEiB4Yr8k7PMgTGvgJSlaBTeIZqCCNcGAE/pPy7zgsq","preKeyId":14097041}},"BY0eohCae3hCZQa9IlcikWwssTwYkvqJAWFsIZwGfasq":{"registrationId":2066008737,"currentRatchet":{"ephemeralKeyPair":{"pubKey":"BVNw15XAKkBruKq8OL/wPu9InWod2w/O84kZy1MlnBRr","privKey":"EILfzm6kyj/j+rkJ4onEsD05HMEKRAxffgcDkvIH6EU="},"lastRemoteEphemeralKey":"BWYzGYijm5Fcm0xh1Tp0qfAdampzfgHz7TcjNvmArlAA","previousCounter":0,"rootKey":"NmFzsd2Hmai/l5Q9yHATtFiYXNHrEP4ebuKM9vdwTSE="},"indexInfo":{"baseKey":"BY0eohCae3hCZQa9IlcikWwssTwYkvqJAWFsIZwGfasq","baseKeyType":1,"closed":-1,"used":1686180713566,"created":1686180713566,"remoteIdentityKey":"BW7wmmc8wzEjXzWMk5HyGYdbRUGCnL99o73zAEsUCaBv"},"_chains":{"BVNw15XAKkBruKq8OL/wPu9InWod2w/O84kZy1MlnBRr":{"chainKey":{"counter":0,"key":"vv7eYE4yoJ5aNW/KhegdAcQayoTwS53enogrXmcXPo0="},"chainType":1,"messageKeys":{}}},"pendingPreKey":{"signedKeyId":2,"baseKey":"BY0eohCae3hCZQa9IlcikWwssTwYkvqJAWFsIZwGfasq","preKeyId":14097004}}},"version":"v1"}