{"_sessions":{"BYefw0WdIlEY2PZN0vXcI0Enu2aCx98uhOKt8v6pcms7":{"registrationId":426899954,"currentRatchet":{"ephemeralKeyPair":{"pubKey":"BYs9ZX/1TZMOttDPU/WIwQcPDr35M+Eb33esLTBHnngb","privKey":"EAfyYneWGuZaVga4qKijDpi7Ibzyr2vK6o/azCZzIm8="},"lastRemoteEphemeralKey":"Ba9qK5DTg+lpfVRLbCUC1N6w9bB9Xx9ptxJcnU4ev8k7","previousCounter":0,"rootKey":"M4eUgbM154KmY/Guii/9AySCjwdKjrBik0B1VnDPSVo="},"indexInfo":{"baseKey":"BYefw0WdIlEY2PZN0vXcI0Enu2aCx98uhOKt8v6pcms7","baseKeyType":2,"closed":-1,"used":1686194389341,"created":1686194389341,"remoteIdentityKey":"BVvajiht0cho2yczn9nMK/aj+iC28AWSetkp5Z8ih4ol"},"_chains":{"Ba9qK5DTg+lpfVRLbCUC1N6w9bB9Xx9ptxJcnU4ev8k7":{"chainKey":{"counter":2,"key":"JzY8+zdO26e7voCCIjJfKV+dyz65DCNjyQLvbhM3Xs8="},"chainType":2,"messageKeys":{}},"BYs9ZX/1TZMOttDPU/WIwQcPDr35M+Eb33esLTBHnngb":{"chainKey":{"counter":-1,"key":"A0vpsYNRgxcKfyltOKmczFyxS26Zm3VDJgiBJPyND+0="},"chainType":1,"messageKeys":{}}}}},"version":"v1"}