{"_sessions":{"Beoj1S5IAeWssxoc38WNbTZhzX32cesE3DQBVdBbfEpj":{"registrationId":305517999,"currentRatchet":{"ephemeralKeyPair":{"pubKey":"BUJGibOiy+uuqsKyYRpIyTctLTTETOeS0e4cRPoFJAgP","privKey":"oJs8iMNDZWfoGok2oKktI6cAxhAsmzuWGfyZYYb8zms="},"lastRemoteEphemeralKey":"BRhH5UNdEegxsh5BJ81dS9HUNZttOecXzDjnY6EieuJw","previousCounter":0,"rootKey":"1HadZ3INIjcWlkyxCltBnWcYwFESUwdW4ULJjz6ruhU="},"indexInfo":{"baseKey":"Beoj1S5IAeWssxoc38WNbTZhzX32cesE3DQBVdBbfEpj","baseKeyType":1,"closed":1686180714049,"used":1686180711510,"created":1686180711510,"remoteIdentityKey":"BebV38+KJ8wsonvT0wwiFfgQpCxfOu15BhgAySXCW8gn"},"_chains":{"BUJGibOiy+uuqsKyYRpIyTctLTTETOeS0e4cRPoFJAgP":{"chainKey":{"counter":0,"key":"z/F83zWiyqpjTnSh+h+Sy5z62ONFihLJ8XPHnFM9tUc="},"chainType":1,"messageKeys":{}}},"pendingPreKey":{"signedKeyId":0,"baseKey":"Beoj1S5IAeWssxoc38WNbTZhzX32cesE3DQBVdBbfEpj"}},"BQHLAQzfIkjVyioh7SYArBty+EAe8MkWLOh1VcOvPWIN":{"registrationId":305517999,"currentRatchet":{"ephemeralKeyPair":{"pubKey":"BS2LbkXzlNbfhBbDuTEfu0Z/cXsDn19m0BCbwnhXnMRq","privKey":"GK3Q4L0BmXRl99GR/0c0sHmwtgC6IVcPkRk1nUfaCFc="},"lastRemoteEphemeralKey":"BRhH5UNdEegxsh5BJ81dS9HUNZttOecXzDjnY6EieuJw","previousCounter":0,"rootKey":"qcMcbV8DmDpfdDc1pYjTmPmN1btqj7Ssh/KvehGIE08="},"indexInfo":{"baseKey":"BQHLAQzfIkjVyioh7SYArBty+EAe8MkWLOh1VcOvPWIN","baseKeyType":1,"closed":-1,"used":1686180713451,"created":1686180713451,"remoteIdentityKey":"BebV38+KJ8wsonvT0wwiFfgQpCxfOu15BhgAySXCW8gn"},"_chains":{"BS2LbkXzlNbfhBbDuTEfu0Z/cXsDn19m0BCbwnhXnMRq":{"chainKey":{"counter":0,"key":"gMvRNGG91wQzMEWyTEgpxJESxU1a+Dvitg5NyEwszVY="},"chainType":1,"messageKeys":{}}},"pendingPreKey":{"signedKeyId":0,"baseKey":"BQHLAQzfIkjVyioh7SYArBty+EAe8MkWLOh1VcOvPWIN"}}},"version":"v1"}