{"_sessions":{"BSm4p3Sf2CRR8Rc0SzMWCdC9xyu+nUkvlpUTZ1jHOFdb":{"registrationId":6292,"currentRatchet":{"ephemeralKeyPair":{"pubKey":"BaTAsC5Qi0PsiHfdJK4We/jbkdJGtM4CfQzlN3UxzYI9","privKey":"4DUP1OGdxJnJe86P0eDXoTIs7m6+KdtbO2W7hTSL02s="},"lastRemoteEphemeralKey":"BRniZPfhQuirBoSFb12cXoEfkLwA1wQLVKhLbRipTqd/","previousCounter":0,"rootKey":"DICbCpQGas2B62KtpkQJcrXfSCYl1t3YaIcrzrRj4CY="},"indexInfo":{"baseKey":"BSm4p3Sf2CRR8Rc0SzMWCdC9xyu+nUkvlpUTZ1jHOFdb","baseKeyType":1,"closed":1686180714048,"used":1686180711322,"created":1686180711322,"remoteIdentityKey":"BftyxCKLANf5E6VL7S+jC3SByWwZwZXcEMdEoYYJH7JQ"},"_chains":{"BaTAsC5Qi0PsiHfdJK4We/jbkdJGtM4CfQzlN3UxzYI9":{"chainKey":{"counter":0,"key":"OtoMhtm6xX4xnaOhUCft7dVTnmF46pyO1BXp9crM9vw="},"chainType":1,"messageKeys":{}}},"pendingPreKey":{"signedKeyId":1,"baseKey":"BSm4p3Sf2CRR8Rc0SzMWCdC9xyu+nUkvlpUTZ1jHOFdb"}},"BRUJQXvoYFWtki6feS7co91Uf2zmG4gJMT5SpJqi1ZQ5":{"registrationId":6292,"currentRatchet":{"ephemeralKeyPair":{"pubKey":"BZkNNNee2N38gT54HjLv9IDe/Bnn9MHG1M4EJzx43bli","privKey":"uKf6icYuBCLxLqsL4o4Zqx1MWrv2uMkZxNgV1IY44ns="},"lastRemoteEphemeralKey":"BRniZPfhQuirBoSFb12cXoEfkLwA1wQLVKhLbRipTqd/","previousCounter":0,"rootKey":"dzFccRmdoogH5NwJ/wQO0nVRcBgj1qgX0TfZJzoobJc="},"indexInfo":{"baseKey":"BRUJQXvoYFWtki6feS7co91Uf2zmG4gJMT5SpJqi1ZQ5","baseKeyType":1,"closed":-1,"used":1686180713279,"created":1686180713279,"remoteIdentityKey":"BftyxCKLANf5E6VL7S+jC3SByWwZwZXcEMdEoYYJH7JQ"},"_chains":{"BZkNNNee2N38gT54HjLv9IDe/Bnn9MHG1M4EJzx43bli":{"chainKey":{"counter":0,"key":"nUWHujW3Tl3m2DDbbJGtONHH6OmC2DLENMRebvQNc/E="},"chainType":1,"messageKeys":{}}},"pendingPreKey":{"signedKeyId":1,"baseKey":"BRUJQXvoYFWtki6feS7co91Uf2zmG4gJMT5SpJqi1ZQ5"}}},"version":"v1"}