{"_sessions":{"BSCbc+P9h8Ki6tOEVRZt+QnTr8xAo23yk1aeYbhq6VQU":{"registrationId":1698700601,"currentRatchet":{"ephemeralKeyPair":{"pubKey":"BRpsOnwGYF48cAO/0fMOdu18JzUjec5KSXAwUjIrdEoY","privKey":"6KjdSkdbLbS5h0I3nrwUWdQgqWXs/J6PMcsCvAiihlE="},"lastRemoteEphemeralKey":"BVq2sX7XwTMWB3Qg3kBNsYqxgdnx8W5ke+ROn56fi8JN","previousCounter":0,"rootKey":"RAIjEmg6ekUJD2bM4qUxm5ss8LFJT29UWWp9ixekirg="},"indexInfo":{"baseKey":"BSCbc+P9h8Ki6tOEVRZt+QnTr8xAo23yk1aeYbhq6VQU","baseKeyType":1,"closed":1686180714050,"used":1686180711673,"created":1686180711673,"remoteIdentityKey":"BXRlXtZha0OBJkT54IpwAwk0ocXN5jJsqvZChfn94yoT"},"_chains":{"BRpsOnwGYF48cAO/0fMOdu18JzUjec5KSXAwUjIrdEoY":{"chainKey":{"counter":0,"key":"KKKQB194h86CwHDtiXOsWVJgib1+Wo9jxloJAoLoSSM="},"chainType":1,"messageKeys":{}}},"pendingPreKey":{"signedKeyId":23,"baseKey":"BSCbc+P9h8Ki6tOEVRZt+QnTr8xAo23yk1aeYbhq6VQU","preKeyId":5135050}},"BcRRuIDsd98+VkhnvmfUnCUUjPxE05Y7Mn67gGNFJS1F":{"registrationId":1698700601,"currentRatchet":{"ephemeralKeyPair":{"pubKey":"BfNFC4Vjlf2cEwO3VrXNnfPFbT1+e0FJCHeg0liXk2gZ","privKey":"yK6WEVvYAESdtWj1yR4fbX0PGx0ZhT2+iK5t6CH/8Wk="},"lastRemoteEphemeralKey":"BVq2sX7XwTMWB3Qg3kBNsYqxgdnx8W5ke+ROn56fi8JN","previousCounter":0,"rootKey":"Mug0ERrhfAX7ETZE2Mski+Qd9TnGxFrNXe95+DOgzWM="},"indexInfo":{"baseKey":"BcRRuIDsd98+VkhnvmfUnCUUjPxE05Y7Mn67gGNFJS1F","baseKeyType":1,"closed":-1,"used":1686180713604,"created":1686180713604,"remoteIdentityKey":"BXRlXtZha0OBJkT54IpwAwk0ocXN5jJsqvZChfn94yoT"},"_chains":{"BfNFC4Vjlf2cEwO3VrXNnfPFbT1+e0FJCHeg0liXk2gZ":{"chainKey":{"counter":0,"key":"eOhr3DKk2AYRkRISlBiM0NIb3RO43Rh6pcEHkgm0t9I="},"chainType":1,"messageKeys":{}}},"pendingPreKey":{"signedKeyId":23,"baseKey":"BcRRuIDsd98+VkhnvmfUnCUUjPxE05Y7Mn67gGNFJS1F","preKeyId":5134914}}},"version":"v1"}