{"_sessions":{"Bbhsw2t/aiFckvIpvz9ckvKCg+CujvaurgiH3B/tuwpM":{"registrationId":1138899533,"currentRatchet":{"ephemeralKeyPair":{"pubKey":"BdAsKimgZc/AnBxGw+vC2zRH9OYjENM0iinslesA5RJU","privKey":"aKhvGsjr2dyTNw5OW3RESQj8EOo5JbZ2UWdo3WVgi1w="},"lastRemoteEphemeralKey":"BVBJgEmvPmJEkRhnBJFWRu7A6tKueMncSftiWGMa8FIU","previousCounter":0,"rootKey":"36QcyZ4BARz476v92DkS+yMj45AN3p323UWGq+CXnkA="},"indexInfo":{"baseKey":"Bbhsw2t/aiFckvIpvz9ckvKCg+CujvaurgiH3B/tuwpM","baseKeyType":1,"closed":1686180714050,"used":1686180711660,"created":1686180711660,"remoteIdentityKey":"BVYevNWD80KKUHLOeTFUsWWbTkqAHutrnU4h7KyCptxV"},"_chains":{"BdAsKimgZc/AnBxGw+vC2zRH9OYjENM0iinslesA5RJU":{"chainKey":{"counter":0,"key":"oGjEZnVHXRMGbMQwt2vNdR7DvI1MmfJmU3XLG9JrKvQ="},"chainType":1,"messageKeys":{}}},"pendingPreKey":{"signedKeyId":20,"baseKey":"Bbhsw2t/aiFckvIpvz9ckvKCg+CujvaurgiH3B/tuwpM","preKeyId":15510686}},"Bet8fNV8aaQ4JRVJM6rFu6digBoe1JBFuz3z+W5lQqJO":{"registrationId":1138899533,"currentRatchet":{"ephemeralKeyPair":{"pubKey":"BdzJ3/u8ANnkgN+QgO1U1L5IBSBSO9NDcPtZaX3c8Q9D","privKey":"UEp9nX8iVsAQcqEoCCjkqKOJoAIIm7n6WU3YjR0EIEk="},"lastRemoteEphemeralKey":"BVBJgEmvPmJEkRhnBJFWRu7A6tKueMncSftiWGMa8FIU","previousCounter":0,"rootKey":"l7itRv9zVtoKf089DM8g42ahLQfCBg1Tm0kTXU43Dus="},"indexInfo":{"baseKey":"Bet8fNV8aaQ4JRVJM6rFu6digBoe1JBFuz3z+W5lQqJO","baseKeyType":1,"closed":-1,"used":1686180713580,"created":1686180713580,"remoteIdentityKey":"BVYevNWD80KKUHLOeTFUsWWbTkqAHutrnU4h7KyCptxV"},"_chains":{"BdzJ3/u8ANnkgN+QgO1U1L5IBSBSO9NDcPtZaX3c8Q9D":{"chainKey":{"counter":0,"key":"IkJpq+l+uhGQaaX9QLeKXmIix0HKPgfvYqt919dl91w="},"chainType":1,"messageKeys":{}}},"pendingPreKey":{"signedKeyId":20,"baseKey":"Bet8fNV8aaQ4JRVJM6rFu6digBoe1JBFuz3z+W5lQqJO","preKeyId":15510318}}},"version":"v1"}