{"_sessions":{"BQDE2bSE1T88uxGYq4W4ABlB/rWI+Blx+cwB24jC25o8":{"registrationId":2074847873,"currentRatchet":{"ephemeralKeyPair":{"pubKey":"BWBhB5TA/Wjmk+CTABRvzP4ilPJurfHztFwNVdF20ftt","privKey":"CB/ZfOnz9qVvvPPqUJCnQCgGAonjDmWB2lEGgqKxGH4="},"lastRemoteEphemeralKey":"BbSSTKLe39FNElEJJofm2v7yW7GUvq31kQ+pQ4uvkvtm","previousCounter":0,"rootKey":"R5q/94t9EAlf73tvbuzLXfpRXRfioRBUdeFJ3z0vhdQ="},"indexInfo":{"baseKey":"BQDE2bSE1T88uxGYq4W4ABlB/rWI+Blx+cwB24jC25o8","baseKeyType":1,"closed":1686180714048,"used":1686180711397,"created":1686180711397,"remoteIdentityKey":"BUuBHgGhq5JwPGVn+NURn7gsUFTIZwVmclgCiEK2HplT"},"_chains":{"BWBhB5TA/Wjmk+CTABRvzP4ilPJurfHztFwNVdF20ftt":{"chainKey":{"counter":0,"key":"uZg3KUhM4Fte7gLwjGlJvdjXhK8akFGY3H79y4Suvlo="},"chainType":1,"messageKeys":{}}},"pendingPreKey":{"signedKeyId":3,"baseKey":"BQDE2bSE1T88uxGYq4W4ABlB/rWI+Blx+cwB24jC25o8","preKeyId":10678966}},"BTOZX83QUgMLmIWOblzq1sKNuxGntCqLX8IoV+2pUfgO":{"registrationId":2074847873,"currentRatchet":{"ephemeralKeyPair":{"pubKey":"BVoslomVdDLYPk5K1tZt5Yeoatn7znmyQmvOvaAeUH5d","privKey":"KJedvQozEvn/icnXKBgMqzXPWDZOzO6JVA3AsWh6KGw="},"lastRemoteEphemeralKey":"BbSSTKLe39FNElEJJofm2v7yW7GUvq31kQ+pQ4uvkvtm","previousCounter":0,"rootKey":"JOKtKGiIJa62rqx8tNVJu+77SRWHUjlcWI2on4QZp64="},"indexInfo":{"baseKey":"BTOZX83QUgMLmIWOblzq1sKNuxGntCqLX8IoV+2pUfgO","baseKeyType":1,"closed":-1,"used":1686180713354,"created":1686180713354,"remoteIdentityKey":"BUuBHgGhq5JwPGVn+NURn7gsUFTIZwVmclgCiEK2HplT"},"_chains":{"BVoslomVdDLYPk5K1tZt5Yeoatn7znmyQmvOvaAeUH5d":{"chainKey":{"counter":0,"key":"r6zqWKUSCxjPB3FCMAR1ATistX5SHWNgCuZT7hVK9L0="},"chainType":1,"messageKeys":{}}},"pendingPreKey":{"signedKeyId":3,"baseKey":"BTOZX83QUgMLmIWOblzq1sKNuxGntCqLX8IoV+2pUfgO","preKeyId":10678269}}},"version":"v1"}