{"_sessions":{"BXrsneHXgb50J9btOlNvXbqkVzYVafht1JcaCKmjc/xU":{"registrationId":309837009,"currentRatchet":{"ephemeralKeyPair":{"pubKey":"BcuiVJR1qSxnhjaJbeBafFTi+52kk3M3I9flIpTHlxYb","privKey":"MFmPiDgD+n3JAhdpLEQ6Xqi05hx2n/rAL1CUCbz+v14="},"lastRemoteEphemeralKey":"BatpFtOqTyhfXO2rDtrL60btjITgaJtgXh/IPcJ2qlhe","previousCounter":0,"rootKey":"8/vkAxR/fGwU0BQmrl19Jr4Svmg3kkXZBVIiiNWZilo="},"indexInfo":{"baseKey":"BXrsneHXgb50J9btOlNvXbqkVzYVafht1JcaCKmjc/xU","baseKeyType":1,"closed":1686180714049,"used":1686180711507,"created":1686180711507,"remoteIdentityKey":"BQYDtAvfT78z41lDllYGqYHNmxql+eaD8QdOtLZ3jG9f"},"_chains":{"BcuiVJR1qSxnhjaJbeBafFTi+52kk3M3I9flIpTHlxYb":{"chainKey":{"counter":0,"key":"+NFRuKwrx4FGQYBoJAQQwQd+WXR+DLhwFmAZQdtxxc8="},"chainType":1,"messageKeys":{}}},"pendingPreKey":{"signedKeyId":7,"baseKey":"BXrsneHXgb50J9btOlNvXbqkVzYVafht1JcaCKmjc/xU","preKeyId":451157}},"BUBX0Hswk4CRqOay3BNAJVEVbZIAZU7bTk4x/UfPMyhq":{"registrationId":309837009,"currentRatchet":{"ephemeralKeyPair":{"pubKey":"BTomOBMsct+lywpghLFLtxRKnn/fLNUIRX+rkTb6xWo+","privKey":"eI+m3f9OX/R0nzvoTN7B2+sTnS/ufihTeYjeEFpST0Q="},"lastRemoteEphemeralKey":"BatpFtOqTyhfXO2rDtrL60btjITgaJtgXh/IPcJ2qlhe","previousCounter":0,"rootKey":"RaiAL4VYTxTu9jroXFfZayDVMOeR75f5W4qWpJR1Kj0="},"indexInfo":{"baseKey":"BUBX0Hswk4CRqOay3BNAJVEVbZIAZU7bTk4x/UfPMyhq","baseKeyType":1,"closed":1686189808386,"used":1686180713447,"created":1686180713447,"remoteIdentityKey":"BQYDtAvfT78z41lDllYGqYHNmxql+eaD8QdOtLZ3jG9f"},"_chains":{"BTomOBMsct+lywpghLFLtxRKnn/fLNUIRX+rkTb6xWo+":{"chainKey":{"counter":0,"key":"/OKDUu9FfEHcUDgL3ZDZkFSpqy5rILy54RqBwUfb8uY="},"chainType":1,"messageKeys":{}}},"pendingPreKey":{"signedKeyId":7,"baseKey":"BUBX0Hswk4CRqOay3BNAJVEVbZIAZU7bTk4x/UfPMyhq","preKeyId":451464}},"BbSbbHRlUXg30k4pzuiAwyleiKZR9wruS01WMtREGLhH":{"registrationId":309837009,"currentRatchet":{"ephemeralKeyPair":{"pubKey":"BUul31eqj4YcfPV9nLd0Hhmoo7FXyYPucMHUHDpvXvVl","privKey":"ADAjNwMZk7mGgkOVu5hsCtV1z+/MkqdO31pXpKUIRF4="},"lastRemoteEphemeralKey":"BatpFtOqTyhfXO2rDtrL60btjITgaJtgXh/IPcJ2qlhe","previousCounter":0,"rootKey":"GPqd9YD+vQ5kPO+guU3nNuHRFS5laQrb4mmLOB3FsC0="},"indexInfo":{"baseKey":"BbSbbHRlUXg30k4pzuiAwyleiKZR9wruS01WMtREGLhH","baseKeyType":1,"closed":1686189808666,"used":1686189808384,"created":1686189808384,"remoteIdentityKey":"BQYDtAvfT78z41lDllYGqYHNmxql+eaD8QdOtLZ3jG9f"},"_chains":{"BUul31eqj4YcfPV9nLd0Hhmoo7FXyYPucMHUHDpvXvVl":{"chainKey":{"counter":-1,"key":"L3hoit67V7MM7yVZPA/HVD7QdJJFj2moHE5sPo9cZK8="},"chainType":1,"messageKeys":{}}},"pendingPreKey":{"signedKeyId":7,"baseKey":"BbSbbHRlUXg30k4pzuiAwyleiKZR9wruS01WMtREGLhH","preKeyId":451388}},"BVuOAypcZX+UyKhhTq3rvCPuNW9IDpBAGEdUnRrzjQ0f":{"registrationId":309837009,"currentRatchet":{"ephemeralKeyPair":{"pubKey":"BdDT/TfEaYmjC2Uwz+gNyQwUAHT2cSM+oJwY0smhjWxS","privKey":"UNQ8UUul6HqwS4Eg7EtmL7eDXtITxOw3HFH/+OGWg20="},"lastRemoteEphemeralKey":"BatpFtOqTyhfXO2rDtrL60btjITgaJtgXh/IPcJ2qlhe","previousCounter":0,"rootKey":"ZIlav8WDuHFng9BQKPupmPFey5uZL6Sc32XEmJPTO0k="},"indexInfo":{"baseKey":"BVuOAypcZX+UyKhhTq3rvCPuNW9IDpBAGEdUnRrzjQ0f","baseKeyType":1,"closed":1686189809543,"used":1686189808664,"created":1686189808664,"remoteIdentityKey":"BQYDtAvfT78z41lDllYGqYHNmxql+eaD8QdOtLZ3jG9f"},"_chains":{"BdDT/TfEaYmjC2Uwz+gNyQwUAHT2cSM+oJwY0smhjWxS":{"chainKey":{"counter":-1,"key":"rVvMws1/J+limclL9WLI5TnfGPzU1SXuO5IzhCQ4deo="},"chainType":1,"messageKeys":{}}},"pendingPreKey":{"signedKeyId":7,"baseKey":"BVuOAypcZX+UyKhhTq3rvCPuNW9IDpBAGEdUnRrzjQ0f","preKeyId":451351}},"BZYGnoxpLMFWpzmnLQQx42iQVOhDKZ9Z/Tpd54jfOAUL":{"registrationId":309837009,"currentRatchet":{"ephemeralKeyPair":{"pubKey":"BV5EVQ4N7G2pWNpf3Vs+UOtAqYguXEZhgS3iOfAgjRUx","privKey":"ANBVoK8MoBsQhtBxQHpjJcoSkQ8QQzdujSqCqD+nulc="},"lastRemoteEphemeralKey":"BatpFtOqTyhfXO2rDtrL60btjITgaJtgXh/IPcJ2qlhe","previousCounter":0,"rootKey":"/HZbaIJltCbV3FtDkJCcz5o5ESY0zzJXyT8hVMcIPDQ="},"indexInfo":{"baseKey":"BZYGnoxpLMFWpzmnLQQx42iQVOhDKZ9Z/Tpd54jfOAUL","baseKeyType":1,"closed":1686189811231,"used":1686189809541,"created":1686189809541,"remoteIdentityKey":"BQYDtAvfT78z41lDllYGqYHNmxql+eaD8QdOtLZ3jG9f"},"_chains":{"BV5EVQ4N7G2pWNpf3Vs+UOtAqYguXEZhgS3iOfAgjRUx":{"chainKey":{"counter":-1,"key":"yN0xjIZyT9619m/PrAo3CW0UMTkY9bqQOJmMq43iX7I="},"chainType":1,"messageKeys":{}}},"pendingPreKey":{"signedKeyId":7,"baseKey":"BZYGnoxpLMFWpzmnLQQx42iQVOhDKZ9Z/Tpd54jfOAUL","preKeyId":451283}},"BVkWg/jb1vWMq7rJQsuyYvwnKujB0HXeo1etWpnwNQt6":{"registrationId":309837009,"currentRatchet":{"ephemeralKeyPair":{"pubKey":"BS1jeQgM7yxkIUKnJx6M/9pnJlewzKZx1qlsC2dfPW51","privKey":"4NAsAZAxEIW1MCDMVNCIpBSpI1M5Zdgutc2ZVxWFsUY="},"lastRemoteEphemeralKey":"BatpFtOqTyhfXO2rDtrL60btjITgaJtgXh/IPcJ2qlhe","previousCounter":0,"rootKey":"1Clli6eXS+AEMqE0lF/ySPOJ/ATKGoK3m/pxCXmWCUk="},"indexInfo":{"baseKey":"BVkWg/jb1vWMq7rJQsuyYvwnKujB0HXeo1etWpnwNQt6","baseKeyType":1,"closed":1686189815205,"used":1686189811230,"created":1686189811230,"remoteIdentityKey":"BQYDtAvfT78z41lDllYGqYHNmxql+eaD8QdOtLZ3jG9f"},"_chains":{"BS1jeQgM7yxkIUKnJx6M/9pnJlewzKZx1qlsC2dfPW51":{"chainKey":{"counter":-1,"key":"3MLnSu2F0BAa+aXA2bOoKPGTnR2wpxOlI+1hi+4YLeA="},"chainType":1,"messageKeys":{}}},"pendingPreKey":{"signedKeyId":7,"baseKey":"BVkWg/jb1vWMq7rJQsuyYvwnKujB0HXeo1etWpnwNQt6","preKeyId":451266}},"BWBxFYFYxq9FGEqlWkCHRgyr3RL5JXFkxcSFuZxH9Uxu":{"registrationId":309837009,"currentRatchet":{"ephemeralKeyPair":{"pubKey":"BWhffKYthQL2e8UP+QH2ibvRdfgzqFsQJRaOb/MDODsY","privKey":"yGGxGf/nfrsY9MlDbJGTR3PUcHm9Vxzlh7xg3/Y01nA="},"lastRemoteEphemeralKey":"BatpFtOqTyhfXO2rDtrL60btjITgaJtgXh/IPcJ2qlhe","previousCounter":0,"rootKey":"e1Sn/55EQZck1Yga+BtwoGTfKcFE4Biw7e8W0aUU9GU="},"indexInfo":{"baseKey":"BWBxFYFYxq9FGEqlWkCHRgyr3RL5JXFkxcSFuZxH9Uxu","baseKeyType":1,"closed":-1,"used":1686189815203,"created":1686189815203,"remoteIdentityKey":"BQYDtAvfT78z41lDllYGqYHNmxql+eaD8QdOtLZ3jG9f"},"_chains":{"BWhffKYthQL2e8UP+QH2ibvRdfgzqFsQJRaOb/MDODsY":{"chainKey":{"counter":-1,"key":"vfoBHqgYmHuqzBwAMDnBTLVuJJezfuw2wZd1nw8SrM0="},"chainType":1,"messageKeys":{}}},"pendingPreKey":{"signedKeyId":7,"baseKey":"BWBxFYFYxq9FGEqlWkCHRgyr3RL5JXFkxcSFuZxH9Uxu","preKeyId":451450}}},"version":"v1"}