{"_sessions":{"BWj6XdnJFLhuCjse8rjOBaAsHjaDCjY3eoJK9gjhw6ZW":{"registrationId":2047582717,"currentRatchet":{"ephemeralKeyPair":{"pubKey":"BWGQY+ml8L3VzRLxPDrpCcLWkhreM2MWiGF8m/V8iU0m","privKey":"kGEifN1LdRtxziiBof05VsF3vVR3P1Hz8G91l9D3i2Y="},"lastRemoteEphemeralKey":"BVdMeoqD9FK1k8g17Tlabx5yqYd53GWFHDOPcgD9buRF","previousCounter":0,"rootKey":"9FiVoHamCQfZWDDuA/JNXvhx9/987wWhjiMjS7eBJbg="},"indexInfo":{"baseKey":"BWj6XdnJFLhuCjse8rjOBaAsHjaDCjY3eoJK9gjhw6ZW","baseKeyType":1,"closed":1686180714050,"used":1686180711777,"created":1686180711777,"remoteIdentityKey":"BUai0pBnkEjUTUvzDcGXOOPwEMW2br9UClNadJfuqZlY"},"_chains":{"BWGQY+ml8L3VzRLxPDrpCcLWkhreM2MWiGF8m/V8iU0m":{"chainKey":{"counter":0,"key":"HsRaz37Vj0HtG2yXNziq4Iq5cQso5Py51mIxWkMfW+o="},"chainType":1,"messageKeys":{}}},"pendingPreKey":{"signedKeyId":0,"baseKey":"BWj6XdnJFLhuCjse8rjOBaAsHjaDCjY3eoJK9gjhw6ZW","preKeyId":10193799}},"BeTyi2yDbjoKv0UtgErswR1Om0TxOjVPVBwXKF4YBGJk":{"registrationId":2047582717,"currentRatchet":{"ephemeralKeyPair":{"pubKey":"BfhIFAXApCLZeShTkC6Mn0REhxXQCLHUfJKa9v9ceIlb","privKey":"QGbH8WeDdO3IZgqVpAz3Q36tIdUi6w7MRctjGY010GQ="},"lastRemoteEphemeralKey":"BVdMeoqD9FK1k8g17Tlabx5yqYd53GWFHDOPcgD9buRF","previousCounter":0,"rootKey":"7RTt4OQjtc8fAg5gaH3kUyX6DrAMSggKcorrI/hAlLE="},"indexInfo":{"baseKey":"BeTyi2yDbjoKv0UtgErswR1Om0TxOjVPVBwXKF4YBGJk","baseKeyType":1,"closed":-1,"used":1686180713879,"created":1686180713879,"remoteIdentityKey":"BUai0pBnkEjUTUvzDcGXOOPwEMW2br9UClNadJfuqZlY"},"_chains":{"BfhIFAXApCLZeShTkC6Mn0REhxXQCLHUfJKa9v9ceIlb":{"chainKey":{"counter":0,"key":"6ChaAQPBQg8Kb5DAjZk3RfMYT/gkDvEI6/z5UnHCeR8="},"chainType":1,"messageKeys":{}}},"pendingPreKey":{"signedKeyId":0,"baseKey":"BeTyi2yDbjoKv0UtgErswR1Om0TxOjVPVBwXKF4YBGJk","preKeyId":10193502}}},"version":"v1"}