{"_sessions":{"BbxhAWnki/7iKmamxulUnSgWYPYV7O4mfl69sdCAoncR":{"registrationId":1052407387,"currentRatchet":{"ephemeralKeyPair":{"pubKey":"BX4VOSNcFWrdkOgM2OiXY8qYEt/JDA2M2Sd4gouTSjEj","privKey":"0O93jzp04hx3s0WNVgMZPli4QVj1XqyRAw+Vr/xtJG4="},"lastRemoteEphemeralKey":"Be1qK4zVxH2bySDF3DfHefas81DxiOYcIX/T83YNQHkG","previousCounter":0,"rootKey":"CtZfRMvzY7aECZoOyOBoDmv3pOprodW7EogvNVdUsss="},"indexInfo":{"baseKey":"BbxhAWnki/7iKmamxulUnSgWYPYV7O4mfl69sdCAoncR","baseKeyType":2,"closed":-1,"used":1686212647995,"created":1686212647995,"remoteIdentityKey":"BXMI7uJjEr5t+k258JM2r6zOr7kWIH/K6WWL0U4LpMkG"},"_chains":{"Be1qK4zVxH2bySDF3DfHefas81DxiOYcIX/T83YNQHkG":{"chainKey":{"counter":3,"key":"EbSrrXnTfSjsrTzPP8DnU/QeS+GoW1Hp9DVLILIqFHs="},"chainType":2,"messageKeys":{}},"BX4VOSNcFWrdkOgM2OiXY8qYEt/JDA2M2Sd4gouTSjEj":{"chainKey":{"counter":-1,"key":"LtGz11aNpGrluwN5fQQ4y9w2rKKqSE5AuhFoV9hcJDY="},"chainType":1,"messageKeys":{}}}}},"version":"v1"}