{"_sessions":{"BVOT1Eqt7maQfMsoQ0FUcSFtAA2ALW74S66h7c5Y81g7":{"registrationId":612583885,"currentRatchet":{"ephemeralKeyPair":{"pubKey":"BZ3+CfkuBO0pFaz+MTnY4H1cq3wJjMCrENskg6QljEJ5","privKey":"AEUzxJ3uYi+J2VuUqJQSCDpMtGQTCk71TOtmOLgQiVs="},"lastRemoteEphemeralKey":"Be1/uYbs5ZK722l3/7am59BB3iExK2+WwC60x6NMuLBv","previousCounter":0,"rootKey":"cXjVjcVOLTTfu8WySib6Tqd7jv7ebxkgvF1bUOKeJPg="},"indexInfo":{"baseKey":"BVOT1Eqt7maQfMsoQ0FUcSFtAA2ALW74S66h7c5Y81g7","baseKeyType":1,"closed":1686180714049,"used":1686180711513,"created":1686180711513,"remoteIdentityKey":"BcyD1D5qtIRcohDBQT2BR8cN/qf9gb5klMdOWTzj88Zr"},"_chains":{"BZ3+CfkuBO0pFaz+MTnY4H1cq3wJjMCrENskg6QljEJ5":{"chainKey":{"counter":0,"key":"RZ+/AgAjkJPS3ctjv2ERIAbDuQ974Wrf4F9EBXaNB7E="},"chainType":1,"messageKeys":{}}},"pendingPreKey":{"signedKeyId":0,"baseKey":"BVOT1Eqt7maQfMsoQ0FUcSFtAA2ALW74S66h7c5Y81g7"}},"BVUYb4CgR7Wzr4MUwEavzM3Z7QYJ3dDODdb7x1sznyQm":{"registrationId":612583885,"currentRatchet":{"ephemeralKeyPair":{"pubKey":"BTUkoldGAo86EfxkmGER7fPBIEzqiv6F9ji3z76+f7RB","privKey":"CPC/kmRKLuoSYhyN1Ok6tZgdql7eBdaeVAsGlNt9VHo="},"lastRemoteEphemeralKey":"Be1/uYbs5ZK722l3/7am59BB3iExK2+WwC60x6NMuLBv","previousCounter":0,"rootKey":"t+5Q2+vII0528DATfMkgHnX421ySZmOy4kD/dXvQRfo="},"indexInfo":{"baseKey":"BVUYb4CgR7Wzr4MUwEavzM3Z7QYJ3dDODdb7x1sznyQm","baseKeyType":1,"closed":-1,"used":1686180713455,"created":1686180713455,"remoteIdentityKey":"BcyD1D5qtIRcohDBQT2BR8cN/qf9gb5klMdOWTzj88Zr"},"_chains":{"BTUkoldGAo86EfxkmGER7fPBIEzqiv6F9ji3z76+f7RB":{"chainKey":{"counter":0,"key":"8zAyjPzFTaPLpgncfVWm7z5naPyOiV0StX4c0PRIagM="},"chainType":1,"messageKeys":{}}},"pendingPreKey":{"signedKeyId":0,"baseKey":"BVUYb4CgR7Wzr4MUwEavzM3Z7QYJ3dDODdb7x1sznyQm"}}},"version":"v1"}