{"_sessions":{"BWnKE/ppBrabqUmyJ0LvS82A9FbQ2am4s3kWXZaqdVIx":{"registrationId":1632631623,"currentRatchet":{"ephemeralKeyPair":{"pubKey":"BSi/a71dAYLnQvL0zx6Opp1d2K3xBtg4KTA8MyunOKAT","privKey":"KF1MLx+34WTP+sfbb2nxYj+lezNdZjn7ErRjygh0AGI="},"lastRemoteEphemeralKey":"BdrfFOPSPToxrZGYnInc/Q/Gh+EQqRzbVAyvkCO+IGkt","previousCounter":0,"rootKey":"2zh+5G+pqWhd/Y6nbMNMio0gwsBHo+QzPKTUlVcaBuY="},"indexInfo":{"baseKey":"BWnKE/ppBrabqUmyJ0LvS82A9FbQ2am4s3kWXZaqdVIx","baseKeyType":1,"closed":1686180714049,"used":1686180711599,"created":1686180711599,"remoteIdentityKey":"Bcv2btwFzVYnYblkcjAiUMZd06DxFjxyXRvbCHvqrncz"},"_chains":{"BSi/a71dAYLnQvL0zx6Opp1d2K3xBtg4KTA8MyunOKAT":{"chainKey":{"counter":0,"key":"KeLpKSkI5DFAl0olPxo+u2L5yiu26wHVU09zR750jRY="},"chainType":1,"messageKeys":{}}},"pendingPreKey":{"signedKeyId":0,"baseKey":"BWnKE/ppBrabqUmyJ0LvS82A9FbQ2am4s3kWXZaqdVIx"}},"BRrtDay5V7a5GchWoOSVtGYxB5rVqNBS1njAjoPm9A4T":{"registrationId":1632631623,"currentRatchet":{"ephemeralKeyPair":{"pubKey":"BbQ4TTJq+W9zY4FTKGEPtXjjKb4N1xrA8g+RXSpV3Ig0","privKey":"2BbFD/y2Sb7GIlj5OWkvJc7vVkJWYOsoKCoJNnJTpkE="},"lastRemoteEphemeralKey":"BdrfFOPSPToxrZGYnInc/Q/Gh+EQqRzbVAyvkCO+IGkt","previousCounter":0,"rootKey":"+3K5o8WMM3DUBq2asAm1vevIcTufZHjLv8gOH36bBv0="},"indexInfo":{"baseKey":"BRrtDay5V7a5GchWoOSVtGYxB5rVqNBS1njAjoPm9A4T","baseKeyType":1,"closed":-1,"used":1686180713523,"created":1686180713523,"remoteIdentityKey":"Bcv2btwFzVYnYblkcjAiUMZd06DxFjxyXRvbCHvqrncz"},"_chains":{"BbQ4TTJq+W9zY4FTKGEPtXjjKb4N1xrA8g+RXSpV3Ig0":{"chainKey":{"counter":0,"key":"/7Eg/wYy7s2bmvw/quR9J4whRnJSMnlFLZAOvT3y46Q="},"chainType":1,"messageKeys":{}}},"pendingPreKey":{"signedKeyId":0,"baseKey":"BRrtDay5V7a5GchWoOSVtGYxB5rVqNBS1njAjoPm9A4T"}}},"version":"v1"}