{"_sessions":{"BU4Jj2qzS+0x6hHEYPeNxfVKV9G0hwzT1yWnhQdCMH0W":{"registrationId":1864805647,"currentRatchet":{"ephemeralKeyPair":{"pubKey":"BebVqK3UTJEG3z9hoB2DXqnSzKC62rpfXJMbCWsaag0q","privKey":"yAE853GTEwNw2FOccRPMbg455bqKcbcpakU0sastL0c="},"lastRemoteEphemeralKey":"BYqtOiW4jksOhUgmTdSmE1THJEkl9ETzn9HwriVSoisd","previousCounter":0,"rootKey":"WXE4sfcv6QPVILJlNqCFc1mMyx4NmbS5HnbcaLdFw2I="},"indexInfo":{"baseKey":"BU4Jj2qzS+0x6hHEYPeNxfVKV9G0hwzT1yWnhQdCMH0W","baseKeyType":2,"closed":-1,"used":1686294349191,"created":1686294349191,"remoteIdentityKey":"BcbaQNcHaDD8da7Lar4dMLNs06Gd/vpEoJgMgIBeb5EO"},"_chains":{"BYqtOiW4jksOhUgmTdSmE1THJEkl9ETzn9HwriVSoisd":{"chainKey":{"counter":1,"key":"NMaQfohwBndhceYB3/gLzRec/qlKJDFUacirKo4Bl2U="},"chainType":2,"messageKeys":{}},"BebVqK3UTJEG3z9hoB2DXqnSzKC62rpfXJMbCWsaag0q":{"chainKey":{"counter":-1,"key":"HUD/rQ8w3AhtXcJ8FyBxmuxg2lv7tazhXOoaP5I49b8="},"chainType":1,"messageKeys":{}}}}},"version":"v1"}