{"_sessions":{"BX4kas4V4MmV4z7oh4fBnSei7tKJDleTsuGHo8xj4XEV":{"registrationId":197,"currentRatchet":{"ephemeralKeyPair":{"pubKey":"BWpQNpXZQQEpa603Q5ETiHNHii45RQJiXp/92WRAyJBZ","privKey":"gM786ZV+vrkveU3SwG8tEtPmezw98YZPnUopFp40R0U="},"lastRemoteEphemeralKey":"BakWArhNRKALq9vb/29wZ1dHeGaisCfrjg23bJSAqMYM","previousCounter":0,"rootKey":"P/UKVPPQPjt5Kll1nMNV0Pu3pHr/Hz4JjfsCunG0AEE="},"indexInfo":{"baseKey":"BX4kas4V4MmV4z7oh4fBnSei7tKJDleTsuGHo8xj4XEV","baseKeyType":1,"closed":1686180714048,"used":1686180711337,"created":1686180711337,"remoteIdentityKey":"BdFJzohIi5/vRrEp1pQUB/GUoS1HfYdqWX1LhKVktRVb"},"_chains":{"BWpQNpXZQQEpa603Q5ETiHNHii45RQJiXp/92WRAyJBZ":{"chainKey":{"counter":0,"key":"kU8cg3H31l6VUfVewwybNVZdh8i7XSzE8YVMPO545EM="},"chainType":1,"messageKeys":{}}},"pendingPreKey":{"signedKeyId":1,"baseKey":"BX4kas4V4MmV4z7oh4fBnSei7tKJDleTsuGHo8xj4XEV"}},"Ba9z3Su4sxuDrekA4g2Tj/V97BzUcxFYMSA9CGyFkl0E":{"registrationId":197,"currentRatchet":{"ephemeralKeyPair":{"pubKey":"BXA+rqlyr/tdhUwjgxJ2tdMIG0a5e4dnJyFEVaeJB5cX","privKey":"KJ/fsRLJbihVY1EudJi6LDe5Ifwpef+fNAT2MDaa1FY="},"lastRemoteEphemeralKey":"BfrYn2QTGZhhS97fIhlOwy7K5i9RLBGq2Fu2QbkaqGJ6","previousCounter":0,"rootKey":"1UulHInRgu4Ubt1qbBJjGz/kzipDAElTsSeFeRVWqEM="},"indexInfo":{"baseKey":"Ba9z3Su4sxuDrekA4g2Tj/V97BzUcxFYMSA9CGyFkl0E","baseKeyType":1,"closed":-1,"used":1686184091959,"created":1686180713292,"remoteIdentityKey":"BdFJzohIi5/vRrEp1pQUB/GUoS1HfYdqWX1LhKVktRVb"},"_chains":{"BfrYn2QTGZhhS97fIhlOwy7K5i9RLBGq2Fu2QbkaqGJ6":{"chainKey":{"counter":0,"key":"pkjnh77BBYvfe1KUBOyvQk2D6JAuuqEi2Pqnip4jLrY="},"chainType":2,"messageKeys":{}},"BXA+rqlyr/tdhUwjgxJ2tdMIG0a5e4dnJyFEVaeJB5cX":{"chainKey":{"counter":-1,"key":"Do6GWpw6oi8ur8yVbwV2DhO9IHyAngwHRnkwEzOQYWw="},"chainType":1,"messageKeys":{}}}}},"version":"v1"}