{"_sessions":{"BTwhkQWy382XMTzkM7Xk1tGdzdGGT4guXxEUc97wA+E6":{"registrationId":1922684107,"currentRatchet":{"ephemeralKeyPair":{"pubKey":"BTukytgHWABG4+oq5KMETD62TuSp6N+c6qt2K19ytrwm","privKey":"mFSgyPXmRaAOixExaV3uqQTcEkkYKERAletIlLNcImM="},"lastRemoteEphemeralKey":"BY+v7c/U0gOJel4wP/3ksTdpHSMXMoq6AnrMdMzhUVR1","previousCounter":0,"rootKey":"mKc731KnMihs+iuxAGSHJqcuHpPnXPGRrRquswyh+Bc="},"indexInfo":{"baseKey":"BTwhkQWy382XMTzkM7Xk1tGdzdGGT4guXxEUc97wA+E6","baseKeyType":2,"closed":-1,"used":1686291733989,"created":1686291733989,"remoteIdentityKey":"BfTXlgd1/sKsGk92iwrYB8yOIiP+3ek9J9TW+8Bpp+5O"},"_chains":{"BY+v7c/U0gOJel4wP/3ksTdpHSMXMoq6AnrMdMzhUVR1":{"chainKey":{"counter":3,"key":"lQQG8Q00NSLQaz9BqC9f/NHyQe6yHMY6f4yKkDFWZRM="},"chainType":2,"messageKeys":{}},"BTukytgHWABG4+oq5KMETD62TuSp6N+c6qt2K19ytrwm":{"chainKey":{"counter":-1,"key":"G0gGu1kR4i8tm4X5Z0QbTJBWBAvstF+N0Rr3GTUN42s="},"chainType":1,"messageKeys":{}}}}},"version":"v1"}