{"_sessions":{"BW9ZLnzzK53ATypOnzafo3Bo+P6wwXKHBhDdkGJXkuU1":{"registrationId":1328744718,"currentRatchet":{"ephemeralKeyPair":{"pubKey":"BaWr9kxl+mX2gWqi8wQJSsTDq8zzkqSpPqvI8qtDA1Mo","privKey":"4HVphkqf+J7mN4DD/V7rvbX0T3+5ajxrTUNPXUswvHI="},"lastRemoteEphemeralKey":"BXjtCqkKuEKOOKOvxePoLFAvjI+X/GJFiuBlHMzD4gN1","previousCounter":0,"rootKey":"ls6KOgEgCm+nbdKipBFtw8ega1hTJU7ExBEXIKAaDPY="},"indexInfo":{"baseKey":"BW9ZLnzzK53ATypOnzafo3Bo+P6wwXKHBhDdkGJXkuU1","baseKeyType":1,"closed":1686180714049,"used":1686180711449,"created":1686180711449,"remoteIdentityKey":"BQ0Ts8ojmWfn8TbhqFKP2k3ismOF1Tc2jZS2hqgUHNMm"},"_chains":{"BaWr9kxl+mX2gWqi8wQJSsTDq8zzkqSpPqvI8qtDA1Mo":{"chainKey":{"counter":0,"key":"j+41ac17empsraJP/c6jx7j3qf3AhbwVQapkBuqDUTQ="},"chainType":1,"messageKeys":{}}},"pendingPreKey":{"signedKeyId":7,"baseKey":"BW9ZLnzzK53ATypOnzafo3Bo+P6wwXKHBhDdkGJXkuU1"}},"BSoVnZ3aczLVmt7V1CjMVh9e9b69Dnz/RIS8S2ywVBEq":{"registrationId":1328744718,"currentRatchet":{"ephemeralKeyPair":{"pubKey":"BVzFwUcgJ2tjHfsxdR2L/AJNMvzgRjj6sHqJz3TXfyYo","privKey":"UImlQLReNTI1ieSX1iGAUGwc/lk3Tzt7TDiapKuS7Hc="},"lastRemoteEphemeralKey":"BXjtCqkKuEKOOKOvxePoLFAvjI+X/GJFiuBlHMzD4gN1","previousCounter":0,"rootKey":"gkQIh2RqwPwmPpl8OQAjLUeevVSW/PtDTWyMw/8QQAM="},"indexInfo":{"baseKey":"BSoVnZ3aczLVmt7V1CjMVh9e9b69Dnz/RIS8S2ywVBEq","baseKeyType":1,"closed":-1,"used":1686180713395,"created":1686180713395,"remoteIdentityKey":"BQ0Ts8ojmWfn8TbhqFKP2k3ismOF1Tc2jZS2hqgUHNMm"},"_chains":{"BVzFwUcgJ2tjHfsxdR2L/AJNMvzgRjj6sHqJz3TXfyYo":{"chainKey":{"counter":0,"key":"hhXPjpIPIvX7HiDVCvZCaRR9mUF//5Ptu00FiDAxOvA="},"chainType":1,"messageKeys":{}}},"pendingPreKey":{"signedKeyId":7,"baseKey":"BSoVnZ3aczLVmt7V1CjMVh9e9b69Dnz/RIS8S2ywVBEq"}}},"version":"v1"}