{"_sessions":{"BScJi6W3o1k6nRXl22h/eUv7RWGxqTczSyMbzZm/1pV/":{"registrationId":1557289218,"currentRatchet":{"ephemeralKeyPair":{"pubKey":"BcypHfdyrdHSwZmWJ5bUm2IBTRXJlHh33N5D8xzYCGws","privKey":"mPOFvcW88ZIhWHIbwJIwaJAfi3KTUBZwXWXwJg5mWUU="},"lastRemoteEphemeralKey":"BTh4LITTYNxScLWM5+kXXoXaAEFsMNN6N84fOCidyuMH","previousCounter":0,"rootKey":"SO4L092ToDT5ep3ena9eCTpyy4a7GJCaTPFSNPVEaTU="},"indexInfo":{"baseKey":"BScJi6W3o1k6nRXl22h/eUv7RWGxqTczSyMbzZm/1pV/","baseKeyType":1,"closed":1686180714050,"used":1686180711774,"created":1686180711774,"remoteIdentityKey":"BbriHw6BJHT/2eUfgy0OAebpUDvfGF9hfON4vcwnPW0Y"},"_chains":{"BcypHfdyrdHSwZmWJ5bUm2IBTRXJlHh33N5D8xzYCGws":{"chainKey":{"counter":0,"key":"qHrJF0g6R89O4izbYCMYCTdmgijYMPaFQ+KY1wJy788="},"chainType":1,"messageKeys":{}}},"pendingPreKey":{"signedKeyId":4,"baseKey":"BScJi6W3o1k6nRXl22h/eUv7RWGxqTczSyMbzZm/1pV/","preKeyId":10546894}},"BWew19YjZF8QaTUwd4vCRSaZ8mry3OORFrYrmCtfOzMr":{"registrationId":1557289218,"currentRatchet":{"ephemeralKeyPair":{"pubKey":"BeJPXxDiev4JECWxH1Lq5ZF4cUqWzh9TGctPVXfkJTky","privKey":"mPMhd30++J9Xyefnt9Ylx84+CHm00z/Ugfi1o5EOtko="},"lastRemoteEphemeralKey":"BTh4LITTYNxScLWM5+kXXoXaAEFsMNN6N84fOCidyuMH","previousCounter":0,"rootKey":"EsUAbrs3alK3xKVOP+OI0EZF6YLkQcd/X+exON3QQag="},"indexInfo":{"baseKey":"BWew19YjZF8QaTUwd4vCRSaZ8mry3OORFrYrmCtfOzMr","baseKeyType":1,"closed":-1,"used":1686180713859,"created":1686180713859,"remoteIdentityKey":"BbriHw6BJHT/2eUfgy0OAebpUDvfGF9hfON4vcwnPW0Y"},"_chains":{"BeJPXxDiev4JECWxH1Lq5ZF4cUqWzh9TGctPVXfkJTky":{"chainKey":{"counter":0,"key":"9cgUe70KzT5PX1M8YSaId7O4pQksnicMFqLkZAXG8Ys="},"chainType":1,"messageKeys":{}}},"pendingPreKey":{"signedKeyId":4,"baseKey":"BWew19YjZF8QaTUwd4vCRSaZ8mry3OORFrYrmCtfOzMr","preKeyId":10547290}}},"version":"v1"}