{"_sessions":{"BcnUkSrrStgdJKhhpbqHuKvZKUDV01YMCAuNVTDcTqVF":{"registrationId":222565377,"currentRatchet":{"ephemeralKeyPair":{"pubKey":"Bc5YZIBonpMYqvbUq4Mu+Vk/iXCUGmV6zg7cwod37/hD","privKey":"EITX6fa5ydZjCYguebQ8AWg0LrgKqbJU0pIFJYaYQG4="},"lastRemoteEphemeralKey":"BSV9qVmlODXUOurkseYL8tY6Mu3AIRf/58QkCAsZgpZ5","previousCounter":0,"rootKey":"s8kwzdAc79EtfAEDNYgvRLSnyMmrITMPypbJAGc6zNg="},"indexInfo":{"baseKey":"BcnUkSrrStgdJKhhpbqHuKvZKUDV01YMCAuNVTDcTqVF","baseKeyType":2,"closed":-1,"used":1686200995968,"created":1686200995968,"remoteIdentityKey":"BTjD147ty4ZyB5Qg1/5a+gikaua46Ds0fBSkshe46yIa"},"_chains":{"BSV9qVmlODXUOurkseYL8tY6Mu3AIRf/58QkCAsZgpZ5":{"chainKey":{"counter":7,"key":"phncVCoUbHe0A09T6iNh0ViXNTU9lLmYgL4IRMXcnEo="},"chainType":2,"messageKeys":{}},"Bc5YZIBonpMYqvbUq4Mu+Vk/iXCUGmV6zg7cwod37/hD":{"chainKey":{"counter":-1,"key":"lqT42pRKVFhQ8VWlP2RSi8jSsbxbMl+rM7/xpVvGQ/U="},"chainType":1,"messageKeys":{}}}}},"version":"v1"}