{"_sessions":{"BQHkWV4dvltMhJ9SO7iK/GPCyV44nsb0GZt4TQA08oVk":{"registrationId":1456746086,"currentRatchet":{"ephemeralKeyPair":{"pubKey":"BfvijY3hjoRRTxTzRaqS0VmeIjjHJr84RNxCFQX0mG99","privKey":"AHkNdRbS90e6sfpnq+R7eT4LMxBoiHSaQfk5QKoYo3U="},"lastRemoteEphemeralKey":"BS83nVH5Slkk1aII7SWdbl/ym9B/QfvAv/Z5xmxEASIi","previousCounter":0,"rootKey":"bJf3swa05E8pHcLkF5tnRLkvmWoDlerq+3lDloxzoZY="},"indexInfo":{"baseKey":"BQHkWV4dvltMhJ9SO7iK/GPCyV44nsb0GZt4TQA08oVk","baseKeyType":1,"closed":1686180714050,"used":1686180711666,"created":1686180711666,"remoteIdentityKey":"BXGgEp3frd7PieQ/NatIaqpGYEV+s4zK2byu/eetn35k"},"_chains":{"BfvijY3hjoRRTxTzRaqS0VmeIjjHJr84RNxCFQX0mG99":{"chainKey":{"counter":0,"key":"rlbGSRzw9KxNniEh6zKM2OoPK2QD4a059kuGDiZGHeU="},"chainType":1,"messageKeys":{}}},"pendingPreKey":{"signedKeyId":26,"baseKey":"BQHkWV4dvltMhJ9SO7iK/GPCyV44nsb0GZt4TQA08oVk","preKeyId":5976703}},"Bb/iqFNSrLJR4bTYEK4mTFjPCcv8goekJxxbz98D/aVX":{"registrationId":1456746086,"currentRatchet":{"ephemeralKeyPair":{"pubKey":"BXoV3cEtDpSiKeYfNkES3ZDP1tBxYp8kmseMd1CS3Hlr","privKey":"wGavi7BIuSyIwkNDul08WGu5Oh2QlzqV0nW9QduoMno="},"lastRemoteEphemeralKey":"BS83nVH5Slkk1aII7SWdbl/ym9B/QfvAv/Z5xmxEASIi","previousCounter":0,"rootKey":"K8dtbrMKAHHvmiv69kEXXNr31v24kejvW531jxu97wE="},"indexInfo":{"baseKey":"Bb/iqFNSrLJR4bTYEK4mTFjPCcv8goekJxxbz98D/aVX","baseKeyType":1,"closed":-1,"used":1686180713597,"created":1686180713597,"remoteIdentityKey":"BXGgEp3frd7PieQ/NatIaqpGYEV+s4zK2byu/eetn35k"},"_chains":{"BXoV3cEtDpSiKeYfNkES3ZDP1tBxYp8kmseMd1CS3Hlr":{"chainKey":{"counter":0,"key":"lqCqcTynnYEln6ONYWdqlhKYbXHePczXD8JukLJqb2g="},"chainType":1,"messageKeys":{}}},"pendingPreKey":{"signedKeyId":26,"baseKey":"Bb/iqFNSrLJR4bTYEK4mTFjPCcv8goekJxxbz98D/aVX","preKeyId":5977167}}},"version":"v1"}