{"_sessions":{"BYB+AAyrxtiD9QWQDba+TS30pozrWw8eAsvnDWZNhVhI":{"registrationId":1276393115,"currentRatchet":{"ephemeralKeyPair":{"pubKey":"BTA5saN9aNbcAfTyTLupTGJNlxS/CPeSfQ2TSNdhU75/","privKey":"SKPana5N2i0SIiAXhhPG+gGwz91v2t6EjfNVfea6w1k="},"lastRemoteEphemeralKey":"BeLzJ313tCGwDnCoH97V+p7bqRsTtCT9kYCQy1aRVsIF","previousCounter":0,"rootKey":"EM/HpPYWwtbOGmlR2yXOCA7qid+RdC66tt4VUE4QIo0="},"indexInfo":{"baseKey":"BYB+AAyrxtiD9QWQDba+TS30pozrWw8eAsvnDWZNhVhI","baseKeyType":2,"closed":-1,"used":1686188459947,"created":1686188459947,"remoteIdentityKey":"BQimIL5ng1UYWynz8Jij/OEQLWGciJArV6mBmEqPx5Iz"},"_chains":{"BeLzJ313tCGwDnCoH97V+p7bqRsTtCT9kYCQy1aRVsIF":{"chainKey":{"counter":2,"key":"Rp+9PDU4yCyBew9yGV4LIF5slcz3g+NU3lZqwctSPWs="},"chainType":2,"messageKeys":{}},"BTA5saN9aNbcAfTyTLupTGJNlxS/CPeSfQ2TSNdhU75/":{"chainKey":{"counter":-1,"key":"9S5NCfCjM2LAghCP23DaeTDAUkSfhazUVH+YvZsC1Qc="},"chainType":1,"messageKeys":{}}}}},"version":"v1"}