{"_sessions":{"BQ1B9kq5NH8iiH4+N5Pjq9vapsSmGRPg3+WFLXhSCplx":{"registrationId":956827771,"currentRatchet":{"ephemeralKeyPair":{"pubKey":"BeExOon6aH3JqMGNL0WLFA+TPCmew5ixXdAOTY8+LSxo","privKey":"OBQ1Ixayd/A/6WWOjf803o9yT+y/82cQ29EVl/I0aXw="},"lastRemoteEphemeralKey":"BQvfMV/7UiVyehFoINSMLZlYAP70Su1cX9s07gg2aqFL","previousCounter":0,"rootKey":"AhYYVC3RqfRW10sqXZ0k+piTN5AHKUEgYnNiWfSFIYA="},"indexInfo":{"baseKey":"BQ1B9kq5NH8iiH4+N5Pjq9vapsSmGRPg3+WFLXhSCplx","baseKeyType":2,"closed":-1,"used":1686207768452,"created":1686207768452,"remoteIdentityKey":"Bb7QXVL9DtGoN3lLdigqMWw+d80uCaSEtfzxLH+a09p0"},"_chains":{"BQvfMV/7UiVyehFoINSMLZlYAP70Su1cX9s07gg2aqFL":{"chainKey":{"counter":0,"key":"tYCzqAyTn6eWhzXC4sA9w5896pE0JuUQo0qQiyHi+ZQ="},"chainType":2,"messageKeys":{}},"BeExOon6aH3JqMGNL0WLFA+TPCmew5ixXdAOTY8+LSxo":{"chainKey":{"counter":-1,"key":"/t3TMr+zLcOcKrDLkX3VRxHdn5U7XBpmxScKjjR0xrc="},"chainType":1,"messageKeys":{}}}}},"version":"v1"}