{"_sessions":{"Be6cd9wxL9PzfsN9hLOhrMI0td8m/ouLpxrU3f8tq8dc":{"registrationId":1163202097,"currentRatchet":{"ephemeralKeyPair":{"pubKey":"BQD0EyzyTcQYdcckV6vn1EGPdG+9H7RJh/fxu25i+Y8y","privKey":"8BjtXXuIObDSKKpZz9zc5yEUHIHH+Rbxtr8nC5zzZkA="},"lastRemoteEphemeralKey":"BZZ9A1xBATc04kWJNxI5AFyYcPTh4IcW4sFS54pMCggL","previousCounter":0,"rootKey":"jcNHJ3bjhl5owX9rbvk+S3vq1yujHPJaz4ctkf+NCd4="},"indexInfo":{"baseKey":"Be6cd9wxL9PzfsN9hLOhrMI0td8m/ouLpxrU3f8tq8dc","baseKeyType":1,"closed":1686180714049,"used":1686180711470,"created":1686180711470,"remoteIdentityKey":"BfKKKI1pYtn7DAnHpyxRuwIqcAJc7y85Rq2CVh5fRW42"},"_chains":{"BQD0EyzyTcQYdcckV6vn1EGPdG+9H7RJh/fxu25i+Y8y":{"chainKey":{"counter":0,"key":"/P6QSmv/3C/Mgl3kuHLU35On6DKe9HwQ/B12rDN6yNA="},"chainType":1,"messageKeys":{}}},"pendingPreKey":{"signedKeyId":1,"baseKey":"Be6cd9wxL9PzfsN9hLOhrMI0td8m/ouLpxrU3f8tq8dc","preKeyId":16139303}},"BTj55sOOwmALELreFvEkrvjzh5ltZdisrYYUQ+JUs1w3":{"registrationId":1163202097,"currentRatchet":{"ephemeralKeyPair":{"pubKey":"BTd7PTx8Llc3xgdaPAZa3VyQkIpnduTQpcQ2IMtk0AZU","privKey":"yMtY8TLIdWb7TksSPi3hmC0YXzli6xOaCjYSWM1UpV8="},"lastRemoteEphemeralKey":"BZZ9A1xBATc04kWJNxI5AFyYcPTh4IcW4sFS54pMCggL","previousCounter":0,"rootKey":"lgkfsdaFqzjm1AeDkv2TcJYbgBWxvUtcuvFCjPm5FgY="},"indexInfo":{"baseKey":"BTj55sOOwmALELreFvEkrvjzh5ltZdisrYYUQ+JUs1w3","baseKeyType":1,"closed":-1,"used":1686180713414,"created":1686180713414,"remoteIdentityKey":"BfKKKI1pYtn7DAnHpyxRuwIqcAJc7y85Rq2CVh5fRW42"},"_chains":{"BTd7PTx8Llc3xgdaPAZa3VyQkIpnduTQpcQ2IMtk0AZU":{"chainKey":{"counter":0,"key":"8x+ZAkCoY8HXRPYwZVXVS0dXeM4Awl00wIxHng552AQ="},"chainType":1,"messageKeys":{}}},"pendingPreKey":{"signedKeyId":1,"baseKey":"BTj55sOOwmALELreFvEkrvjzh5ltZdisrYYUQ+JUs1w3","preKeyId":16139941}}},"version":"v1"}