{"_sessions":{"BbrdJSHg8bJ+h6OFE7opjRY84hutHsE1ABRFGXDqg88T":{"registrationId":1646181745,"currentRatchet":{"ephemeralKeyPair":{"pubKey":"BfZypfAdH/SNGmjSeKHOxpUYeWUW9DLVvRuqYpSrJ+Ea","privKey":"MEygBo0tXd7UUZzUbmsqOVXiocIdQqRm6/EBMkfzgnw="},"lastRemoteEphemeralKey":"BaJ/9IGZOVgTW6bS7Eb85mNuoshbAjPbX1QuGlTPUUIf","previousCounter":0,"rootKey":"1RMhqmz/+xc2CQ79P+iBFo/XssfJVvMlMX5tlGNFPTE="},"indexInfo":{"baseKey":"BbrdJSHg8bJ+h6OFE7opjRY84hutHsE1ABRFGXDqg88T","baseKeyType":1,"closed":1686180714049,"used":1686180711602,"created":1686180711602,"remoteIdentityKey":"Bf/N88XyjDoTSN7mMDJANxQuNu9tByxuxe4oNE8XTH9D"},"_chains":{"BfZypfAdH/SNGmjSeKHOxpUYeWUW9DLVvRuqYpSrJ+Ea":{"chainKey":{"counter":0,"key":"TF8tBf6I3cA9d8ivGeBwtMs1YzKJoNgw4JDppgOT77U="},"chainType":1,"messageKeys":{}}},"pendingPreKey":{"signedKeyId":0,"baseKey":"BbrdJSHg8bJ+h6OFE7opjRY84hutHsE1ABRFGXDqg88T","preKeyId":2214445}},"BS3QDykRb8RLEdJKw0QcxI5AdSAXfpUH2VCVmXAv+/tW":{"registrationId":1646181745,"currentRatchet":{"ephemeralKeyPair":{"pubKey":"BaueaFkQthtVE3u1Kw6GytlPoSFNw2YuR6E3zH9sw49h","privKey":"cEtQP+1Nk/NxkbAPT73jv8/t5Dd1L4CLuWUkAm5H8Ek="},"lastRemoteEphemeralKey":"BaJ/9IGZOVgTW6bS7Eb85mNuoshbAjPbX1QuGlTPUUIf","previousCounter":0,"rootKey":"I5Q0UaJ3MaVbP8NEJ0R1ytUdL9y9eHTJbXql3V7zSnA="},"indexInfo":{"baseKey":"BS3QDykRb8RLEdJKw0QcxI5AdSAXfpUH2VCVmXAv+/tW","baseKeyType":1,"closed":-1,"used":1686180713527,"created":1686180713527,"remoteIdentityKey":"Bf/N88XyjDoTSN7mMDJANxQuNu9tByxuxe4oNE8XTH9D"},"_chains":{"BaueaFkQthtVE3u1Kw6GytlPoSFNw2YuR6E3zH9sw49h":{"chainKey":{"counter":0,"key":"q2J6WgTUgFn8WaC1hcuGsd98kTp2UUM0i001og76OP0="},"chainType":1,"messageKeys":{}}},"pendingPreKey":{"signedKeyId":0,"baseKey":"BS3QDykRb8RLEdJKw0QcxI5AdSAXfpUH2VCVmXAv+/tW","preKeyId":2214480}}},"version":"v1"}