{"_sessions":{"BfxP9eAK5/+72FO/jc7LExckmknfw43pJO0W14tS6bw6":{"registrationId":279722019,"currentRatchet":{"ephemeralKeyPair":{"pubKey":"BZikZmRxkGiazqBqTrghZvGel0MeieJFxgz10BBgR1MC","privKey":"WGRva4aO7VMntQbnbYR2gdj104Kl/vRuaf8f5pkX3EA="},"lastRemoteEphemeralKey":"BQ9VlDx8ZeLEsCdRrPyBk7jF6Nyb8y3xPxRJDf+Btp8Z","previousCounter":0,"rootKey":"t+hGfGCKKoR+pmTG5/m+B3pr+nuqxY+oY3iXzuT5t3Q="},"indexInfo":{"baseKey":"BfxP9eAK5/+72FO/jc7LExckmknfw43pJO0W14tS6bw6","baseKeyType":1,"closed":1686180714048,"used":1686180711313,"created":1686180711313,"remoteIdentityKey":"BbAjJor173IDx5DpfP5Yddnu5zwEZxZoowhYgvi2FVps"},"_chains":{"BZikZmRxkGiazqBqTrghZvGel0MeieJFxgz10BBgR1MC":{"chainKey":{"counter":0,"key":"Ekt7H140QeVtJqSCYaPzjAqJmwsow5kW679prvnf0c8="},"chainType":1,"messageKeys":{}}},"pendingPreKey":{"signedKeyId":1,"baseKey":"BfxP9eAK5/+72FO/jc7LExckmknfw43pJO0W14tS6bw6","preKeyId":3821001}},"BYUj2NujguR4voq/482Ro1cdAq5wnd2C/Yoj7/0fTBQm":{"registrationId":279722019,"currentRatchet":{"ephemeralKeyPair":{"pubKey":"BRK2HODlQ6+z6myLhYQUroeFT4ALzzKusLcV15ihhgBI","privKey":"IDUvDrJp3BR9nQMs8Zdbdydq5+IsztlM02Pqot+5zUE="},"lastRemoteEphemeralKey":"BQ9VlDx8ZeLEsCdRrPyBk7jF6Nyb8y3xPxRJDf+Btp8Z","previousCounter":0,"rootKey":"emx6rBVSNi5f1yvri631mSS8NaDKXbCcY7kKPEU+TB8="},"indexInfo":{"baseKey":"BYUj2NujguR4voq/482Ro1cdAq5wnd2C/Yoj7/0fTBQm","baseKeyType":1,"closed":-1,"used":1686180713268,"created":1686180713268,"remoteIdentityKey":"BbAjJor173IDx5DpfP5Yddnu5zwEZxZoowhYgvi2FVps"},"_chains":{"BRK2HODlQ6+z6myLhYQUroeFT4ALzzKusLcV15ihhgBI":{"chainKey":{"counter":0,"key":"bdfi4XYCWQbUH3y1Xrm2Vn2jx7mL5w4mR2hGd+YK9uo="},"chainType":1,"messageKeys":{}}},"pendingPreKey":{"signedKeyId":1,"baseKey":"BYUj2NujguR4voq/482Ro1cdAq5wnd2C/Yoj7/0fTBQm","preKeyId":3821079}}},"version":"v1"}