{"_sessions":{"BejZXT3FoMVwjWFa07LSWyoio3jEJ6dCFE+3AthsLcsq":{"registrationId":1369932169,"currentRatchet":{"ephemeralKeyPair":{"pubKey":"BWtM3ymr0VJk2c1X/9Qn0LnIg5E1xFcNKo4kkYgdIX1A","privKey":"OEo1onz7S+lvjbYrtH8SzQl5yx7C6Cu8L1t3Ru0dhng="},"lastRemoteEphemeralKey":"Bb9+SkZvHGEOFJ27Ded7/6IYKYw7QfNyFc11udTQ5mxV","previousCounter":0,"rootKey":"hKuAKgJOfqaN+LjrxRh6ksyxvVQw/q3Ewz1yHcYMCBk="},"indexInfo":{"baseKey":"BejZXT3FoMVwjWFa07LSWyoio3jEJ6dCFE+3AthsLcsq","baseKeyType":1,"closed":1686180714050,"used":1686180711718,"created":1686180711718,"remoteIdentityKey":"Bd/sB0PSS92BMeOvEjVYPE/Dz5cXaVmF893Mv++WAn8W"},"_chains":{"BWtM3ymr0VJk2c1X/9Qn0LnIg5E1xFcNKo4kkYgdIX1A":{"chainKey":{"counter":0,"key":"4xJqojnMCsAYJ4w6TlLj3GjCHjUyULSEskUWWhRcY5w="},"chainType":1,"messageKeys":{}}},"pendingPreKey":{"signedKeyId":22,"baseKey":"BejZXT3FoMVwjWFa07LSWyoio3jEJ6dCFE+3AthsLcsq","preKeyId":10020335}},"BWoDikNUz6Axxmbg9sr2bsW94LW03kfoHhZS51yICoxZ":{"registrationId":1369932169,"currentRatchet":{"ephemeralKeyPair":{"pubKey":"Bdyf9QP1ENWHyMBXD7zF9jGzjDU353GJybj6OkhKZdhh","privKey":"KG/Mxyx91V0zhPpuUZ6WhUvP6F2U6IaogVtp4+KYmXs="},"lastRemoteEphemeralKey":"Bb9+SkZvHGEOFJ27Ded7/6IYKYw7QfNyFc11udTQ5mxV","previousCounter":0,"rootKey":"pWWWCPn4viajb1r3b5sRWL88bS8WzxSchm/ada3VKnM="},"indexInfo":{"baseKey":"BWoDikNUz6Axxmbg9sr2bsW94LW03kfoHhZS51yICoxZ","baseKeyType":1,"closed":-1,"used":1686180713743,"created":1686180713743,"remoteIdentityKey":"Bd/sB0PSS92BMeOvEjVYPE/Dz5cXaVmF893Mv++WAn8W"},"_chains":{"Bdyf9QP1ENWHyMBXD7zF9jGzjDU353GJybj6OkhKZdhh":{"chainKey":{"counter":0,"key":"6A37nLrqQeGHOO1JGRVcm1pTp1Hfpjz3ULGTFq/5F1A="},"chainType":1,"messageKeys":{}}},"pendingPreKey":{"signedKeyId":22,"baseKey":"BWoDikNUz6Axxmbg9sr2bsW94LW03kfoHhZS51yICoxZ","preKeyId":10020097}}},"version":"v1"}