{"_sessions":{"BeYvg4F2KKjjGvpxAjHDTLvXURUmzwatd4dHSPYTuOUs":{"registrationId":416297926,"currentRatchet":{"ephemeralKeyPair":{"pubKey":"Bag+LQUBSNN1E+bD8C1IZWHNSZ4apyDTHT631l/BNOog","privKey":"sBgp9e/Qmm16KGGApf9LK641fcUYLQfr5SAeU8Oc23Q="},"lastRemoteEphemeralKey":"BcTaAufExoUNFGSGgmTBXvO47JfqQ99XcKGYoQVJRLY9","previousCounter":0,"rootKey":"zOGmmSNZocRQJqERp60dgDvTng+1ZHzWpiabNAwgd8g="},"indexInfo":{"baseKey":"BeYvg4F2KKjjGvpxAjHDTLvXURUmzwatd4dHSPYTuOUs","baseKeyType":2,"closed":-1,"used":1686292757433,"created":1686292757433,"remoteIdentityKey":"BV8YmjnV+FGLxEOzXsm/B2qWWHvsmxYRbpHGaSAL+l9r"},"_chains":{"BcTaAufExoUNFGSGgmTBXvO47JfqQ99XcKGYoQVJRLY9":{"chainKey":{"counter":1,"key":"p5E+nO607XdVMy4DYLxmL7azpHk4crD1GAOHDhPqrvM="},"chainType":2,"messageKeys":{}},"Bag+LQUBSNN1E+bD8C1IZWHNSZ4apyDTHT631l/BNOog":{"chainKey":{"counter":-1,"key":"rFvIacdkgfb/5Y6IQyN/X161AXWJFtKSYY8Blim7MjQ="},"chainType":1,"messageKeys":{}}}}},"version":"v1"}