{"_sessions":{"BQ5IKvVkalsIBLq0Hkv8Kc//Dq4mhcOym+Nch8acK10J":{"registrationId":607721046,"currentRatchet":{"ephemeralKeyPair":{"pubKey":"Bejh8jD63Hxh4QxduNxJk+fOv+nMq1+XXPHYg1k6ZSoP","privKey":"yJ4x3TzCJRj4nfgVLft2xN4upTChJJ0CzyRN0dL03E8="},"lastRemoteEphemeralKey":"BY/f+NKmZnUP6xzYYhfQQmxBzRlSFpcG/xDk5oGLBsBH","previousCounter":0,"rootKey":"qeaNt1eC0DiRlS+5HJ2+VFeo6JY7aXqnt59KzlQXA+U="},"indexInfo":{"baseKey":"BQ5IKvVkalsIBLq0Hkv8Kc//Dq4mhcOym+Nch8acK10J","baseKeyType":1,"closed":1686180714050,"used":1686180711690,"created":1686180711690,"remoteIdentityKey":"Bf7w/RACCLH3gV2FrI+QlBXzSDtvAiHYtuS4IZliywUq"},"_chains":{"Bejh8jD63Hxh4QxduNxJk+fOv+nMq1+XXPHYg1k6ZSoP":{"chainKey":{"counter":0,"key":"UAj00BYh1nnZ8Mz8+MJ69YoxElj+1pMlsa/emTv1IRM="},"chainType":1,"messageKeys":{}}},"pendingPreKey":{"signedKeyId":28,"baseKey":"BQ5IKvVkalsIBLq0Hkv8Kc//Dq4mhcOym+Nch8acK10J","preKeyId":2509697}},"Bf3qYUTsb6qQVzFA3jImHsACmFnvC0VoN94Yg7v5yfYL":{"registrationId":607721046,"currentRatchet":{"ephemeralKeyPair":{"pubKey":"BZBE7hAYK8hc4o/BkO+2DReK2khM3BrbN1VcZNri9+kX","privKey":"wCScMzwQl9eUguiWPJLsyxPY/r9jdtDbLMi8kEmR+lo="},"lastRemoteEphemeralKey":"BY/f+NKmZnUP6xzYYhfQQmxBzRlSFpcG/xDk5oGLBsBH","previousCounter":0,"rootKey":"COBI5C8B1ZqaMZLXtKpt8aP+CQ2NWQ3qZ6OwFw29ASc="},"indexInfo":{"baseKey":"Bf3qYUTsb6qQVzFA3jImHsACmFnvC0VoN94Yg7v5yfYL","baseKeyType":1,"closed":-1,"used":1686180713690,"created":1686180713690,"remoteIdentityKey":"Bf7w/RACCLH3gV2FrI+QlBXzSDtvAiHYtuS4IZliywUq"},"_chains":{"BZBE7hAYK8hc4o/BkO+2DReK2khM3BrbN1VcZNri9+kX":{"chainKey":{"counter":0,"key":"D+hMqfwxRbtv/zBM7SOYl5sS5m1X1xxQ/zUbmKclajs="},"chainType":1,"messageKeys":{}}},"pendingPreKey":{"signedKeyId":28,"baseKey":"Bf3qYUTsb6qQVzFA3jImHsACmFnvC0VoN94Yg7v5yfYL","preKeyId":2510365}}},"version":"v1"}