{"_sessions":{"BWKFAkm981NqCjyVzjk9t7Aia6fVvBMsXER7k7T7F7FP":{"registrationId":170725457,"currentRatchet":{"ephemeralKeyPair":{"pubKey":"BS4/1Cq7D1swCUK8oXZAx0yTJIydB8TucGIu9S5+CsN0","privKey":"CGcE5qpCgXc2AlyvSgP3wulJQXeUCkgsy7fpAuy4xWs="},"lastRemoteEphemeralKey":"Bbo2+tJeHk+SoOEcA7QlNCoNxLZGXRCUjPYU3yoxqEpo","previousCounter":0,"rootKey":"py10uM1Ck65tkyUr1cPTyteTPIXeP3LH0wUOSB4W15w="},"indexInfo":{"baseKey":"BWKFAkm981NqCjyVzjk9t7Aia6fVvBMsXER7k7T7F7FP","baseKeyType":1,"closed":1686180714049,"used":1686180711606,"created":1686180711606,"remoteIdentityKey":"BViPyk3rXNACR7H2pXPm/kM5+clclGHptrX2DD/ScMJ3"},"_chains":{"BS4/1Cq7D1swCUK8oXZAx0yTJIydB8TucGIu9S5+CsN0":{"chainKey":{"counter":0,"key":"nzHsSXHpgYTu4NoMO5a97uJfVMHxseVFqC1Rh/MjMnY="},"chainType":1,"messageKeys":{}}},"pendingPreKey":{"signedKeyId":32,"baseKey":"BWKFAkm981NqCjyVzjk9t7Aia6fVvBMsXER7k7T7F7FP"}},"BcufpD1yIC98VkIG3KQUIP00WokHszZVIGRThHtV3ssd":{"registrationId":170725457,"currentRatchet":{"ephemeralKeyPair":{"pubKey":"BYL7/aF3V+Pi/rt4pVhzoZj6VUxq0ftXDp4IOqgqxvAx","privKey":"AI+LhAuz872yqV9bkaCXd8AvC/iVb46GPfXNGtpcjk4="},"lastRemoteEphemeralKey":"Bbo2+tJeHk+SoOEcA7QlNCoNxLZGXRCUjPYU3yoxqEpo","previousCounter":0,"rootKey":"Cm1e+k2B/zCfa4g7UxPjCeLAOP0j7n0tDiuimkqaTg8="},"indexInfo":{"baseKey":"BcufpD1yIC98VkIG3KQUIP00WokHszZVIGRThHtV3ssd","baseKeyType":1,"closed":-1,"used":1686180713530,"created":1686180713530,"remoteIdentityKey":"BViPyk3rXNACR7H2pXPm/kM5+clclGHptrX2DD/ScMJ3"},"_chains":{"BYL7/aF3V+Pi/rt4pVhzoZj6VUxq0ftXDp4IOqgqxvAx":{"chainKey":{"counter":0,"key":"OBdKBkTFGnf9EtaXFE5lsH75enF2nLlDeJR+gNwvIZ4="},"chainType":1,"messageKeys":{}}},"pendingPreKey":{"signedKeyId":32,"baseKey":"BcufpD1yIC98VkIG3KQUIP00WokHszZVIGRThHtV3ssd"}}},"version":"v1"}