{"_sessions":{"BV1ToF5aRpkah5WUy9ZMAdUkgG+0vLTH8rvjr6SsdoBm":{"registrationId":1797722609,"currentRatchet":{"ephemeralKeyPair":{"pubKey":"BY50c+xcwhUZ2769VFteuzU83LwbsdBwgS+pXvEm+iUZ","privKey":"sDZYxUN/8TngXjp76ufPsl2Bn4VizZdHIch2b2o87mE="},"lastRemoteEphemeralKey":"Bc3ewQH6/FWvLhEV8bI8Wv2vKZLMiwJXbCUDnOgM7FBJ","previousCounter":0,"rootKey":"uYBLZCzLfZLVkQJ/3UZYXZ7TlBJrfRUosWVj95umbJs="},"indexInfo":{"baseKey":"BV1ToF5aRpkah5WUy9ZMAdUkgG+0vLTH8rvjr6SsdoBm","baseKeyType":2,"closed":-1,"used":1686205617868,"created":1686205617868,"remoteIdentityKey":"BSdlExxvWIR2di556pC14rqxw8akOnS2BcbuD5fhTHoV"},"_chains":{"Bc3ewQH6/FWvLhEV8bI8Wv2vKZLMiwJXbCUDnOgM7FBJ":{"chainKey":{"counter":5,"key":"8hRwA8NCtLdPBoE8X5kWP7yEowserTeGYpNS0UNYGX4="},"chainType":2,"messageKeys":{}},"BY50c+xcwhUZ2769VFteuzU83LwbsdBwgS+pXvEm+iUZ":{"chainKey":{"counter":-1,"key":"0GmAkZG7FDOD8uAehK2JbZ3c9CcQGcpZ7POzoXscF7Y="},"chainType":1,"messageKeys":{}}}}},"version":"v1"}