{"_sessions":{"BZDsARSBr/JwPPP3AC+0dj69Oj573H0gJE92SKrCtXIJ":{"registrationId":221801739,"currentRatchet":{"ephemeralKeyPair":{"pubKey":"BVUmaml/Rg20ieKWNkyEY8ZYmHfu0qJ5u5izfC47W5AH","privKey":"mK8Z/TJOGPsRe4gBTMgB7Gd2km38bsmqr6SAgxu+pX0="},"lastRemoteEphemeralKey":"BR6g1CX/GDOHIF9raqjQYV3dYuMABcUJiVWB8aoIx2wd","previousCounter":0,"rootKey":"TWeu+YiIZx7e7h6YqCTeGsTRLGbGv+dFNSoG9lSKszM="},"indexInfo":{"baseKey":"BZDsARSBr/JwPPP3AC+0dj69Oj573H0gJE92SKrCtXIJ","baseKeyType":1,"closed":1686180714049,"used":1686180711539,"created":1686180711539,"remoteIdentityKey":"BXSiPfIpJsAGmLbhPo0lrF/rFVQwJKny8Eau21h72TAl"},"_chains":{"BVUmaml/Rg20ieKWNkyEY8ZYmHfu0qJ5u5izfC47W5AH":{"chainKey":{"counter":0,"key":"XdXI3KuwlXz3Nc9Nd2LHxJhiyg2foFlBtD4ndwsqLzM="},"chainType":1,"messageKeys":{}}},"pendingPreKey":{"signedKeyId":4,"baseKey":"BZDsARSBr/JwPPP3AC+0dj69Oj573H0gJE92SKrCtXIJ","preKeyId":10125221}},"BR1XspO9gSk/ILzlBOoez9fi5luU23LinViVvft+DNNW":{"registrationId":221801739,"currentRatchet":{"ephemeralKeyPair":{"pubKey":"BelcSHr5qlsT/I0oYnXax7P5q6s9e8eTrdXx4AMEizhw","privKey":"+F98w7rNWBZyOgIhWFr0OoyAI3fyAA2T4rPE4vi/J3M="},"lastRemoteEphemeralKey":"BR6g1CX/GDOHIF9raqjQYV3dYuMABcUJiVWB8aoIx2wd","previousCounter":0,"rootKey":"8ncKW+1W+xbPFJGCIfTXBzAAPx0c7zh/tGO+bcvUO50="},"indexInfo":{"baseKey":"BR1XspO9gSk/ILzlBOoez9fi5luU23LinViVvft+DNNW","baseKeyType":1,"closed":-1,"used":1686180713474,"created":1686180713474,"remoteIdentityKey":"BXSiPfIpJsAGmLbhPo0lrF/rFVQwJKny8Eau21h72TAl"},"_chains":{"BelcSHr5qlsT/I0oYnXax7P5q6s9e8eTrdXx4AMEizhw":{"chainKey":{"counter":0,"key":"RBU9IgNwFL16cstIqKRKqVejSzwaygq6ch0uvWFn3bE="},"chainType":1,"messageKeys":{}}},"pendingPreKey":{"signedKeyId":4,"baseKey":"BR1XspO9gSk/ILzlBOoez9fi5luU23LinViVvft+DNNW","preKeyId":10125460}}},"version":"v1"}