{"_sessions":{"BSpiqM9hVUQbukpF9Ke+YWb5ygo7+d0mkheX0n0ApAsc":{"registrationId":143630180,"currentRatchet":{"ephemeralKeyPair":{"pubKey":"BZ/aW5zqJe3CR/qmGbJHzn3Gruvd9bu2GcaQZs36hvpc","privKey":"ALtYa3Xc7XyI1SEQy7nJ8xfOLi8kZbptFJeaeIykXlY="},"lastRemoteEphemeralKey":"BeNrhM8F8YKMdbY3p1f5OLR6gC+aMVo1icN0xuC4L6s3","previousCounter":0,"rootKey":"n1zNro5jEHksjCGAFaQ1MaT+1WOQ5MKWuKofvyrBlr0="},"indexInfo":{"baseKey":"BSpiqM9hVUQbukpF9Ke+YWb5ygo7+d0mkheX0n0ApAsc","baseKeyType":1,"closed":1686180714048,"used":1686180711384,"created":1686180711384,"remoteIdentityKey":"BbgXqLGuuXlAbPo3X5i+cjheWnpScrbOmv7bNP8btyUn"},"_chains":{"BZ/aW5zqJe3CR/qmGbJHzn3Gruvd9bu2GcaQZs36hvpc":{"chainKey":{"counter":0,"key":"BGZeRPHULxa45URoJEEuApyVApiT4yvfURGD3PKi9pc="},"chainType":1,"messageKeys":{}}},"pendingPreKey":{"signedKeyId":1,"baseKey":"BSpiqM9hVUQbukpF9Ke+YWb5ygo7+d0mkheX0n0ApAsc","preKeyId":16577239}},"BT+R/4lUKb1nQvcIP+rfyYYXopUkvbbx3QM4wgeP+m8u":{"registrationId":143630180,"currentRatchet":{"ephemeralKeyPair":{"pubKey":"BXSdPK93Ed5jkg2JYvuMzc5fjMhezqNl6j70r/GO6N5x","privKey":"oJt8btDwvMKw8rNL6Z1PYh0eEce2l/34blbJxEq6PUQ="},"lastRemoteEphemeralKey":"BeNrhM8F8YKMdbY3p1f5OLR6gC+aMVo1icN0xuC4L6s3","previousCounter":0,"rootKey":"ITUHhWz6xDPN8cXUaiuDcPEZ/yIUddcdfxyvK00y8Yo="},"indexInfo":{"baseKey":"BT+R/4lUKb1nQvcIP+rfyYYXopUkvbbx3QM4wgeP+m8u","baseKeyType":1,"closed":-1,"used":1686180713341,"created":1686180713341,"remoteIdentityKey":"BbgXqLGuuXlAbPo3X5i+cjheWnpScrbOmv7bNP8btyUn"},"_chains":{"BXSdPK93Ed5jkg2JYvuMzc5fjMhezqNl6j70r/GO6N5x":{"chainKey":{"counter":0,"key":"s8x29HDxTIiMXgktG2IT9VbgS+nruErb7Yun2GhLrTM="},"chainType":1,"messageKeys":{}}},"pendingPreKey":{"signedKeyId":1,"baseKey":"BT+R/4lUKb1nQvcIP+rfyYYXopUkvbbx3QM4wgeP+m8u","preKeyId":16576551}}},"version":"v1"}