{"_sessions":{"BQ6suo/4d0c5n/QK1qxWTn97BHBNO0KEgeAcCayngdcM":{"registrationId":1803834064,"currentRatchet":{"ephemeralKeyPair":{"pubKey":"BagGjJ73pqWpMsn9ZhbScGKmu5prv08IXN3fHEJGB4FG","privKey":"AA4oDua3exJjyGJz0I05PwxX1v41Z7eqMrzsenjWeW8="},"lastRemoteEphemeralKey":"BebEfT4JswhvQdv73xfST/99r3hnrqVBdlRitroQUIJ8","previousCounter":0,"rootKey":"R45oCaX4Q7I+rs56744OgfL80aTAQ8Xpm6O50RXRVSg="},"indexInfo":{"baseKey":"BQ6suo/4d0c5n/QK1qxWTn97BHBNO0KEgeAcCayngdcM","baseKeyType":2,"closed":-1,"used":1686197752125,"created":1686197752125,"remoteIdentityKey":"BbayM7+sM7Bartxzo4kk8aEVVVUIOdCbYVIV6bayh1NO"},"_chains":{"BebEfT4JswhvQdv73xfST/99r3hnrqVBdlRitroQUIJ8":{"chainKey":{"counter":1,"key":"u0GqdhXEHp3Q190okrVp6Gb1d9yH8gYQS37Ji3RD48Y="},"chainType":2,"messageKeys":{}},"BagGjJ73pqWpMsn9ZhbScGKmu5prv08IXN3fHEJGB4FG":{"chainKey":{"counter":-1,"key":"TLStNLdV1nnCIbJkE769z+Z6ifdv4jQhJDirgd9ZMng="},"chainType":1,"messageKeys":{}}}}},"version":"v1"}