{"_sessions":{"BQIL9NEPnzMOALmOQunOdzuMKT6mnDQP0Nc66JAqPRhz":{"registrationId":1516247940,"currentRatchet":{"ephemeralKeyPair":{"pubKey":"BfuHVlVglC28LMCtuwrod1RE/iSmUJ8TVXbaTKjz/Mg1","privKey":"OFiLryS8d18PJp/txpKdvHIucueiLWOc7EimwonuAEM="},"lastRemoteEphemeralKey":"BYBmpnkR9QOXxvDjff2JJ5jFlVovAPJ2+HCgKqVuOvN9","previousCounter":0,"rootKey":"up7bt+u5poSlxl+RfZP54L9sg3/Z0UANYyFXO8s0VGg="},"indexInfo":{"baseKey":"BQIL9NEPnzMOALmOQunOdzuMKT6mnDQP0Nc66JAqPRhz","baseKeyType":2,"closed":-1,"used":1686292095825,"created":1686292095825,"remoteIdentityKey":"BVCiB6NdazR8QLL5bo209/zq73wE6bQyVbkF8nNwkKsB"},"_chains":{"BYBmpnkR9QOXxvDjff2JJ5jFlVovAPJ2+HCgKqVuOvN9":{"chainKey":{"counter":2,"key":"qDSI4XVcBsVQOEcxwhazASWMazL8FG2DqeikaW1gElw="},"chainType":2,"messageKeys":{}},"BfuHVlVglC28LMCtuwrod1RE/iSmUJ8TVXbaTKjz/Mg1":{"chainKey":{"counter":-1,"key":"dE6OFC0DZmxGjgelWAYZk3L82be5y534XXWQF0stxh4="},"chainType":1,"messageKeys":{}}}}},"version":"v1"}