{"_sessions":{"BerOzG/UxaCaVph2CUOSYcI9m4B6kXKPx4j+eBPhFNER":{"registrationId":1508416287,"currentRatchet":{"ephemeralKeyPair":{"pubKey":"BVuGJ/CzKineod56koC/8zPqd+wEJrnjbPJOmJp3f3Yi","privKey":"oOzgiHxEy7SlKijUC+RRmcDdgVkUclugXFthJ78B5Ho="},"lastRemoteEphemeralKey":"Be8iv3Pq1UxpRZ8cYSSTRkEgGg0WUyfnDRAyTmzY+WAv","previousCounter":0,"rootKey":"z5V9Gqm8RMkSo4sKrFZC2iCijKxgK+IErjpqV1BX4xk="},"indexInfo":{"baseKey":"BerOzG/UxaCaVph2CUOSYcI9m4B6kXKPx4j+eBPhFNER","baseKeyType":1,"closed":1686180714048,"used":1686180711376,"created":1686180711376,"remoteIdentityKey":"Bbbm/QWgU8F6I2mME75PY7xxsXuVkAZnii/0s8uJFAoM"},"_chains":{"BVuGJ/CzKineod56koC/8zPqd+wEJrnjbPJOmJp3f3Yi":{"chainKey":{"counter":0,"key":"TYBMVgUEpAFWYx+PY5CJS8uxClKwQzsYfKP4QCi3A20="},"chainType":1,"messageKeys":{}}},"pendingPreKey":{"signedKeyId":7,"baseKey":"BerOzG/UxaCaVph2CUOSYcI9m4B6kXKPx4j+eBPhFNER","preKeyId":4315}},"BdZMJU2xrvIlDlzesCM0+ZFwp4tJr7plMswWkgqSYOJ5":{"registrationId":1508416287,"currentRatchet":{"ephemeralKeyPair":{"pubKey":"Bf3Sbd+bHy4f0ExqEWUBOfv+0NasjNCdw4kCM7y9+yZZ","privKey":"GNk9QymL5w6EDDGGgN5ewrLfFH5TmGRUfIEXPyhzsUk="},"lastRemoteEphemeralKey":"Be8iv3Pq1UxpRZ8cYSSTRkEgGg0WUyfnDRAyTmzY+WAv","previousCounter":0,"rootKey":"YTmHUNwOEbtkOFsZ/R6Bk5FIQ95EJA6hjLjkMfNTIwg="},"indexInfo":{"baseKey":"BdZMJU2xrvIlDlzesCM0+ZFwp4tJr7plMswWkgqSYOJ5","baseKeyType":1,"closed":-1,"used":1686180713334,"created":1686180713334,"remoteIdentityKey":"Bbbm/QWgU8F6I2mME75PY7xxsXuVkAZnii/0s8uJFAoM"},"_chains":{"Bf3Sbd+bHy4f0ExqEWUBOfv+0NasjNCdw4kCM7y9+yZZ":{"chainKey":{"counter":0,"key":"P2fTW1M+NleSNFXVnX6GpvmWCegG81JM1mc9i5dlT9Q="},"chainType":1,"messageKeys":{}}},"pendingPreKey":{"signedKeyId":7,"baseKey":"BdZMJU2xrvIlDlzesCM0+ZFwp4tJr7plMswWkgqSYOJ5","preKeyId":4129}}},"version":"v1"}