{"_sessions":{"BZoHk+mScqplPTSxxZg9S3Agmi5p1A2ygYndeuaAX2sK":{"registrationId":2076927622,"currentRatchet":{"ephemeralKeyPair":{"pubKey":"BehkMFknVoEW8mvVlUtjdbUwRk0H7Ov7KHeXiL2ARDlU","privKey":"mMDd9KobWtCr9x59fp34/+FxPMADOGCIqa3RgLLrTmY="},"lastRemoteEphemeralKey":"BYRCReXI8h/S6hqg7iZhX0yo6SPQGRO7duolTXXycwJw","previousCounter":0,"rootKey":"s2cxlit9gXM156+y0kFIj0k8tiwgdaYLffGskfeTTh0="},"indexInfo":{"baseKey":"BZoHk+mScqplPTSxxZg9S3Agmi5p1A2ygYndeuaAX2sK","baseKeyType":2,"closed":-1,"used":1686294357916,"created":1686294357916,"remoteIdentityKey":"BbY0yJvinWKCCyn20lZU+lvj7BzXitXpKJXT6lJP2GsB"},"_chains":{"BYRCReXI8h/S6hqg7iZhX0yo6SPQGRO7duolTXXycwJw":{"chainKey":{"counter":0,"key":"BvtNTQdV2RKLGnKYpuPR+Uc5bXg2Qji64I3yJXvfTYA="},"chainType":2,"messageKeys":{}},"BehkMFknVoEW8mvVlUtjdbUwRk0H7Ov7KHeXiL2ARDlU":{"chainKey":{"counter":-1,"key":"XhMxI5/fBk4nJ2vweUU4814Zqy8tGuLP3v/JzL0B5pA="},"chainType":1,"messageKeys":{}}}}},"version":"v1"}