{"_sessions":{"Beo/OYoiNByTwegMQYYBRib8v6l3PDWaIgUV5rRsvchi":{"registrationId":53513539,"currentRatchet":{"ephemeralKeyPair":{"pubKey":"Bc8MrJCYY6Vy1GEQzsYJXzKDiNqdem1m+9WSJkGtLCEn","privKey":"EKiqdJBMb78rJqSTGUD5lb7tULL0ZPIFMp+RxRWZGHs="},"lastRemoteEphemeralKey":"BaYfayxIySw1XYwbCN3oXbwYL4Nm4y1SYXgyApzLyboQ","previousCounter":0,"rootKey":"R3Cze2hYGOgdlMn0WvH8UbeKbjsFaa6rGZa+OFqPaBI="},"indexInfo":{"baseKey":"Beo/OYoiNByTwegMQYYBRib8v6l3PDWaIgUV5rRsvchi","baseKeyType":1,"closed":1686180714049,"used":1686180711590,"created":1686180711590,"remoteIdentityKey":"BSssZq8q5UZIGVl1Z//mh55hTunLWV0IEFXiRykOtxp2"},"_chains":{"Bc8MrJCYY6Vy1GEQzsYJXzKDiNqdem1m+9WSJkGtLCEn":{"chainKey":{"counter":0,"key":"alA/MSlbJjrc5jejYKk+06PCkH9OUXFdy+xTLIOx7jc="},"chainType":1,"messageKeys":{}}},"pendingPreKey":{"signedKeyId":7,"baseKey":"Beo/OYoiNByTwegMQYYBRib8v6l3PDWaIgUV5rRsvchi","preKeyId":14199792}},"BR1pi4o12KvaLD1CIcYmkDSalFatCckRJDxNcKIVAGYX":{"registrationId":53513539,"currentRatchet":{"ephemeralKeyPair":{"pubKey":"BQuR/FaIm7MwvQk2P8xs2I+xQFC5dLp4NVTSr6BoKzJl","privKey":"+HV9gWQEtO+3LaqUOL5yFh6nGDMKJWqSphQjRTF+21o="},"lastRemoteEphemeralKey":"BaYfayxIySw1XYwbCN3oXbwYL4Nm4y1SYXgyApzLyboQ","previousCounter":0,"rootKey":"t0TYNgLUIv53cx8nB8fAwlq3AlT6Kpu5NnaJmiBLVKg="},"indexInfo":{"baseKey":"BR1pi4o12KvaLD1CIcYmkDSalFatCckRJDxNcKIVAGYX","baseKeyType":1,"closed":-1,"used":1686180713517,"created":1686180713517,"remoteIdentityKey":"BSssZq8q5UZIGVl1Z//mh55hTunLWV0IEFXiRykOtxp2"},"_chains":{"BQuR/FaIm7MwvQk2P8xs2I+xQFC5dLp4NVTSr6BoKzJl":{"chainKey":{"counter":0,"key":"8xHAUXKck2w0K5JAPINKfDYgFG02Kz452gXmVhCXGZ4="},"chainType":1,"messageKeys":{}}},"pendingPreKey":{"signedKeyId":7,"baseKey":"BR1pi4o12KvaLD1CIcYmkDSalFatCckRJDxNcKIVAGYX","preKeyId":14199032}}},"version":"v1"}