{"_sessions":{"BYY501LafvI8+ja/4Yr8BvnvoftH6HYZ8J7FcCNhVc4r":{"registrationId":2029084227,"currentRatchet":{"ephemeralKeyPair":{"pubKey":"Ba/8Jy8LudPr+xaz4pBWQaVnfz1Pg1XojbJiFIglSN8f","privKey":"2OEM0VpTgiyf9KeQWhHrPjHk24cgjqPYL/Nmuw68j1s="},"lastRemoteEphemeralKey":"BTnlnFKLgdNXhe+0xskF0kgBwjXDxOwBQlgaueZZSTME","previousCounter":0,"rootKey":"ywfaYJ+/crA/G1jQzXSEYKoLcecaka+plOhzF9QOrBY="},"indexInfo":{"baseKey":"BYY501LafvI8+ja/4Yr8BvnvoftH6HYZ8J7FcCNhVc4r","baseKeyType":2,"closed":-1,"used":1686216967602,"created":1686216967602,"remoteIdentityKey":"BTfue/YFFlzg6UK8xClY4Lf+OMoMW581p6UlsEtBlThM"},"_chains":{"BTnlnFKLgdNXhe+0xskF0kgBwjXDxOwBQlgaueZZSTME":{"chainKey":{"counter":1,"key":"oxcB9y9ijp9ljLdda6BIcEgTQDG3oLxcgPJCfW9ejjs="},"chainType":2,"messageKeys":{}},"Ba/8Jy8LudPr+xaz4pBWQaVnfz1Pg1XojbJiFIglSN8f":{"chainKey":{"counter":-1,"key":"tmDq6S+nfnOez1YKLb996Na/cZGygyDCM5v0nfFE6wY="},"chainType":1,"messageKeys":{}}}}},"version":"v1"}