{"_sessions":{"BdvuX8X2b2QgvjttoKhVkuKM5mBUK4ZH3/qQHwMf5rMv":{"registrationId":57036157,"currentRatchet":{"ephemeralKeyPair":{"pubKey":"BZ4wwiJB1jy3cDQeUwJxMgYZXvBToKQHhYINiRTuFrJQ","privKey":"MCNCj6NBWOTPoScmF4MEn0pRJd7+jsGy1so+X65uTlg="},"lastRemoteEphemeralKey":"BQ0831hU0W3rahtICCCwvWLuEEUzxMbwWoBf+zqrbf4h","previousCounter":0,"rootKey":"BBOpCha0QIIJ2yrLgHINAw0ieXTygBsKPfwSG1VqLds="},"indexInfo":{"baseKey":"BdvuX8X2b2QgvjttoKhVkuKM5mBUK4ZH3/qQHwMf5rMv","baseKeyType":2,"closed":-1,"used":1686188444270,"created":1686188444270,"remoteIdentityKey":"BZw6dm/Vv2oYiSYG/QgrT1NQ39ltjbzPhn/MFkYTnPs9"},"_chains":{"BQ0831hU0W3rahtICCCwvWLuEEUzxMbwWoBf+zqrbf4h":{"chainKey":{"counter":8,"key":"3BgMbkTmTrVtULp6Nj430xL+DBJVMFXlvKAbDDHUiYA="},"chainType":2,"messageKeys":{}},"BZ4wwiJB1jy3cDQeUwJxMgYZXvBToKQHhYINiRTuFrJQ":{"chainKey":{"counter":-1,"key":"ONbBsOB1aMsv3GF1tNDzNPt7EqRv/yngCmBxFo/IjyQ="},"chainType":1,"messageKeys":{}}}}},"version":"v1"}