{"_sessions":{"BRDH9Yno73xOMYYWYNI+bUtCZH5R/5iDzZsXCADD7Awz":{"registrationId":260288190,"currentRatchet":{"ephemeralKeyPair":{"pubKey":"BaAre7s++kschS9yrVdJIzWnbH3BU2h3O/yVSDpoShtr","privKey":"8MA4fkATskHpXsOWK0vk0OZwGPJdX7QidR/J8jrAUUE="},"lastRemoteEphemeralKey":"BaIRNIOBGn1GqdPmByssjkjMA/RBEuraJ5hTW3R9oFEt","previousCounter":0,"rootKey":"nTIMuFLarqcgcIzk4s5SGnAD+mBn79TzbP0RkZckXm0="},"indexInfo":{"baseKey":"BRDH9Yno73xOMYYWYNI+bUtCZH5R/5iDzZsXCADD7Awz","baseKeyType":1,"closed":1686180714049,"used":1686180711616,"created":1686180711616,"remoteIdentityKey":"BcA6hR2qtDgEkXxoVuhCsOcFl2SQbrEjvetnMPRXUxQg"},"_chains":{"BaAre7s++kschS9yrVdJIzWnbH3BU2h3O/yVSDpoShtr":{"chainKey":{"counter":0,"key":"L6quU81zWh+FUGTig40i+t77nkzP2lcU3XbI6Vkk4Uc="},"chainType":1,"messageKeys":{}}},"pendingPreKey":{"signedKeyId":17,"baseKey":"BRDH9Yno73xOMYYWYNI+bUtCZH5R/5iDzZsXCADD7Awz","preKeyId":5191586}},"BYWivu6agdprfC7BxTMkieA7KzB94qCxe7jeMUHTiro4":{"registrationId":260288190,"currentRatchet":{"ephemeralKeyPair":{"pubKey":"BU6WHGoztx6kKZfab3pYGes6ACDNN0GidmOU7RXSaqk+","privKey":"wD/ksFs+y8VC7sjOI8If2z1QUaLttb8qwRGi99Uf/kc="},"lastRemoteEphemeralKey":"BaIRNIOBGn1GqdPmByssjkjMA/RBEuraJ5hTW3R9oFEt","previousCounter":0,"rootKey":"dd7ruPIxp0qbzwQ958ihNujzcuNui3bpDmyoLsBZ/ec="},"indexInfo":{"baseKey":"BYWivu6agdprfC7BxTMkieA7KzB94qCxe7jeMUHTiro4","baseKeyType":1,"closed":-1,"used":1686180713537,"created":1686180713537,"remoteIdentityKey":"BcA6hR2qtDgEkXxoVuhCsOcFl2SQbrEjvetnMPRXUxQg"},"_chains":{"BU6WHGoztx6kKZfab3pYGes6ACDNN0GidmOU7RXSaqk+":{"chainKey":{"counter":0,"key":"nPRr3rbJk/aVbxQ0KjVUGYDE1GeI3S88sWV7bgCNXfo="},"chainType":1,"messageKeys":{}}},"pendingPreKey":{"signedKeyId":17,"baseKey":"BYWivu6agdprfC7BxTMkieA7KzB94qCxe7jeMUHTiro4","preKeyId":5192079}}},"version":"v1"}