{"_sessions":{"Bb2L7v1oEAec92xUyBCiBRPZeQhWH4mXVEhHpDoeLSNW":{"registrationId":664733704,"currentRatchet":{"ephemeralKeyPair":{"pubKey":"BYZy97PV4gxs9hAkyGR2mkvA+fPJF/dHI7HFM0HxiZlz","privKey":"eE7eTDURdk1AmA2sYFJAbLcUFJ9M4F7114UIM/Tr3GU="},"lastRemoteEphemeralKey":"BQDGBmxv1ED4c+Yf1YiwTkLLN/qV/BN9YJjzAbPcl9MJ","previousCounter":0,"rootKey":"bCeq2gal9M8YjLH1h4Zg4WjLMEZV0GTQdMSyMXuOX6o="},"indexInfo":{"baseKey":"Bb2L7v1oEAec92xUyBCiBRPZeQhWH4mXVEhHpDoeLSNW","baseKeyType":1,"closed":1686180714049,"used":1686180711572,"created":1686180711572,"remoteIdentityKey":"BayHpDv/xqYSd4C9crU6RoMNP7S2oOdczaQXHfLFcFYc"},"_chains":{"BYZy97PV4gxs9hAkyGR2mkvA+fPJF/dHI7HFM0HxiZlz":{"chainKey":{"counter":0,"key":"rI6jcGJ71cwYXZjZsFLCvsvgf+Mc529MivURxqJTtKY="},"chainType":1,"messageKeys":{}}},"pendingPreKey":{"signedKeyId":0,"baseKey":"Bb2L7v1oEAec92xUyBCiBRPZeQhWH4mXVEhHpDoeLSNW","preKeyId":4125398}},"BdDCeYv0ewgmQmisdIEVcUX5qqfd0AQsAsFVu/nkvW1z":{"registrationId":664733704,"currentRatchet":{"ephemeralKeyPair":{"pubKey":"Bdk7ybFhcW1LPneZSVT+xvhiHdLyP1vPs8oCHjhiY1MZ","privKey":"ACYqlte1mjx4W+MhEJln+QTcL5vzRRNW9RIqO9iE4Fg="},"lastRemoteEphemeralKey":"BdL76H75bj4Me660lB8eLighEr7MUOCgHMmzQpkUwn43","previousCounter":1,"rootKey":"3KWQmj2KC7GVflD1R9bpVXMqlAOyhcU4emMYJPCYx+o="},"indexInfo":{"baseKey":"BdDCeYv0ewgmQmisdIEVcUX5qqfd0AQsAsFVu/nkvW1z","baseKeyType":1,"closed":-1,"used":1686285351278,"created":1686180713501,"remoteIdentityKey":"BayHpDv/xqYSd4C9crU6RoMNP7S2oOdczaQXHfLFcFYc"},"_chains":{"BfknEKNs9+jDRo027EP0ZmWKsP/Y2WT4aWMxGe3FQmAQ":{"chainKey":{"counter":0},"chainType":2,"messageKeys":{}},"BdL76H75bj4Me660lB8eLighEr7MUOCgHMmzQpkUwn43":{"chainKey":{"counter":6,"key":"iRbtcmzf2cprRTnL7aKHPQHokJepHoik2L93E85hXEk="},"chainType":2,"messageKeys":{}},"Bdk7ybFhcW1LPneZSVT+xvhiHdLyP1vPs8oCHjhiY1MZ":{"chainKey":{"counter":-1,"key":"1cuGwi/TSRtuDNllUI3pT0UaXReUgOYHjV8D/0+SjO0="},"chainType":1,"messageKeys":{}}}}},"version":"v1"}