{"_sessions":{"BStiBCP3EMOciOiDN52W6YWkQKbUP245BXqdAD+mwycv":{"registrationId":826495409,"currentRatchet":{"ephemeralKeyPair":{"pubKey":"BU3nzCk5YQws29kOw3pdJuPk+H/a4W0IiCW2o0+ImS9f","privKey":"GH3zijeBWlffwfmXyBq6PrpgJ5EU1/9Sdz647IlZ2mM="},"lastRemoteEphemeralKey":"Bf4VfRAh87NLurw3vNtSz1ic7HrGtD0m08ju4q/Yl0dy","previousCounter":0,"rootKey":"Pvecool5ePQAqw+k0E162CmLA8le8fw+RrPui0JBEnI="},"indexInfo":{"baseKey":"BStiBCP3EMOciOiDN52W6YWkQKbUP245BXqdAD+mwycv","baseKeyType":1,"closed":1686180714050,"used":1686180711676,"created":1686180711676,"remoteIdentityKey":"BcsUPDn11ke3f9H4wBss9vgd++5NbgSS7DF0+WUMGqFV"},"_chains":{"BU3nzCk5YQws29kOw3pdJuPk+H/a4W0IiCW2o0+ImS9f":{"chainKey":{"counter":0,"key":"tQOgUJCi8P3cBXnZiwC3VxhLMWI/pDg/HqfBDWsAZ4I="},"chainType":1,"messageKeys":{}}},"pendingPreKey":{"signedKeyId":1,"baseKey":"BStiBCP3EMOciOiDN52W6YWkQKbUP245BXqdAD+mwycv","preKeyId":8898339}},"BXFLPl6sBN9gRolZneDWeXQtKgEYoYuNmtF7AO85Ofo1":{"registrationId":826495409,"currentRatchet":{"ephemeralKeyPair":{"pubKey":"BQG+2bwExMlAvzdR6TswP71ALCO/7OddyKUitYBuAv5U","privKey":"aJPHaFVbfbqjHrXf50rJkfSqqPoMAJRu6GkjLpfa3mc="},"lastRemoteEphemeralKey":"Bf4VfRAh87NLurw3vNtSz1ic7HrGtD0m08ju4q/Yl0dy","previousCounter":0,"rootKey":"Od7KYa/HWlTKCznk0im4gNYWqFMUq3NXDP77fxK5A0E="},"indexInfo":{"baseKey":"BXFLPl6sBN9gRolZneDWeXQtKgEYoYuNmtF7AO85Ofo1","baseKeyType":1,"closed":-1,"used":1686180713648,"created":1686180713648,"remoteIdentityKey":"BcsUPDn11ke3f9H4wBss9vgd++5NbgSS7DF0+WUMGqFV"},"_chains":{"BQG+2bwExMlAvzdR6TswP71ALCO/7OddyKUitYBuAv5U":{"chainKey":{"counter":0,"key":"Gc/Le0zFsr+CP+0HfJARykTyRWbyxCdjrhnTewqu6iE="},"chainType":1,"messageKeys":{}}},"pendingPreKey":{"signedKeyId":1,"baseKey":"BXFLPl6sBN9gRolZneDWeXQtKgEYoYuNmtF7AO85Ofo1","preKeyId":8898081}}},"version":"v1"}