{"_sessions":{"BZxmru+wwd1Kfw/E/hnKPszT0bGoB17ohqkn2ntA/pcJ":{"registrationId":1804804294,"currentRatchet":{"ephemeralKeyPair":{"pubKey":"BeRTv38zoa5xnlA9mbkBL9xvHUvNnFFj0sTcubnrDfk9","privKey":"GE8QJcl2XssfGHzamcNEtfkHDG3LhL9/eFCM28aDOHk="},"lastRemoteEphemeralKey":"BY8R0Z6mX7GhtkEptxCQASIpM+76D4uh2GnBIKKIiIs5","previousCounter":0,"rootKey":"2M5pJV7E6pYWA/oolzB6KX5SSPSNmo6b07VOkfbEbmQ="},"indexInfo":{"baseKey":"BZxmru+wwd1Kfw/E/hnKPszT0bGoB17ohqkn2ntA/pcJ","baseKeyType":1,"closed":1686180714051,"used":1686180711813,"created":1686180711813,"remoteIdentityKey":"BaDfPHYOX7LEPxDL1/TKqTWoY7k00aPrjYJrL6KNMa8B"},"_chains":{"BeRTv38zoa5xnlA9mbkBL9xvHUvNnFFj0sTcubnrDfk9":{"chainKey":{"counter":0,"key":"glAEmTXCyIxQd2MuVWQOPrmE35eWhJdv2p1Oct6jVlM="},"chainType":1,"messageKeys":{}}},"pendingPreKey":{"signedKeyId":3,"baseKey":"BZxmru+wwd1Kfw/E/hnKPszT0bGoB17ohqkn2ntA/pcJ"}},"BQGl37VAIC0YLdEN+hGV4HvPkFJhxIO5lRLfVs3rh1E6":{"registrationId":1804804294,"currentRatchet":{"ephemeralKeyPair":{"pubKey":"BTIjnRo/CkPy36oTbOqIcCwvJS8AKqys8oAEOfUDq+MP","privKey":"IAnRfIy8DRbe1mC/AjPKw6A8yuySE8WoqFMY0lFPoGg="},"lastRemoteEphemeralKey":"BY8R0Z6mX7GhtkEptxCQASIpM+76D4uh2GnBIKKIiIs5","previousCounter":0,"rootKey":"i4E9QTSXfBFKzEUZxxMojVmF1t9AeshQy+0qO3fL3W4="},"indexInfo":{"baseKey":"BQGl37VAIC0YLdEN+hGV4HvPkFJhxIO5lRLfVs3rh1E6","baseKeyType":1,"closed":-1,"used":1686180713955,"created":1686180713955,"remoteIdentityKey":"BaDfPHYOX7LEPxDL1/TKqTWoY7k00aPrjYJrL6KNMa8B"},"_chains":{"BTIjnRo/CkPy36oTbOqIcCwvJS8AKqys8oAEOfUDq+MP":{"chainKey":{"counter":0,"key":"Jk05VeIbaw4YjOdi4VKcs+R0rRoJjsMQMM5FxVzqAIc="},"chainType":1,"messageKeys":{}}},"pendingPreKey":{"signedKeyId":3,"baseKey":"BQGl37VAIC0YLdEN+hGV4HvPkFJhxIO5lRLfVs3rh1E6"}}},"version":"v1"}