{"_sessions":{"BfR2GFNlUpCXJ9mUPr+vqjTm1Vr2tjke+sqt79h8YSdH":{"registrationId":429173322,"currentRatchet":{"ephemeralKeyPair":{"pubKey":"BQdC1MfaKyS6AAmE9z2ohmFkj3noN0TQ3vJrtAUoUvxY","privKey":"UN568oWVt5+KKu/lp7XgpnJww1fT2szEGe3pozS0L0o="},"lastRemoteEphemeralKey":"BcEdYuIkRVwaO6KNetDb1KbDiRttVo2WsEowyQn9Zf54","previousCounter":0,"rootKey":"WROY3RnhTQ0bI7To9Nrb2fhTCjn5m73Ntv6fa6MeNVQ="},"indexInfo":{"baseKey":"BfR2GFNlUpCXJ9mUPr+vqjTm1Vr2tjke+sqt79h8YSdH","baseKeyType":1,"closed":1686180714051,"used":1686180711801,"created":1686180711801,"remoteIdentityKey":"BX4mD1+izCokdxyfYKQWXJ1BySAvG8cyX2YqPcqrT5Qj"},"_chains":{"BQdC1MfaKyS6AAmE9z2ohmFkj3noN0TQ3vJrtAUoUvxY":{"chainKey":{"counter":0,"key":"+5itxJZueFzNwo/sTMYCgAQmuAYUGBi1UAbuNQNNE+4="},"chainType":1,"messageKeys":{}}},"pendingPreKey":{"signedKeyId":1,"baseKey":"BfR2GFNlUpCXJ9mUPr+vqjTm1Vr2tjke+sqt79h8YSdH","preKeyId":16181971}},"BZZM/CF7xXdFsRXdSAvmE9yJU4FiT99s4hPqa9OetERT":{"registrationId":429173322,"currentRatchet":{"ephemeralKeyPair":{"pubKey":"BS5qMJIdY/q/l5opoknIx1+XNePA3RrhoUlXs1GE++Qo","privKey":"YNlggQS+TSwftF6IjQdlzCNCvOt/WJtcx1+vtCFvLng="},"lastRemoteEphemeralKey":"BcEdYuIkRVwaO6KNetDb1KbDiRttVo2WsEowyQn9Zf54","previousCounter":0,"rootKey":"xUGrF38y/JwYauUc/1I8fzAI8kiZ1eh/iN8np9oZ5BE="},"indexInfo":{"baseKey":"BZZM/CF7xXdFsRXdSAvmE9yJU4FiT99s4hPqa9OetERT","baseKeyType":1,"closed":-1,"used":1686180713930,"created":1686180713930,"remoteIdentityKey":"BX4mD1+izCokdxyfYKQWXJ1BySAvG8cyX2YqPcqrT5Qj"},"_chains":{"BS5qMJIdY/q/l5opoknIx1+XNePA3RrhoUlXs1GE++Qo":{"chainKey":{"counter":0,"key":"iu8p1FVXc4y/tVK/+ZCmZZLXLMDeVurJlH0iGFi94XY="},"chainType":1,"messageKeys":{}}},"pendingPreKey":{"signedKeyId":1,"baseKey":"BZZM/CF7xXdFsRXdSAvmE9yJU4FiT99s4hPqa9OetERT","preKeyId":16181670}}},"version":"v1"}