{"_sessions":{"BfcCgGajpFYiBwyrPCM4Kv4yT12e1MDgYYcXt2kEJHg2":{"registrationId":1149012603,"currentRatchet":{"ephemeralKeyPair":{"pubKey":"BehcSbGG9W7qdO9JM24TNXC+3/9pFoTWibbAkfVFkil7","privKey":"KFtUlqC6YAozHr0dcB7Xo2+0a7N+Pbt9PQpaJdjvJHY="},"lastRemoteEphemeralKey":"BVfgM2Wo61s84X9NjPBmfjhf1B7Mijha3ENR+pYLZycT","previousCounter":0,"rootKey":"cu+IpLMH4D/UXnNFo1hAS3LrHkU1e8HWb5qs7AwcJ2g="},"indexInfo":{"baseKey":"BfcCgGajpFYiBwyrPCM4Kv4yT12e1MDgYYcXt2kEJHg2","baseKeyType":1,"closed":1686180714050,"used":1686180711781,"created":1686180711781,"remoteIdentityKey":"BSQ34kh1GJmHbMVQkWGIjpskawRzAQqPvaHG9FIF6jFT"},"_chains":{"BehcSbGG9W7qdO9JM24TNXC+3/9pFoTWibbAkfVFkil7":{"chainKey":{"counter":0,"key":"Uoo7MJ1LKHDHe4gThwg20kYJ8Brr21lsslWPOkxuS8Y="},"chainType":1,"messageKeys":{}}},"pendingPreKey":{"signedKeyId":14,"baseKey":"BfcCgGajpFYiBwyrPCM4Kv4yT12e1MDgYYcXt2kEJHg2","preKeyId":8633458}},"Bc+QQszMGEmeZ60raLcn85P0moBdApUhcPk/4SSaSbxG":{"registrationId":1149012603,"currentRatchet":{"ephemeralKeyPair":{"pubKey":"BZ5yGYHWoXj8hUNHfdFBjHOXjWW9OXFxi7xpyxUFkw4/","privKey":"eOhoOnyOBGQCYIM4lH+PzEt49HP0hTVzNF/qatJkQkA="},"lastRemoteEphemeralKey":"BVfgM2Wo61s84X9NjPBmfjhf1B7Mijha3ENR+pYLZycT","previousCounter":0,"rootKey":"lb5hKFhquaoyGnky/bsZGPb0+XbGfPH6a4idq7nqziQ="},"indexInfo":{"baseKey":"Bc+QQszMGEmeZ60raLcn85P0moBdApUhcPk/4SSaSbxG","baseKeyType":1,"closed":-1,"used":1686180713883,"created":1686180713883,"remoteIdentityKey":"BSQ34kh1GJmHbMVQkWGIjpskawRzAQqPvaHG9FIF6jFT"},"_chains":{"BZ5yGYHWoXj8hUNHfdFBjHOXjWW9OXFxi7xpyxUFkw4/":{"chainKey":{"counter":0,"key":"lqrmrWzEn8TY5DsUoDDxqzp/fRDB99h5t8Du8/lZ4GU="},"chainType":1,"messageKeys":{}}},"pendingPreKey":{"signedKeyId":14,"baseKey":"Bc+QQszMGEmeZ60raLcn85P0moBdApUhcPk/4SSaSbxG","preKeyId":8633707}}},"version":"v1"}