{"_sessions":{"BbXQ1vRSGb0eiE0DH3lkCjLZOTw4ymZs9jbkuljd+NJt":{"registrationId":1844698756,"currentRatchet":{"ephemeralKeyPair":{"pubKey":"BXG9GIV78TX7cBrCvrksOqUFCf6gd8nQiUbEQ934dgk3","privKey":"iPuiiiril4KQw01cow4YembKpNSl6TSzW1lYIOrI3UA="},"lastRemoteEphemeralKey":"BXEfrntarpOrwFNrJER0j7fFaxgvKP1Y5OmrWcvprhJ7","previousCounter":0,"rootKey":"hsowT9TPyubfjtfn/r7fRc4pLFK30jWyEEOkmAGgkms="},"indexInfo":{"baseKey":"BbXQ1vRSGb0eiE0DH3lkCjLZOTw4ymZs9jbkuljd+NJt","baseKeyType":2,"closed":-1,"used":1686205257443,"created":1686205257443,"remoteIdentityKey":"Be/m0eBbl2vWWY3USjIB83vDVMnD8bJpu4rYNpXGQmls"},"_chains":{"BXEfrntarpOrwFNrJER0j7fFaxgvKP1Y5OmrWcvprhJ7":{"chainKey":{"counter":1,"key":"Gq2FKzSyLRotPZlBUDKsW9pxv2P9+KQxJBJ6LCPYh0U="},"chainType":2,"messageKeys":{}},"BXG9GIV78TX7cBrCvrksOqUFCf6gd8nQiUbEQ934dgk3":{"chainKey":{"counter":-1,"key":"r3uTayTWlu4edWcNNh44ox+0uWmLwLPlzMLJpU2PHCQ="},"chainType":1,"messageKeys":{}}}}},"version":"v1"}