{"_sessions":{"BTtaxZQCwcdowq1siO+VCNyFrpvHTe/I6IxgsWO8fPpS":{"registrationId":1202847396,"currentRatchet":{"ephemeralKeyPair":{"pubKey":"BUxKRgufdjBV6Mr2H4CGkXcYPZFlnKZ2Q5Jdw+EHOFMK","privKey":"QJ+HUBPHLd3p2rKPRJpkMlgDV9IPgwlXnBmdfDPvcH0="},"lastRemoteEphemeralKey":"Bbw8LLMP9CQtrIg1SvrWAf6FfZYOpJxs0K8Dxpl6tURv","previousCounter":0,"rootKey":"eaXfW956Il1qXelyvP0SzAkSPceNdivrH8HiYhP60w8="},"indexInfo":{"baseKey":"BTtaxZQCwcdowq1siO+VCNyFrpvHTe/I6IxgsWO8fPpS","baseKeyType":1,"closed":1686180714050,"used":1686180711784,"created":1686180711784,"remoteIdentityKey":"BbHSZGJVDlgQ6JIkZQvZay+/DCqo9GNgdAXbej3IpY9l"},"_chains":{"BUxKRgufdjBV6Mr2H4CGkXcYPZFlnKZ2Q5Jdw+EHOFMK":{"chainKey":{"counter":0,"key":"pJ3UU0n7OlWQ5Vw8UeERwudqdGx1xTuNvvcBNP47ECY="},"chainType":1,"messageKeys":{}}},"pendingPreKey":{"signedKeyId":4,"baseKey":"BTtaxZQCwcdowq1siO+VCNyFrpvHTe/I6IxgsWO8fPpS","preKeyId":1357840}},"BUP01etBNbD2DEqoamVWDaH6OkD2ANmfTCD+LjqoEuJ/":{"registrationId":1202847396,"currentRatchet":{"ephemeralKeyPair":{"pubKey":"BTd77Ig9MWYkUctBchZCIli4s5AFewvtBu9W5GQV4u9k","privKey":"IOqv+pCiure6/F6iYAQUXJNOKJhuu708NaIrP3SFLWQ="},"lastRemoteEphemeralKey":"BfyhpP7+oP3N1YZ4ZpJeyFuuMMzSivNu1yKkEP8nKfRg","previousCounter":0,"rootKey":"+4m2EaEK4IEaltB2mOtZ2McAzKSlq7taTWI9QHGHDJc="},"indexInfo":{"baseKey":"BUP01etBNbD2DEqoamVWDaH6OkD2ANmfTCD+LjqoEuJ/","baseKeyType":1,"closed":-1,"used":1686290133147,"created":1686180713886,"remoteIdentityKey":"BbHSZGJVDlgQ6JIkZQvZay+/DCqo9GNgdAXbej3IpY9l"},"_chains":{"BfyhpP7+oP3N1YZ4ZpJeyFuuMMzSivNu1yKkEP8nKfRg":{"chainKey":{"counter":2,"key":"7KKmA9vfESb36aqjlx0eZ9vA6hDsS/r8V0cg5c9ySpY="},"chainType":2,"messageKeys":{}},"BTd77Ig9MWYkUctBchZCIli4s5AFewvtBu9W5GQV4u9k":{"chainKey":{"counter":-1,"key":"z8QaELKty6cLXoMViz4/kqCHHETUf3mM46JAInLmJBc="},"chainType":1,"messageKeys":{}}}}},"version":"v1"}