{"_sessions":{"BYKH6eJib/bQGwnGgYl0tawQfbNJQmkLpIMGl3XHRKJA":{"registrationId":316571827,"currentRatchet":{"ephemeralKeyPair":{"pubKey":"BX2gI+o3STEYrJ//Tr8avmYw5Auc9ZZdE2Gt0r+OE/Yn","privKey":"GFXYUJVYpRma+hx3WA3JincZmsni92tWG4Jja0+4ok8="},"lastRemoteEphemeralKey":"BbArWCxX+t96PMOE7FuvYGdQITHsp0TFgUyhyU0RYsAR","previousCounter":0,"rootKey":"x5WH8lAGIidzo8OpRxwJ/nNkPgeOSRjUIpsTlpF6oSk="},"indexInfo":{"baseKey":"BYKH6eJib/bQGwnGgYl0tawQfbNJQmkLpIMGl3XHRKJA","baseKeyType":1,"closed":1686180714050,"used":1686180711715,"created":1686180711715,"remoteIdentityKey":"Bc4ZIIGhW3BwPaWgE+vZ8AKjKJz6tvfqr4fxHOVxNws3"},"_chains":{"BX2gI+o3STEYrJ//Tr8avmYw5Auc9ZZdE2Gt0r+OE/Yn":{"chainKey":{"counter":0,"key":"kr1NZp/o1nQZdMmwCvEm0AelLkaPauylkQd6v3DjUB0="},"chainType":1,"messageKeys":{}}},"pendingPreKey":{"signedKeyId":3,"baseKey":"BYKH6eJib/bQGwnGgYl0tawQfbNJQmkLpIMGl3XHRKJA","preKeyId":16450009}},"BXZHobvRj0KoNe8w9piNQ9DYNKWxrNKvWX/ifMsWMUUU":{"registrationId":316571827,"currentRatchet":{"ephemeralKeyPair":{"pubKey":"BcR/KZ+1QFehChj8UaLPhXrqSLMb6dM7kMErb7iju9sy","privKey":"GLNnUGMLsuPKTTsh+SNPZ5Fjra+6xeqce4hTygFC40w="},"lastRemoteEphemeralKey":"BbArWCxX+t96PMOE7FuvYGdQITHsp0TFgUyhyU0RYsAR","previousCounter":0,"rootKey":"Ehyn7Rajyba0XgMkSjK3GKS//W+FVWGKy7wVO1kI+DE="},"indexInfo":{"baseKey":"BXZHobvRj0KoNe8w9piNQ9DYNKWxrNKvWX/ifMsWMUUU","baseKeyType":1,"closed":-1,"used":1686180713739,"created":1686180713739,"remoteIdentityKey":"Bc4ZIIGhW3BwPaWgE+vZ8AKjKJz6tvfqr4fxHOVxNws3"},"_chains":{"BcR/KZ+1QFehChj8UaLPhXrqSLMb6dM7kMErb7iju9sy":{"chainKey":{"counter":0,"key":"LTH3ACabPkMikbgtz4tifdHoH8sPAhvVzjpWucXLRtI="},"chainType":1,"messageKeys":{}}},"pendingPreKey":{"signedKeyId":3,"baseKey":"BXZHobvRj0KoNe8w9piNQ9DYNKWxrNKvWX/ifMsWMUUU","preKeyId":16449999}}},"version":"v1"}