{"_sessions":{"BZI+hKz0lOqezIVJjr/S/fdv9zEfiqVhCZHnZ4edEdl8":{"registrationId":793395834,"currentRatchet":{"ephemeralKeyPair":{"pubKey":"BbMr6nKoJLvP3wiX5Mbmg5z9y6nMQfH6htmcxLZ7H/de","privKey":"sN051i8thsmNbZRVNGFq8CqIRqkCPaac9c5NNPRB7Us="},"lastRemoteEphemeralKey":"BT8bl6I6oNuEKDf65xJpvQ8I7gsYxYc2Tv1YD0LpUk8P","previousCounter":0,"rootKey":"qGXuluqNajF1N66RRZAfEbpqoVAhipgg9SHtiaPU6xA="},"indexInfo":{"baseKey":"BZI+hKz0lOqezIVJjr/S/fdv9zEfiqVhCZHnZ4edEdl8","baseKeyType":1,"closed":1686180714051,"used":1686180711826,"created":1686180711826,"remoteIdentityKey":"BVtKAwV4v8+EN9W00ZrocLBEyOGoySA8LDTq0LBncbxS"},"_chains":{"BbMr6nKoJLvP3wiX5Mbmg5z9y6nMQfH6htmcxLZ7H/de":{"chainKey":{"counter":0,"key":"+FY4eJM4N4tN6UORwDf2wIckLbhwfFrM8R2SWJgzNlI="},"chainType":1,"messageKeys":{}}},"pendingPreKey":{"signedKeyId":2,"baseKey":"BZI+hKz0lOqezIVJjr/S/fdv9zEfiqVhCZHnZ4edEdl8","preKeyId":12286964}},"BUk2stta974EVYxH6qpggZuJrg/swspsEWkB1a9CWpwt":{"registrationId":793395834,"currentRatchet":{"ephemeralKeyPair":{"pubKey":"BVuTYjDWEW5PvltGNzKaI8975s/UoHC1+uebn5IlKedp","privKey":"OLdhY1Z7ksnPHvTyR7eeVRIUFX0BYK3mdd2bqR9PKW0="},"lastRemoteEphemeralKey":"BbWDTnsAQ1O+kcBXIDbCoiLNtOfmfrG3vfTrQIybkIVo","previousCounter":0,"rootKey":"LPOhzx6yict7fO0PuttRj1MJN0ivsuN+ZcnXRU6AyZU="},"indexInfo":{"baseKey":"BUk2stta974EVYxH6qpggZuJrg/swspsEWkB1a9CWpwt","baseKeyType":1,"closed":-1,"used":1686284922845,"created":1686180713981,"remoteIdentityKey":"BVtKAwV4v8+EN9W00ZrocLBEyOGoySA8LDTq0LBncbxS"},"_chains":{"BbWDTnsAQ1O+kcBXIDbCoiLNtOfmfrG3vfTrQIybkIVo":{"chainKey":{"counter":9,"key":"2AkrR6Foi+SbF9gM+mSICB8OPD/xjvT6U+U82JW2joY="},"chainType":2,"messageKeys":{}},"BVuTYjDWEW5PvltGNzKaI8975s/UoHC1+uebn5IlKedp":{"chainKey":{"counter":-1,"key":"QiuKpov3fM71x4ozhZPixrUZTJlNu4GX/BSOJA3XCz4="},"chainType":1,"messageKeys":{}}}}},"version":"v1"}