{"_sessions":{"BZGfoXHTrSl9RbjCJBn3iwyiuoYniwfbTM4tNyzBwrBq":{"registrationId":196394272,"currentRatchet":{"ephemeralKeyPair":{"pubKey":"BbMkunFolBKZI3ld/OqSN8Hsz3RDmEy6QO6HADtZWyA+","privKey":"SMRyQHT6wmonlU1I3iJkbxJ/1Tf/XKgykm8LQNT831c="},"lastRemoteEphemeralKey":"BVOH9x3rd2xUyHn7tdzMtjiRixPAsOIIqsGUQkSlVs5N","previousCounter":0,"rootKey":"KYZZIAkCAYz2OHRWIYgFkyoo03fFv7xRyrYcNFXEUWU="},"indexInfo":{"baseKey":"BZGfoXHTrSl9RbjCJBn3iwyiuoYniwfbTM4tNyzBwrBq","baseKeyType":1,"closed":1686180714049,"used":1686180711560,"created":1686180711560,"remoteIdentityKey":"BUNfcYa4J7OIkxSlDmDto/t8eVSt8CDbZ7zwxPRibM0r"},"_chains":{"BbMkunFolBKZI3ld/OqSN8Hsz3RDmEy6QO6HADtZWyA+":{"chainKey":{"counter":0,"key":"khyXwcRPgvA15VpVlFC+SY5Ph2kY0GkyQW3GSfVW4oc="},"chainType":1,"messageKeys":{}}},"pendingPreKey":{"signedKeyId":14,"baseKey":"BZGfoXHTrSl9RbjCJBn3iwyiuoYniwfbTM4tNyzBwrBq","preKeyId":5155068}},"BfDLJXYwIi4Cx2zeZ6QeRZAw/LgccNhAK9HWKUc0IscX":{"registrationId":196394272,"currentRatchet":{"ephemeralKeyPair":{"pubKey":"BRSQWD9LjTXfgHGI7L58eTWf4lA9zVB5rcGM0NCq5as5","privKey":"CMd8wTeYUAA8DsRkKxvmDHIru9JbXMPnEMGafEPy9lw="},"lastRemoteEphemeralKey":"BVOH9x3rd2xUyHn7tdzMtjiRixPAsOIIqsGUQkSlVs5N","previousCounter":0,"rootKey":"Q5LMYaXoadbfx39yPfg3vPMfpRZk/pBX03aWy+lipVM="},"indexInfo":{"baseKey":"BfDLJXYwIi4Cx2zeZ6QeRZAw/LgccNhAK9HWKUc0IscX","baseKeyType":1,"closed":-1,"used":1686180713490,"created":1686180713490,"remoteIdentityKey":"BUNfcYa4J7OIkxSlDmDto/t8eVSt8CDbZ7zwxPRibM0r"},"_chains":{"BRSQWD9LjTXfgHGI7L58eTWf4lA9zVB5rcGM0NCq5as5":{"chainKey":{"counter":0,"key":"jzR8a6YJD2oGKJblIrGiujWKLboAQW5Wmv4lcBz0tQU="},"chainType":1,"messageKeys":{}}},"pendingPreKey":{"signedKeyId":14,"baseKey":"BfDLJXYwIi4Cx2zeZ6QeRZAw/LgccNhAK9HWKUc0IscX","preKeyId":5155499}}},"version":"v1"}