{"_sessions":{"BdcCZeMRVi8a3emuyr3ZWNFxMB45EGbvVguEAMwjocs0":{"registrationId":226694774,"currentRatchet":{"ephemeralKeyPair":{"pubKey":"BdQCR/3n7Q1nOOdsYR/p/cutL9EF5/sH/EhkPlQ2HFxb","privKey":"QLvNSEtx8fpQyTHh3jlZ+X92aJ0dMRFysRO0UAtd9G0="},"lastRemoteEphemeralKey":"BX1jONDJ918r+LSk/F7EBrmHxSiNRPNdX9jY9V4OoXta","previousCounter":0,"rootKey":"IICmiTzgoCmxE0BWYT0k6q+90g+OVoaFeaekDlN+MOM="},"indexInfo":{"baseKey":"BdcCZeMRVi8a3emuyr3ZWNFxMB45EGbvVguEAMwjocs0","baseKeyType":2,"closed":-1,"used":1686230841530,"created":1686230841530,"remoteIdentityKey":"Be00wPlHeArIFA9NnyiFExJ7oMRsXiue7siN72grzm0/"},"_chains":{"BX1jONDJ918r+LSk/F7EBrmHxSiNRPNdX9jY9V4OoXta":{"chainKey":{"counter":2,"key":"qT+MvY7f5RYxNk+WOqR0kSYxvzkxO9I68rqpRO4i2v0="},"chainType":2,"messageKeys":{}},"BdQCR/3n7Q1nOOdsYR/p/cutL9EF5/sH/EhkPlQ2HFxb":{"chainKey":{"counter":-1,"key":"13HtRBUOJZAQHDRjdBpgAbw3acjsYOrK7WZ8z4zk7co="},"chainType":1,"messageKeys":{}}}}},"version":"v1"}