{"_sessions":{"BcF1uzJAFI5xRF4yJerD1lUggnwY7TUYkG5/f8i6qH96":{"registrationId":1633049835,"currentRatchet":{"ephemeralKeyPair":{"pubKey":"BX66icHZhRUXHjpmZTrqQ/gel9CDE0S9PEwfjUWMo5lf","privKey":"0NqaBRV01GJ7R3NXarv4j8secCbEK1J2RCI4UlnwwUE="},"lastRemoteEphemeralKey":"BTeGT33uUtd629z6tWjWiT5sfk1t70IhA5zwydEQcq9z","previousCounter":0,"rootKey":"4VkAnWzUfzk0zgUqV79vxBk4aVgpeZj6rlk8JnE3Fig="},"indexInfo":{"baseKey":"BcF1uzJAFI5xRF4yJerD1lUggnwY7TUYkG5/f8i6qH96","baseKeyType":1,"closed":1686180714050,"used":1686180711745,"created":1686180711745,"remoteIdentityKey":"BQ0R5z5t1ZKltwAk6Cw3mxBt97qv1trIrYhjNhrf7lVS"},"_chains":{"BX66icHZhRUXHjpmZTrqQ/gel9CDE0S9PEwfjUWMo5lf":{"chainKey":{"counter":0,"key":"St5MqbE35V/JXuyRxLD3Xv9GY1lIRy4NvMQbS53Idag="},"chainType":1,"messageKeys":{}}},"pendingPreKey":{"signedKeyId":0,"baseKey":"BcF1uzJAFI5xRF4yJerD1lUggnwY7TUYkG5/f8i6qH96"}},"BW5bjsN1+7iedYC/NaJ9D5LsGhgUSM/V2OZZj2o4m2JI":{"registrationId":1633049835,"currentRatchet":{"ephemeralKeyPair":{"pubKey":"BUoI8no6FDTX1f2L6Y7LKPyPOOJIeKFuWCv0oHyOdvI5","privKey":"SHKTkTcHM7goexmYOOS3ALjD0jUzzkm28/ZlquDYuGQ="},"lastRemoteEphemeralKey":"BTeGT33uUtd629z6tWjWiT5sfk1t70IhA5zwydEQcq9z","previousCounter":0,"rootKey":"EfzFciH+4YsmIYWWaUg3BuqjBX1ymhh5DszS8AXUeNA="},"indexInfo":{"baseKey":"BW5bjsN1+7iedYC/NaJ9D5LsGhgUSM/V2OZZj2o4m2JI","baseKeyType":1,"closed":-1,"used":1686180713804,"created":1686180713804,"remoteIdentityKey":"BQ0R5z5t1ZKltwAk6Cw3mxBt97qv1trIrYhjNhrf7lVS"},"_chains":{"BUoI8no6FDTX1f2L6Y7LKPyPOOJIeKFuWCv0oHyOdvI5":{"chainKey":{"counter":0,"key":"ZLjp9QNRNWQPDwLbT+IaW+TFF6JumuU0rSjCQf0YyOY="},"chainType":1,"messageKeys":{}}},"pendingPreKey":{"signedKeyId":0,"baseKey":"BW5bjsN1+7iedYC/NaJ9D5LsGhgUSM/V2OZZj2o4m2JI"}}},"version":"v1"}