{"_sessions":{"BVJZePsmLJtwm6PjQc9tsH8tJ7PEztMb5X3lqZ3icWY+":{"registrationId":2014906253,"currentRatchet":{"ephemeralKeyPair":{"pubKey":"BeMoAJi5/4jMYzv4LT9K/OW7g+L70Jpoz5LVfiCA1wk0","privKey":"MEZeLQd6ipU6OGckbGk0N+OaKpuRXLVqu78u4dknRF0="},"lastRemoteEphemeralKey":"BdT37bVORqzPDqEgP2vc/Vah1hgvWle35NcFlMo4tBII","previousCounter":0,"rootKey":"jcPW7HH/lBTwhW58jVtaKQy+3xTfG4V5L7EpgXi5vLk="},"indexInfo":{"baseKey":"BVJZePsmLJtwm6PjQc9tsH8tJ7PEztMb5X3lqZ3icWY+","baseKeyType":1,"closed":1686180714049,"used":1686180711418,"created":1686180711418,"remoteIdentityKey":"BY6QLpdozpBNPqrLZUjHLwuFZt8TaFJv0ypx6lV13SEP"},"_chains":{"BeMoAJi5/4jMYzv4LT9K/OW7g+L70Jpoz5LVfiCA1wk0":{"chainKey":{"counter":0,"key":"CED4iep/uTUsn2dpsqta4+uaF3N0EMoxUx5jFhLFMl8="},"chainType":1,"messageKeys":{}}},"pendingPreKey":{"signedKeyId":1,"baseKey":"BVJZePsmLJtwm6PjQc9tsH8tJ7PEztMb5X3lqZ3icWY+","preKeyId":2805355}},"BTimFYm3cR3kpyGBZvaCaPWdK+XSx+pRFTH/WSNUeol0":{"registrationId":2014906253,"currentRatchet":{"ephemeralKeyPair":{"pubKey":"BfrOGB50p0CkNi7jdzJa7llS9/w0QMySo04gLqsydz41","privKey":"yAE+/v6sY5LxHB7SpJ04nbJAafxfyN/3yy8YFG7Onk8="},"lastRemoteEphemeralKey":"BdT37bVORqzPDqEgP2vc/Vah1hgvWle35NcFlMo4tBII","previousCounter":0,"rootKey":"U/5fuAQqK4V+SK3oQOdH2ySHhjAwkz0pc/OmprT2xPw="},"indexInfo":{"baseKey":"BTimFYm3cR3kpyGBZvaCaPWdK+XSx+pRFTH/WSNUeol0","baseKeyType":1,"closed":-1,"used":1686180713374,"created":1686180713374,"remoteIdentityKey":"BY6QLpdozpBNPqrLZUjHLwuFZt8TaFJv0ypx6lV13SEP"},"_chains":{"BfrOGB50p0CkNi7jdzJa7llS9/w0QMySo04gLqsydz41":{"chainKey":{"counter":0,"key":"UWxaWhHMPSkQuYUbKBzqDG68ZYuELm/gp5q4amynQ5o="},"chainType":1,"messageKeys":{}}},"pendingPreKey":{"signedKeyId":1,"baseKey":"BTimFYm3cR3kpyGBZvaCaPWdK+XSx+pRFTH/WSNUeol0","preKeyId":2805324}}},"version":"v1"}