{"_sessions":{"BbRHPivlWU1pqKM2fDV3Zc+krJbXVsirLMVThXm8PwlZ":{"registrationId":1041654991,"currentRatchet":{"ephemeralKeyPair":{"pubKey":"BddKp6nVzDOhXwK4/TSJxWLTQCMgHMf2dxJlAJWOs0p7","privKey":"UAQAqB5kXOi7DNVxvGunCUtjRgEnzIZli+B6+N7+k2g="},"lastRemoteEphemeralKey":"BYKP5nWLFEJZFWrIq0j+/+IL5nDpqFWldBgUqFOzGclb","previousCounter":0,"rootKey":"jrY+VycmLTfU1elV6TrpjDO94Iq3iR465dGHUz8UNyU="},"indexInfo":{"baseKey":"BbRHPivlWU1pqKM2fDV3Zc+krJbXVsirLMVThXm8PwlZ","baseKeyType":1,"closed":1686180714048,"used":1686180711351,"created":1686180711351,"remoteIdentityKey":"Bbbw8vhK94bFouMAdduYfSRJbsQV2SwhAf9TwKXgmNJM"},"_chains":{"BddKp6nVzDOhXwK4/TSJxWLTQCMgHMf2dxJlAJWOs0p7":{"chainKey":{"counter":0,"key":"j5fu9pwdJw98rP/3i+kjF6QWUVl0ZuVdCEQwo4bSIkI="},"chainType":1,"messageKeys":{}}},"pendingPreKey":{"signedKeyId":2,"baseKey":"BbRHPivlWU1pqKM2fDV3Zc+krJbXVsirLMVThXm8PwlZ","preKeyId":11243657}},"BQJqHYX4I6vaCBql8Go/C5vP8gXGgSyb4CwepGYA49EO":{"registrationId":1041654991,"currentRatchet":{"ephemeralKeyPair":{"pubKey":"BbyZbbs+SiDus8aY+xUgh7+B/Y4BmpRIllDSCsOMrM98","privKey":"mODX1eQDPT4yapbsPRpJriAad17krRsYRlgOekmAFE8="},"lastRemoteEphemeralKey":"BYKP5nWLFEJZFWrIq0j+/+IL5nDpqFWldBgUqFOzGclb","previousCounter":0,"rootKey":"1clOqxv/t5hpl4jIwzd4+5bsg7O0oUoNm+yy6xqcAp0="},"indexInfo":{"baseKey":"BQJqHYX4I6vaCBql8Go/C5vP8gXGgSyb4CwepGYA49EO","baseKeyType":1,"closed":1686198578017,"used":1686180713303,"created":1686180713303,"remoteIdentityKey":"Bbbw8vhK94bFouMAdduYfSRJbsQV2SwhAf9TwKXgmNJM"},"_chains":{"BbyZbbs+SiDus8aY+xUgh7+B/Y4BmpRIllDSCsOMrM98":{"chainKey":{"counter":0,"key":"BHRToYQUVk/52MT1jLCHMUEpf/KGrgbPenlfswswSH8="},"chainType":1,"messageKeys":{}}},"pendingPreKey":{"signedKeyId":2,"baseKey":"BQJqHYX4I6vaCBql8Go/C5vP8gXGgSyb4CwepGYA49EO","preKeyId":11242782}},"BXHCpPeX7P1nIN8NZzpC9h6KzYEW93SmoF73lc96ifwq":{"registrationId":1041654991,"currentRatchet":{"ephemeralKeyPair":{"pubKey":"BYI2v4M3V6v+4c7UyueZwL4k2DVFK2HTSstbFTqPTH4D","privKey":"uBhu82LXGU5QOaJKCKgPWCp+33B0vbbk2zFOf3+i6Uw="},"lastRemoteEphemeralKey":"BYKP5nWLFEJZFWrIq0j+/+IL5nDpqFWldBgUqFOzGclb","previousCounter":0,"rootKey":"TJnKaksuJ8o3Pi8DcEgfgxUitHO3ohkiuvOOxIAN6JM="},"indexInfo":{"baseKey":"BXHCpPeX7P1nIN8NZzpC9h6KzYEW93SmoF73lc96ifwq","baseKeyType":1,"closed":1686198578307,"used":1686198578015,"created":1686198578015,"remoteIdentityKey":"Bbbw8vhK94bFouMAdduYfSRJbsQV2SwhAf9TwKXgmNJM"},"_chains":{"BYI2v4M3V6v+4c7UyueZwL4k2DVFK2HTSstbFTqPTH4D":{"chainKey":{"counter":-1,"key":"ExBV/a1Kh3jm8SM90aJc1Tidndz6IfNPcN6eNrQwiWE="},"chainType":1,"messageKeys":{}}},"pendingPreKey":{"signedKeyId":2,"baseKey":"BXHCpPeX7P1nIN8NZzpC9h6KzYEW93SmoF73lc96ifwq","preKeyId":11243351}},"BbygD68L+ac5Q7d8BHc04yDZxhddMcDC8aYmfZ22bjtn":{"registrationId":1041654991,"currentRatchet":{"ephemeralKeyPair":{"pubKey":"BWfZfF+9pKImt0t+AMDU71S4LmcNFTnnAL4lAfBdshAj","privKey":"CNoxo+f5orP3nO6BePZGAcDikuk0X4DYeO34hH9w/ns="},"lastRemoteEphemeralKey":"BYKP5nWLFEJZFWrIq0j+/+IL5nDpqFWldBgUqFOzGclb","previousCounter":0,"rootKey":"C3+sXTFcF7KpQMZvGmETE+4U0gWCuoEtttyWQxaZ20A="},"indexInfo":{"baseKey":"BbygD68L+ac5Q7d8BHc04yDZxhddMcDC8aYmfZ22bjtn","baseKeyType":1,"closed":1686198578657,"used":1686198578305,"created":1686198578305,"remoteIdentityKey":"Bbbw8vhK94bFouMAdduYfSRJbsQV2SwhAf9TwKXgmNJM"},"_chains":{"BWfZfF+9pKImt0t+AMDU71S4LmcNFTnnAL4lAfBdshAj":{"chainKey":{"counter":-1,"key":"k0Uy+lPzMgMg0GsflkGZi5Y3lieZhfe4/irRC0d23XE="},"chainType":1,"messageKeys":{}}},"pendingPreKey":{"signedKeyId":2,"baseKey":"BbygD68L+ac5Q7d8BHc04yDZxhddMcDC8aYmfZ22bjtn","preKeyId":11243686}},"Bd7jQDKr3IULVmGAWShSHUzuNQ192vAAgzlHOBtSgJ1v":{"registrationId":1041654991,"currentRatchet":{"ephemeralKeyPair":{"pubKey":"BcInt5Ff4ZyeODyDXuu3f3HuoyS9W9hnxROHs66S67No","privKey":"qLLtIQUohOmhOduOffw/MZGCv0tOcad78bcXaItDm3I="},"lastRemoteEphemeralKey":"BYKP5nWLFEJZFWrIq0j+/+IL5nDpqFWldBgUqFOzGclb","previousCounter":0,"rootKey":"L1tLYXSIFoCC7LFQggv3vEEYZJQR4ASpT2GaVWKpN8o="},"indexInfo":{"baseKey":"Bd7jQDKr3IULVmGAWShSHUzuNQ192vAAgzlHOBtSgJ1v","baseKeyType":1,"closed":1686198578969,"used":1686198578655,"created":1686198578655,"remoteIdentityKey":"Bbbw8vhK94bFouMAdduYfSRJbsQV2SwhAf9TwKXgmNJM"},"_chains":{"BcInt5Ff4ZyeODyDXuu3f3HuoyS9W9hnxROHs66S67No":{"chainKey":{"counter":-1,"key":"qXwk5W8LTDYetddYy442Zcf0PamYV6SVn4om5iPxgpg="},"chainType":1,"messageKeys":{}}},"pendingPreKey":{"signedKeyId":2,"baseKey":"Bd7jQDKr3IULVmGAWShSHUzuNQ192vAAgzlHOBtSgJ1v","preKeyId":11243049}},"BadRmLfTUxuDMnR2Nf2o/y1jF//2g8aU/wYYMi5S2aQg":{"registrationId":1041654991,"currentRatchet":{"ephemeralKeyPair":{"pubKey":"BV0xi88qofZ0OXDg4A98YbOSE8dbQ2TTA5bqTdJXV/Ml","privKey":"EMMbN/TRRLnDWJIDvDQtMh64rOhT3XfTpedgAp4+EXM="},"lastRemoteEphemeralKey":"BYKP5nWLFEJZFWrIq0j+/+IL5nDpqFWldBgUqFOzGclb","previousCounter":0,"rootKey":"nfpmhxz03Vr50PKsPCcZ6M8qMcmxedkGoOADMfz7NE8="},"indexInfo":{"baseKey":"BadRmLfTUxuDMnR2Nf2o/y1jF//2g8aU/wYYMi5S2aQg","baseKeyType":1,"closed":1686198579318,"used":1686198578967,"created":1686198578967,"remoteIdentityKey":"Bbbw8vhK94bFouMAdduYfSRJbsQV2SwhAf9TwKXgmNJM"},"_chains":{"BV0xi88qofZ0OXDg4A98YbOSE8dbQ2TTA5bqTdJXV/Ml":{"chainKey":{"counter":-1,"key":"e9PLDK3ENE7jtobtbDZTsOdSrIoH8kATRoxYDGDuclk="},"chainType":1,"messageKeys":{}}},"pendingPreKey":{"signedKeyId":2,"baseKey":"BadRmLfTUxuDMnR2Nf2o/y1jF//2g8aU/wYYMi5S2aQg","preKeyId":11242931}},"Bbqpsk6zEcgqCnKipi54WDYiCsKv/mkQ5j8k3vmYCBtp":{"registrationId":1041654991,"currentRatchet":{"ephemeralKeyPair":{"pubKey":"BRA0Xip9veKKlR3dM/NLzNxZp1FKpn+Zxp9qL5L6jnI8","privKey":"4DU7pT/0xopLz6Fi9x1DXxmqmyywAGXsgw2gyi6Eh3o="},"lastRemoteEphemeralKey":"BYKP5nWLFEJZFWrIq0j+/+IL5nDpqFWldBgUqFOzGclb","previousCounter":0,"rootKey":"VrYc+E+q0ELEIHYZ6AoZdcubHWgT07+21zGwQ5+vrTA="},"indexInfo":{"baseKey":"Bbqpsk6zEcgqCnKipi54WDYiCsKv/mkQ5j8k3vmYCBtp","baseKeyType":1,"closed":-1,"used":1686198579316,"created":1686198579316,"remoteIdentityKey":"Bbbw8vhK94bFouMAdduYfSRJbsQV2SwhAf9TwKXgmNJM"},"_chains":{"BRA0Xip9veKKlR3dM/NLzNxZp1FKpn+Zxp9qL5L6jnI8":{"chainKey":{"counter":-1,"key":"SfC7KZTXVhvp+i6GOJgLQL4vRyhYe79WS4BYC68E2/s="},"chainType":1,"messageKeys":{}}},"pendingPreKey":{"signedKeyId":2,"baseKey":"Bbqpsk6zEcgqCnKipi54WDYiCsKv/mkQ5j8k3vmYCBtp","preKeyId":11243011}}},"version":"v1"}