{"_sessions":{"Bc18RuyUK56cNF8pbZ15ryBhYf523djGDgSG+tzPhQtH":{"registrationId":605553436,"currentRatchet":{"ephemeralKeyPair":{"pubKey":"BVixjd2OmHEwqKf5g+x3ra0fdr5/7C+2Jn2Zc9UEkc4F","privKey":"0LGLi1ygOXsD8MZR+Baop9YnhA/M4gqPttv6bFLr2WM="},"lastRemoteEphemeralKey":"BbYU7zYzjq68ZMFLyWUREZ7LFKDxAjko2Kg8ORAvj+kY","previousCounter":0,"rootKey":"VSKMVvw57f9a/mAnUQbI/NXkY1agvqdLFlq1mdTMmiQ="},"indexInfo":{"baseKey":"Bc18RuyUK56cNF8pbZ15ryBhYf523djGDgSG+tzPhQtH","baseKeyType":1,"closed":1686180714048,"used":1686180711357,"created":1686180711357,"remoteIdentityKey":"BcsWnBYQ8OD3pE3xIIrODPEfJqjauXfvgtpvFtlF1jcY"},"_chains":{"BVixjd2OmHEwqKf5g+x3ra0fdr5/7C+2Jn2Zc9UEkc4F":{"chainKey":{"counter":0,"key":"lsHPv5ZWuZNDS7xZHfjagdGycFte3hEsow2FxePGhiE="},"chainType":1,"messageKeys":{}}},"pendingPreKey":{"signedKeyId":0,"baseKey":"Bc18RuyUK56cNF8pbZ15ryBhYf523djGDgSG+tzPhQtH","preKeyId":5645308}},"BTLpchNFrKr2OjGX6gYgS/RGIHnexJevW01BCa9o2qJV":{"registrationId":605553436,"currentRatchet":{"ephemeralKeyPair":{"pubKey":"BcferXq0UhUBOrQ8byehu7XY4X8O0zJaKGV8B6FT/zdf","privKey":"EIpDH2em71df9FPscOdezR7RhNJpYDOK2YUTG4q5vWM="},"lastRemoteEphemeralKey":"BbYU7zYzjq68ZMFLyWUREZ7LFKDxAjko2Kg8ORAvj+kY","previousCounter":0,"rootKey":"et9rFnhlLjKpnML3YCqyJY9XLjvg4Nyivdx4Lgt386Q="},"indexInfo":{"baseKey":"BTLpchNFrKr2OjGX6gYgS/RGIHnexJevW01BCa9o2qJV","baseKeyType":1,"closed":-1,"used":1686180713312,"created":1686180713312,"remoteIdentityKey":"BcsWnBYQ8OD3pE3xIIrODPEfJqjauXfvgtpvFtlF1jcY"},"_chains":{"BcferXq0UhUBOrQ8byehu7XY4X8O0zJaKGV8B6FT/zdf":{"chainKey":{"counter":0,"key":"SghdGCEGIO6eBqxKZjyB/ioXd72LaIM/+lLqiWkUTzQ="},"chainType":1,"messageKeys":{}}},"pendingPreKey":{"signedKeyId":0,"baseKey":"BTLpchNFrKr2OjGX6gYgS/RGIHnexJevW01BCa9o2qJV","preKeyId":5645235}}},"version":"v1"}