{"_sessions":{"BWpSpvGr40ePNPhsUPH2yXqR6BoP/e93ClFQGq5w6A5V":{"registrationId":355180418,"currentRatchet":{"ephemeralKeyPair":{"pubKey":"Bd/zHZdqhseqOjzxp8vs8OMy3Jg1iuBjiAcaeXkqr49Z","privKey":"8JnLDtJ3q9BVUzmOvQNR9FbbvEWfiJqg1rGwEShSLEs="},"lastRemoteEphemeralKey":"BeMmrjlxygTNQe0dINGMAq+ErCIDjr99WcWc6zBLQd1R","previousCounter":0,"rootKey":"omxIesx+GYldj/MtTUIi9CYdxOUS8oEe+e0dr1RczI4="},"indexInfo":{"baseKey":"BWpSpvGr40ePNPhsUPH2yXqR6BoP/e93ClFQGq5w6A5V","baseKeyType":2,"closed":-1,"used":1686214530233,"created":1686214530233,"remoteIdentityKey":"BeIXHUot1vpTQPx6wzgPvqrTL7hlxf9q3OBpEhYA7p99"},"_chains":{"BeMmrjlxygTNQe0dINGMAq+ErCIDjr99WcWc6zBLQd1R":{"chainKey":{"counter":0,"key":"6e2tf5/gWt40B8LoBJSJsesYN/174aaiQmTmxrwtp+g="},"chainType":2,"messageKeys":{}},"Bd/zHZdqhseqOjzxp8vs8OMy3Jg1iuBjiAcaeXkqr49Z":{"chainKey":{"counter":-1,"key":"2wwv9y3a3QP8o7Zs5VdGHzf2EIIlQq+5pYSstIt5V6w="},"chainType":1,"messageKeys":{}}}}},"version":"v1"}