{"_sessions":{"BYqa49XACzlyT6FUDXws34er2tthCrelc0jiPrSmT90N":{"registrationId":117788448,"currentRatchet":{"ephemeralKeyPair":{"pubKey":"BdOWNN5CLsqrI6MLw5vimyqyQEzil1SAsyrlQXUYnosE","privKey":"qC2IFZBTrJGxsJ4cloA+PT98msMPi4thPlbH0wf9JkA="},"lastRemoteEphemeralKey":"BW8R6ilIXD3qYmv7X5thB7flnRz4NmzbfUY10RIeb3dF","previousCounter":0,"rootKey":"x4igxI27RiDRW1SmtHGz6v9G/Egjys8MpEyGxJK+xXQ="},"indexInfo":{"baseKey":"BYqa49XACzlyT6FUDXws34er2tthCrelc0jiPrSmT90N","baseKeyType":1,"closed":1686180714050,"used":1686180711627,"created":1686180711627,"remoteIdentityKey":"BbYzdiomkYPBfwnND5M6tIT1Or6wMuF7Eqk14iEqJ0hi"},"_chains":{"BdOWNN5CLsqrI6MLw5vimyqyQEzil1SAsyrlQXUYnosE":{"chainKey":{"counter":0,"key":"e+vhCffCthjmqNOxxN0zgTm7fuJ0UUrpiwoig+bnI4c="},"chainType":1,"messageKeys":{}}},"pendingPreKey":{"signedKeyId":23,"baseKey":"BYqa49XACzlyT6FUDXws34er2tthCrelc0jiPrSmT90N","preKeyId":9320467}},"BUVqMdPp8F6YeI+K4s8kiiSWuwt+E6ENMSh3qPUaITcP":{"registrationId":117788448,"currentRatchet":{"ephemeralKeyPair":{"pubKey":"BXgJEJFW9UZ9aP0wAS9UgcQOWLUpATQHDFPe4Y7MHBc4","privKey":"SBwXc9oAO62aZRdUK/zxnpl7oFSEMEyhHtXgwLEeEVY="},"lastRemoteEphemeralKey":"BW8R6ilIXD3qYmv7X5thB7flnRz4NmzbfUY10RIeb3dF","previousCounter":0,"rootKey":"iKsIxzbhxiN2pLmn+sVZ3sGILPAF+ys6beiotoIwJv4="},"indexInfo":{"baseKey":"BUVqMdPp8F6YeI+K4s8kiiSWuwt+E6ENMSh3qPUaITcP","baseKeyType":1,"closed":-1,"used":1686180713546,"created":1686180713546,"remoteIdentityKey":"BbYzdiomkYPBfwnND5M6tIT1Or6wMuF7Eqk14iEqJ0hi"},"_chains":{"BXgJEJFW9UZ9aP0wAS9UgcQOWLUpATQHDFPe4Y7MHBc4":{"chainKey":{"counter":0,"key":"ftLFtBU1SwUOuYhRrCA8X12+qBYdnSHB8w7sKZR99fo="},"chainType":1,"messageKeys":{}}},"pendingPreKey":{"signedKeyId":23,"baseKey":"BUVqMdPp8F6YeI+K4s8kiiSWuwt+E6ENMSh3qPUaITcP","preKeyId":9320662}}},"version":"v1"}