{"_sessions":{"BcJCyvvfRCnpT0NNaVuqGNl6+Fx4Q1MKamq6Jp5UzHd0":{"registrationId":1154636192,"currentRatchet":{"ephemeralKeyPair":{"pubKey":"BeQqAnJ/O9vUxsEq1skmYXseMPHSsdFo2qXWx5W2e5lQ","privKey":"GAVjW4wAxT32ySMfsSm3PaTjFP7JdyTKPzWz1nQPFVk="},"lastRemoteEphemeralKey":"BYRsklAzFXh06zARRYKVT6xR8gt4EZdN1j9blTp8CDwg","previousCounter":0,"rootKey":"+Fi0XA0ewtJa5H2Q3TAYCrUDpp+PbHv8jeZ5dQjhDVo="},"indexInfo":{"baseKey":"BcJCyvvfRCnpT0NNaVuqGNl6+Fx4Q1MKamq6Jp5UzHd0","baseKeyType":1,"closed":1686180714049,"used":1686180711527,"created":1686180711527,"remoteIdentityKey":"BYNKUFn8Bf5EJJn6lWy8HrYljPqadk1+Ik0CDKnJHrEP"},"_chains":{"BeQqAnJ/O9vUxsEq1skmYXseMPHSsdFo2qXWx5W2e5lQ":{"chainKey":{"counter":0,"key":"JFn330jljhcOaZ/hDxyGm/6lGbGZRKdi3JBwdD36np8="},"chainType":1,"messageKeys":{}}},"pendingPreKey":{"signedKeyId":6404407,"baseKey":"BcJCyvvfRCnpT0NNaVuqGNl6+Fx4Q1MKamq6Jp5UzHd0","preKeyId":2979}},"BfyX1POkFeDFmbF5GKLoPxgv4UWTEOf25hvixpaQvnF7":{"registrationId":1154636192,"currentRatchet":{"ephemeralKeyPair":{"pubKey":"Bax9j/zOJgTvNtMFSLOyAQ5ASU4Cp4Nzk+CZlPaFkv5V","privKey":"kAoiTqjQ+d+0iETveV7WacP75b+iTeUXjs1jwawRhFY="},"lastRemoteEphemeralKey":"BRdvjmlPHh0Wjoh9+wM5Cf9osnOI8GS9IKYeWlkFmfp0","previousCounter":0,"rootKey":"3XagEo1qEiijbrL2hmLosH5ID41WQUmMqIfvOIotPGo="},"indexInfo":{"baseKey":"BfyX1POkFeDFmbF5GKLoPxgv4UWTEOf25hvixpaQvnF7","baseKeyType":1,"closed":-1,"used":1686271560012,"created":1686180713464,"remoteIdentityKey":"BYNKUFn8Bf5EJJn6lWy8HrYljPqadk1+Ik0CDKnJHrEP"},"_chains":{"BRdvjmlPHh0Wjoh9+wM5Cf9osnOI8GS9IKYeWlkFmfp0":{"chainKey":{"counter":1,"key":"f8p/WrDTjuHW2FDD7TZLUgRS0aQJj1it41oVfcTD8iw="},"chainType":2,"messageKeys":{}},"Bax9j/zOJgTvNtMFSLOyAQ5ASU4Cp4Nzk+CZlPaFkv5V":{"chainKey":{"counter":-1,"key":"0G7ZUTU3DyylnCF902nmZSxqfPQpOLOmGeQB0chd2vM="},"chainType":1,"messageKeys":{}}}}},"version":"v1"}