{"_sessions":{"BQqkW29jzUGA8q8xRhYiJKG2G/MFCi42BCkA1+lUQ61S":{"registrationId":339592448,"currentRatchet":{"ephemeralKeyPair":{"pubKey":"BYdGW+e4oewPqNSJ63MYpT1b7pJ16rSTI/mDhHP1u4JF","privKey":"AJO4WwOdXrnwZYG/XwPPy2dIeHMwCB64tAMAgiMDI20="},"lastRemoteEphemeralKey":"BXLlXeJ5656nY3P+jbag9cFewEWSOq03YhCgckmVKfg7","previousCounter":0,"rootKey":"IMEa4T7qFHu+21T4z4tbyRkOpE6ei/6slID4UkCqW6U="},"indexInfo":{"baseKey":"BQqkW29jzUGA8q8xRhYiJKG2G/MFCi42BCkA1+lUQ61S","baseKeyType":1,"closed":1686180714050,"used":1686180711697,"created":1686180711697,"remoteIdentityKey":"BUgfrQXc9leF7YVvL3JyF2LrHj5c2BRVNti8vM4H2pwY"},"_chains":{"BYdGW+e4oewPqNSJ63MYpT1b7pJ16rSTI/mDhHP1u4JF":{"chainKey":{"counter":0,"key":"jCVD3+iYk7ZLyOff6HatbgNS0R2qwMdGRSt7mXFkrnE="},"chainType":1,"messageKeys":{}}},"pendingPreKey":{"signedKeyId":13,"baseKey":"BQqkW29jzUGA8q8xRhYiJKG2G/MFCi42BCkA1+lUQ61S","preKeyId":9125819}},"BXxBWzKu2AW5BWbTrzsj4CYALIf3/b+hj6oB6DU233J4":{"registrationId":339592448,"currentRatchet":{"ephemeralKeyPair":{"pubKey":"BZpKK3VYr4nSBRWGDPnCAM3Sqv0hZ4IezP66UHGNI2JK","privKey":"6Lt+53m1U1DBxRzQAdwr2z0c0K5X7qFIslxPADIlvG4="},"lastRemoteEphemeralKey":"BXLlXeJ5656nY3P+jbag9cFewEWSOq03YhCgckmVKfg7","previousCounter":0,"rootKey":"BsV0einVOzgtWhMJqTOdKjcKZRHjz6TDjj6D8lW91gQ="},"indexInfo":{"baseKey":"BXxBWzKu2AW5BWbTrzsj4CYALIf3/b+hj6oB6DU233J4","baseKeyType":1,"closed":-1,"used":1686180713696,"created":1686180713696,"remoteIdentityKey":"BUgfrQXc9leF7YVvL3JyF2LrHj5c2BRVNti8vM4H2pwY"},"_chains":{"BZpKK3VYr4nSBRWGDPnCAM3Sqv0hZ4IezP66UHGNI2JK":{"chainKey":{"counter":0,"key":"/9tD2q8HVbUTv3Ewi8FoU2d09U6JyV7hIejUG2svgJc="},"chainType":1,"messageKeys":{}}},"pendingPreKey":{"signedKeyId":13,"baseKey":"BXxBWzKu2AW5BWbTrzsj4CYALIf3/b+hj6oB6DU233J4","preKeyId":9125938}}},"version":"v1"}