{"_sessions":{"Ba3Rs8n5nAkxYi3RWhIz+eIK2SdFNzf9k5bYjpSmubl4":{"registrationId":1134049673,"currentRatchet":{"ephemeralKeyPair":{"pubKey":"BeopG6DrvDdX1QcSNdYW2hOlWl0df7aZjTl2C80W0AJ0","privKey":"qOLbUcM9VtNPUkLmW6mXDzOjvZtV/8EZ3bIeYXqzem4="},"lastRemoteEphemeralKey":"Bbsclw1LT6f+ebGSqGhk6YGDlO8LOALE+FJpZT+Ajk1R","previousCounter":0,"rootKey":"DGgkdM94UnfC7DRDrrbHueb6roOvjIbZ9kRUIdGORwU="},"indexInfo":{"baseKey":"Ba3Rs8n5nAkxYi3RWhIz+eIK2SdFNzf9k5bYjpSmubl4","baseKeyType":2,"closed":-1,"used":1686231183458,"created":1686231183458,"remoteIdentityKey":"BY38aqX2K3kfQyV8Uhb58lT9fIBzwqkLOVixrBYGRiwR"},"_chains":{"Bbsclw1LT6f+ebGSqGhk6YGDlO8LOALE+FJpZT+Ajk1R":{"chainKey":{"counter":1,"key":"+edrgSU8v9HWQ4zfFo9jdkwXvSq0J2d19VYf+Y1jslE="},"chainType":2,"messageKeys":{}},"BeopG6DrvDdX1QcSNdYW2hOlWl0df7aZjTl2C80W0AJ0":{"chainKey":{"counter":-1,"key":"e3ExdawGF+gYUgU16DnL4xzRFMaLIOEdOow3WT94xjw="},"chainType":1,"messageKeys":{}}}}},"version":"v1"}