{"_sessions":{"Bb1w9QzwzDt3iE/wWenUvKdg3njA0Bi+woRod+B2JVEN":{"registrationId":182,"currentRatchet":{"ephemeralKeyPair":{"pubKey":"BeFTJcw6BzLv+0sFcuYJwsGgIcePyAXzJBL9X/kzgWgQ","privKey":"+FAT7zHAFEikq6bhDbyXuFv3dO/9RGPUxvqcvaZaCl0="},"lastRemoteEphemeralKey":"BbFJMxh8U7zcMofwsFwBq2+oyhFVU4eMfFw+jaeIgX5Q","previousCounter":0,"rootKey":"NoJAcI4HZDJvQy6dxUt9cud8RgbAcNK37mc1VMUSliU="},"indexInfo":{"baseKey":"Bb1w9QzwzDt3iE/wWenUvKdg3njA0Bi+woRod+B2JVEN","baseKeyType":1,"closed":1686180714048,"used":1686180711309,"created":1686180711309,"remoteIdentityKey":"BXoqMObad3gX7XbJWVV90jyhhkzxjnzSVchGNgGLkG8d"},"_chains":{"BeFTJcw6BzLv+0sFcuYJwsGgIcePyAXzJBL9X/kzgWgQ":{"chainKey":{"counter":0,"key":"2ntI6ZJYYtU1hJf61rH45nsGiGkCH8U2dMeYjsmODII="},"chainType":1,"messageKeys":{}}},"pendingPreKey":{"signedKeyId":1,"baseKey":"Bb1w9QzwzDt3iE/wWenUvKdg3njA0Bi+woRod+B2JVEN","preKeyId":226}},"BXYg2M2MzEOi+oe3QOArzcbxWdZAKMOdiXZCTj7GH0kB":{"registrationId":182,"currentRatchet":{"ephemeralKeyPair":{"pubKey":"BaSIPTqyslwhr2D2TDvIfn/HoY2p+rnJtsVFwoF/lq9n","privKey":"IK80NTiE9GMIg7VzZMTUZ5aE75mR6NbfgGsYLhdvT30="},"lastRemoteEphemeralKey":"Bdjdx5oqDJ8Za2+R2UR4aE1Dw4hbfaZv+lInVRS70Q8P","previousCounter":0,"rootKey":"/DOyfJwZBlZd73pNwMWcRD+8ayRk03LNjZMI+solOUg="},"indexInfo":{"baseKey":"BXYg2M2MzEOi+oe3QOArzcbxWdZAKMOdiXZCTj7GH0kB","baseKeyType":1,"closed":-1,"used":1686181040448,"created":1686180713265,"remoteIdentityKey":"BXoqMObad3gX7XbJWVV90jyhhkzxjnzSVchGNgGLkG8d"},"_chains":{"Bdjdx5oqDJ8Za2+R2UR4aE1Dw4hbfaZv+lInVRS70Q8P":{"chainKey":{"counter":0,"key":"gwEcTbt9QnXB9Hep9+wibKUNASK22rwv9ZZZr6rDBEo="},"chainType":2,"messageKeys":{}},"BaSIPTqyslwhr2D2TDvIfn/HoY2p+rnJtsVFwoF/lq9n":{"chainKey":{"counter":-1,"key":"25jOuYDwo9t8GceSpk5SMh49C1fzRneyLTN7jSgCg2Q="},"chainType":1,"messageKeys":{}}}}},"version":"v1"}