{"_sessions":{"Bbky6sWw6QeFVUwPKWJ3/9CAOC4rsC0Rodw7lBIX9TQU":{"registrationId":1799307977,"currentRatchet":{"ephemeralKeyPair":{"pubKey":"Bbng6iipy0f0B/yUktpaijF6dxY0+EfQRk6fScAJTb5Z","privKey":"CPbcXDPhZejPKP3QaHxCMLGJyUYHjz04ZP4cdvvLRWw="},"lastRemoteEphemeralKey":"BXsGlirKFncs5lh3+1ijVOW5k8H2b3LzU67EEdDmDOMP","previousCounter":0,"rootKey":"mZ63YVdujtNsq3OUA7sVp4En5HgJ3rHNe9410vIQpy0="},"indexInfo":{"baseKey":"Bbky6sWw6QeFVUwPKWJ3/9CAOC4rsC0Rodw7lBIX9TQU","baseKeyType":1,"closed":1686180714050,"used":1686180711758,"created":1686180711758,"remoteIdentityKey":"BWbkWyiHZv21/LYRTfkgmloHSFQxr5UxaOZd9ZWhOesA"},"_chains":{"Bbng6iipy0f0B/yUktpaijF6dxY0+EfQRk6fScAJTb5Z":{"chainKey":{"counter":0,"key":"41/FqNYFyWBcq6ZinGTI6vUFajmLHSbUEX14nN4u+C0="},"chainType":1,"messageKeys":{}}},"pendingPreKey":{"signedKeyId":15,"baseKey":"Bbky6sWw6QeFVUwPKWJ3/9CAOC4rsC0Rodw7lBIX9TQU","preKeyId":15694400}},"BTiY0VYd6w1K1eiQFcaVxXj6q308BITNxV0roR8hWRwE":{"registrationId":1799307977,"currentRatchet":{"ephemeralKeyPair":{"pubKey":"BQgNfAYPpzA/xUPYjEJm/Vb+PCnzmdiPFgaxqfOLarRp","privKey":"UG0uk/IIWo1C/snZBmy444pi5cRDB/DStaepnpTVkng="},"lastRemoteEphemeralKey":"BXsGlirKFncs5lh3+1ijVOW5k8H2b3LzU67EEdDmDOMP","previousCounter":0,"rootKey":"7ZxLZt1aRTyam45XQKoCsXx84LhEv3d7wa4soRdSMlM="},"indexInfo":{"baseKey":"BTiY0VYd6w1K1eiQFcaVxXj6q308BITNxV0roR8hWRwE","baseKeyType":1,"closed":-1,"used":1686180713842,"created":1686180713842,"remoteIdentityKey":"BWbkWyiHZv21/LYRTfkgmloHSFQxr5UxaOZd9ZWhOesA"},"_chains":{"BQgNfAYPpzA/xUPYjEJm/Vb+PCnzmdiPFgaxqfOLarRp":{"chainKey":{"counter":0,"key":"k8yn31TmdCiIOy+3wVhUK3s4tCaDK5JkxocY9W/VTLs="},"chainType":1,"messageKeys":{}}},"pendingPreKey":{"signedKeyId":15,"baseKey":"BTiY0VYd6w1K1eiQFcaVxXj6q308BITNxV0roR8hWRwE","preKeyId":15694003}}},"version":"v1"}