{"_sessions":{"BfDrvp4pqTJmJeiliCwKlvg4GoSpjKLNLATFt62if+pL":{"registrationId":813687189,"currentRatchet":{"ephemeralKeyPair":{"pubKey":"BXLMjeS8A6Aol8u4IsUADLxuX7U1QAJ4DI+GcNtrhdl2","privKey":"8L1lIMlh9JYMGHp+SKDIrObmyg4XInwzcZYmuq4idEk="},"lastRemoteEphemeralKey":"BVyJSL8cvnytinfczoNqRXOEPUq4088GhwdQ5GOfXM1E","previousCounter":0,"rootKey":"shXYe5acDiV1amIr2xg7RfK11IPX+7uHYTM+ub8hbkI="},"indexInfo":{"baseKey":"BfDrvp4pqTJmJeiliCwKlvg4GoSpjKLNLATFt62if+pL","baseKeyType":2,"closed":-1,"used":1686188628633,"created":1686188628633,"remoteIdentityKey":"BcGPEQ6wzfkoP3d4plJvY8hhpnPeBpDUMjoH0qB7RhhK"},"_chains":{"BVyJSL8cvnytinfczoNqRXOEPUq4088GhwdQ5GOfXM1E":{"chainKey":{"counter":1,"key":"guaigmWFygRHbgjlPAYdDsjpCct7IZIfcpye74Kc9No="},"chainType":2,"messageKeys":{}},"BXLMjeS8A6Aol8u4IsUADLxuX7U1QAJ4DI+GcNtrhdl2":{"chainKey":{"counter":-1,"key":"cyVmJhq5U2KggMfyKbJpodZUq4cHK5lq5elYLWu2l60="},"chainType":1,"messageKeys":{}}}}},"version":"v1"}