{"_sessions":{"Bdej0FDzw0I5mdoSfpelR9jxWVlPbC/5YWGr8jElTW8j":{"registrationId":228802833,"currentRatchet":{"ephemeralKeyPair":{"pubKey":"BdtgeFps0874T2T565bC5RyrvUapu5ocMQ8kw3v0hWEn","privKey":"iP0b3TBTREcuD61P6xhXk3dLisXUL6rIQMNc4vKbXVA="},"lastRemoteEphemeralKey":"BY0iWdSorbRyq+wiLj7Z9tu5Kj4MfTsiTMMmlZ6YDAJH","previousCounter":0,"rootKey":"CjRQxrduu2AdPEI8BfOv8dhZxULAQHnvnWW8YdhXFyk="},"indexInfo":{"baseKey":"Bdej0FDzw0I5mdoSfpelR9jxWVlPbC/5YWGr8jElTW8j","baseKeyType":2,"closed":-1,"used":1686189498328,"created":1686189498328,"remoteIdentityKey":"BSwVcZELmUBoziPbAtVjYt5aHisoxJ7eY/GW0MCrowYb"},"_chains":{"BY0iWdSorbRyq+wiLj7Z9tu5Kj4MfTsiTMMmlZ6YDAJH":{"chainKey":{"counter":4,"key":"WkAmGQgqUDnslBCKylu1icXxKgffn1lT1A/RnjQBb6c="},"chainType":2,"messageKeys":{}},"BdtgeFps0874T2T565bC5RyrvUapu5ocMQ8kw3v0hWEn":{"chainKey":{"counter":-1,"key":"hVXIH0vooLgB+zrYSAghJyhRj3EyS5dPkVj/Fkybdm0="},"chainType":1,"messageKeys":{}}}}},"version":"v1"}