{"_sessions":{"Ba1PDwn/hj5KDojbTIcW+giCVWbiZ0o/s5nakXliE5sU":{"registrationId":490440673,"currentRatchet":{"ephemeralKeyPair":{"pubKey":"BdgbekCZcq1kW1h0ZkToZkGSxEUIVNDsygS7x0w2nJ0D","privKey":"4JksO6hxCdHixsi6Msu+kLmfn9PLMlH7ZeZrjuDbL0Y="},"lastRemoteEphemeralKey":"BYT9zzPGxnQ0iNne+Ii+7VzcxmLkuEaj4hebvOceVu8o","previousCounter":0,"rootKey":"l3yycVvwPNkOhMSEiN5VRgS5s6tcDhHWvd4ELuuwMCM="},"indexInfo":{"baseKey":"Ba1PDwn/hj5KDojbTIcW+giCVWbiZ0o/s5nakXliE5sU","baseKeyType":2,"closed":-1,"used":1686205500775,"created":1686205500775,"remoteIdentityKey":"Bb3GEnWrElSv0YMpRPKOTI8Zan15D0ipuLhOFmEcxxJr"},"_chains":{"BYT9zzPGxnQ0iNne+Ii+7VzcxmLkuEaj4hebvOceVu8o":{"chainKey":{"counter":4,"key":"H6DynjM5V0QkxMduvzPSk/jiCfIc39DwEHcn0Pqy2Uc="},"chainType":2,"messageKeys":{}},"BdgbekCZcq1kW1h0ZkToZkGSxEUIVNDsygS7x0w2nJ0D":{"chainKey":{"counter":-1,"key":"QRou9kADxUdiX7bgr4GbfYAl/Guz28WZpbO/agI3eHk="},"chainType":1,"messageKeys":{}}}}},"version":"v1"}