{"_sessions":{"BeEIz8L57Ff2aszt+vg+Z2xa6yC+kIz+qwI20ZlOprhN":{"registrationId":1437009234,"currentRatchet":{"ephemeralKeyPair":{"pubKey":"BU2AvJL+dcRCdcXvOnPl86Igw35Ic1w2fRrZIogL7Pc0","privKey":"wCv0o3hMWabaUUjyhBHbHfx9bxvQsihLxUYNGJPWblI="},"lastRemoteEphemeralKey":"BZ7cD3zsJkoB373wcyf1wNs0I0FlCIVM9enPCJjPEcVa","previousCounter":0,"rootKey":"EjNSPHIL9pprNCMFxvZ+VUDIEAL1f+vyXNX5/ZFnWWU="},"indexInfo":{"baseKey":"BeEIz8L57Ff2aszt+vg+Z2xa6yC+kIz+qwI20ZlOprhN","baseKeyType":2,"closed":-1,"used":1686180748827,"created":1686180748827,"remoteIdentityKey":"Be1rfgxw9ZFrdxfGFOJCmsk8wxVGz0f1vWQf+HzouGw8"},"_chains":{"BZ7cD3zsJkoB373wcyf1wNs0I0FlCIVM9enPCJjPEcVa":{"chainKey":{"counter":4,"key":"NjXculmHyVt4ESSaUWdxeRIiqzR+BM6pZIhUqZHC6bM="},"chainType":2,"messageKeys":{}},"BU2AvJL+dcRCdcXvOnPl86Igw35Ic1w2fRrZIogL7Pc0":{"chainKey":{"counter":-1,"key":"L4dzevF0XlMf9k2mlxkizqLI0qMFdOcxHmQO7PC/loY="},"chainType":1,"messageKeys":{}}}}},"version":"v1"}