{"_sessions":{"BbOJMvW7hXsLqF5g0n31sf73SsKLN7N1tYiXPCWS02Ig":{"registrationId":2018713293,"currentRatchet":{"ephemeralKeyPair":{"pubKey":"BQ6l/7QJUBlTQS39kJgW4+DXM6WpxUpTPqh3ppdpwINL","privKey":"CP9olQ7d/ebSrCkt79H6/JXb/cWy+MXLt69g017nJFQ="},"lastRemoteEphemeralKey":"Bb3vPtk4RK2vu7KSiVzMsaTOfCGnV7rdcihl4rJfuEpg","previousCounter":0,"rootKey":"aeLphNZeo6735a9Fm1iYO7umnXuhYa+thwKrxjKDtFE="},"indexInfo":{"baseKey":"BbOJMvW7hXsLqF5g0n31sf73SsKLN7N1tYiXPCWS02Ig","baseKeyType":1,"closed":1686180714051,"used":1686180711832,"created":1686180711832,"remoteIdentityKey":"BRmcv8IJR2gMhMhLBZKE1SWf9hhIHpbV1V1pBrAEZEVk"},"_chains":{"BQ6l/7QJUBlTQS39kJgW4+DXM6WpxUpTPqh3ppdpwINL":{"chainKey":{"counter":0,"key":"ozTA0n7vEJcWbAtOnBAgPncMTx9UetipFGLOrhfnuoQ="},"chainType":1,"messageKeys":{}}},"pendingPreKey":{"signedKeyId":1,"baseKey":"BbOJMvW7hXsLqF5g0n31sf73SsKLN7N1tYiXPCWS02Ig"}},"BX58zRl57HJL8KAGkopcGA/4g7qwja95Mz2fmIvu8qQ7":{"registrationId":2018713293,"currentRatchet":{"ephemeralKeyPair":{"pubKey":"Bcy+W1sy9ozeg97iG4ENlzUEfTQ4Jd4qCzxrxxIDiqQG","privKey":"wJA9N5djnqmj9D3wfPtUschm4OILsUcdrYJnbM4d92M="},"lastRemoteEphemeralKey":"BU8UypRvnA6IHtncNnkkbmf52nHOmeDARn2+Iy4v/GE7","previousCounter":0,"rootKey":"SauKMoxWTK4zLI/dLhN1WUwbhCTSfC2RJhr8PVnS90o="},"indexInfo":{"baseKey":"BX58zRl57HJL8KAGkopcGA/4g7qwja95Mz2fmIvu8qQ7","baseKeyType":1,"closed":-1,"used":1686234185982,"created":1686180714000,"remoteIdentityKey":"BRmcv8IJR2gMhMhLBZKE1SWf9hhIHpbV1V1pBrAEZEVk"},"_chains":{"BU8UypRvnA6IHtncNnkkbmf52nHOmeDARn2+Iy4v/GE7":{"chainKey":{"counter":0,"key":"VZSLZ9180ZBdxVrs8uLTXNESjonr5Q2rX3DxeNd0Kjk="},"chainType":2,"messageKeys":{}},"Bcy+W1sy9ozeg97iG4ENlzUEfTQ4Jd4qCzxrxxIDiqQG":{"chainKey":{"counter":-1,"key":"tF2gegcYPywyiGHu9AqLGmG58u8VK1/Uf28C9ZIJcvA="},"chainType":1,"messageKeys":{}}}}},"version":"v1"}