{"_sessions":{"BRfMdp9STk+LqaZRaSRa010e6dlLOrz9KKtGXiyEpk9R":{"registrationId":1449838461,"currentRatchet":{"ephemeralKeyPair":{"pubKey":"BX88yR5PMrJ5POjTY4TJrDzmNFYGaphYTzUPMdWzbgsU","privKey":"wH1J5bV88F4U8lAMns8w/znDbVrzd+6ntimearakwVQ="},"lastRemoteEphemeralKey":"BVfaJ1ZfopewfDAjDn0gdMHQFpE8PIddd5BfD8Tmxkl3","previousCounter":1,"rootKey":"aHXsggr5kXM4vNL3KGV6nabf1GAlAz9LC30Amvku2OE="},"indexInfo":{"baseKey":"BRfMdp9STk+LqaZRaSRa010e6dlLOrz9KKtGXiyEpk9R","baseKeyType":2,"closed":-1,"used":1686204604851,"created":1686204562279,"remoteIdentityKey":"BQtGd2KUg4/7OG96oCFsQlS8LROxskjiCg+8ZH6XmvxH"},"_chains":{"BXw/WbpwFGnGXL6vpXVZXQPoCmOJCUVXZy6Ssqzs+ohq":{"chainKey":{"counter":2},"chainType":2,"messageKeys":{}},"BVfaJ1ZfopewfDAjDn0gdMHQFpE8PIddd5BfD8Tmxkl3":{"chainKey":{"counter":1,"key":"o0NiggiWvP4DTcxiFWd8MS50QxgjU9NfEznqHtpgMmk="},"chainType":2,"messageKeys":{}},"BX88yR5PMrJ5POjTY4TJrDzmNFYGaphYTzUPMdWzbgsU":{"chainKey":{"counter":-1,"key":"X8W745cXc/wNzx0UkWS1OAN6Duda8GYA4KsoeegGEks="},"chainType":1,"messageKeys":{}}}}},"version":"v1"}