{"_sessions":{"BZ8VEBbscC0CS5TNVXlP0XNrhSIzip3QQWMjPC4AnT4F":{"registrationId":434483374,"currentRatchet":{"ephemeralKeyPair":{"pubKey":"BdYpfamczt3VCZ61KIT2+9R3mwrikPTwbJYCeeOK2V9d","privKey":"8BUbspocEX7JDvH7STLmNSKaMRCi7F+jdbzn2zZz6Uw="},"lastRemoteEphemeralKey":"BTdIZx88TNgTkazZLJ0BI592Z457p13BrJf2TQSaWSYR","previousCounter":0,"rootKey":"JaTC0zsu4p5iKgsc05VcZLpRyWIQ+r1Ki48BlhrjFwg="},"indexInfo":{"baseKey":"BZ8VEBbscC0CS5TNVXlP0XNrhSIzip3QQWMjPC4AnT4F","baseKeyType":2,"closed":-1,"used":1686213591160,"created":1686213591160,"remoteIdentityKey":"BUB+58j72rpHj4EHhalaEFKllfSbgWwRR5EtYLPhkQFi"},"_chains":{"BTdIZx88TNgTkazZLJ0BI592Z457p13BrJf2TQSaWSYR":{"chainKey":{"counter":1,"key":"dvcoUnk7sEAuok1TgB9yhk97BOjmn94zMW2tzwZOz7s="},"chainType":2,"messageKeys":{}},"BdYpfamczt3VCZ61KIT2+9R3mwrikPTwbJYCeeOK2V9d":{"chainKey":{"counter":-1,"key":"nXUPNc2OuYsU901aciyemWXm7QCUqlCgRccmucMKZGo="},"chainType":1,"messageKeys":{}}}}},"version":"v1"}