{"_sessions":{"BRLUOzJAaZVXX3degYc21lNw/1/ECMkOGoweTIorrnQG":{"registrationId":1473598994,"currentRatchet":{"ephemeralKeyPair":{"pubKey":"BaxUkf8M+LZVfcPyXfdXAbgB/i7kpudlvR5XrV7LLkQo","privKey":"aDceIsKjFNcX+KFLSDiRPSOJUNcvunkUSoimOUIaJ2U="},"lastRemoteEphemeralKey":"BbrEznB3uhZwxE3RPB9+JfxVsLnzOcHUityw0IX9MmcG","previousCounter":0,"rootKey":"rGRqcDeJ2yZiC2dmVIXrUSixumQwXVwltw/VmtRY8kc="},"indexInfo":{"baseKey":"BRLUOzJAaZVXX3degYc21lNw/1/ECMkOGoweTIorrnQG","baseKeyType":1,"closed":1686180714050,"used":1686180711663,"created":1686180711663,"remoteIdentityKey":"BV5Ezi78H894wyuKcfxav0Z9iyyvFCc034yewsjF1vVS"},"_chains":{"BaxUkf8M+LZVfcPyXfdXAbgB/i7kpudlvR5XrV7LLkQo":{"chainKey":{"counter":0,"key":"CcZmGb5u39MWoQ6O7WnNQYW5gZbveaf6Ok6xg23KhEk="},"chainType":1,"messageKeys":{}}},"pendingPreKey":{"signedKeyId":9,"baseKey":"BRLUOzJAaZVXX3degYc21lNw/1/ECMkOGoweTIorrnQG","preKeyId":15442219}},"BWpCKtANd9FyudAYlUnUhtS8D76csEuxYg5Zn4Nw2t9x":{"registrationId":1473598994,"currentRatchet":{"ephemeralKeyPair":{"pubKey":"BZbV2Q3XMACY1sMZoM1tsRwH/KEfrX6GxAz4/LI4gT4n","privKey":"SAl/m1gWz1H/UKK/MyzejLF4VspLDK3U91ZhbXYcyFc="},"lastRemoteEphemeralKey":"BfwLuggovzfNX7JSmqcQHmdP7QHvq0e04EorYqWJmwc6","previousCounter":0,"rootKey":"8EppdFWfV9yV96tWMDZwmmbgw/m/tNtvTVshUDbFmwQ="},"indexInfo":{"baseKey":"BWpCKtANd9FyudAYlUnUhtS8D76csEuxYg5Zn4Nw2t9x","baseKeyType":1,"closed":-1,"used":1686232559453,"created":1686180713584,"remoteIdentityKey":"BV5Ezi78H894wyuKcfxav0Z9iyyvFCc034yewsjF1vVS"},"_chains":{"BfwLuggovzfNX7JSmqcQHmdP7QHvq0e04EorYqWJmwc6":{"chainKey":{"counter":1,"key":"10TUED3qVzmwog1aBt02Z8KSPwsStuuMVBWHX9y6NRI="},"chainType":2,"messageKeys":{}},"BZbV2Q3XMACY1sMZoM1tsRwH/KEfrX6GxAz4/LI4gT4n":{"chainKey":{"counter":-1,"key":"v7WRzty5hi+s0jxr3d+6Qh9WkcFO7ZOA29c77zJ31WE="},"chainType":1,"messageKeys":{}}}}},"version":"v1"}