{"_sessions":{"BZi5fTlgcmA30lXIpb3kU2n3RGaiaD/lVd4o2XN+nuQh":{"registrationId":1784351270,"currentRatchet":{"ephemeralKeyPair":{"pubKey":"BR2aTHMM8LrMDKwrcIVED5Gk1IXoCEMSKVg9CIDEJvt/","privKey":"+JOJiZ78DuqVVL8qB5Rwjk/hR6tyzRe7BSRNW3ZQuUk="},"lastRemoteEphemeralKey":"BQN7liWe1LghBZn/K7DLGx9lXug94vf4LsiCp1lStzpF","previousCounter":0,"rootKey":"Mi0bH241h8HE/6OpBpDS+NE/nKAXrO9KoH8lZfeqqns="},"indexInfo":{"baseKey":"BZi5fTlgcmA30lXIpb3kU2n3RGaiaD/lVd4o2XN+nuQh","baseKeyType":1,"closed":1686180714048,"used":1686180711380,"created":1686180711380,"remoteIdentityKey":"Bd8hBDbM29qHweNnQPtbJsTVGwU+0SeYo0b9zTKKooEZ"},"_chains":{"BR2aTHMM8LrMDKwrcIVED5Gk1IXoCEMSKVg9CIDEJvt/":{"chainKey":{"counter":0,"key":"8VfYV7AGwFlhjhveEfrybqJjjAUQq6VFoicEWoeSFkU="},"chainType":1,"messageKeys":{}}},"pendingPreKey":{"signedKeyId":2,"baseKey":"BZi5fTlgcmA30lXIpb3kU2n3RGaiaD/lVd4o2XN+nuQh","preKeyId":733465}},"BXDg2Mn8zthXsNpj7U6DU737cS8UBxkXVOuawmUxsQka":{"registrationId":1784351270,"currentRatchet":{"ephemeralKeyPair":{"pubKey":"BcxtK40uq+50fl20swKHrJErjE83NudpGYgATDJbMQwc","privKey":"CBLXMzQfrLytF2FqU/h2KP4R5PDsA1MbI1sOfUKpU0U="},"lastRemoteEphemeralKey":"BQN7liWe1LghBZn/K7DLGx9lXug94vf4LsiCp1lStzpF","previousCounter":0,"rootKey":"e5cyHrK0ct2JFKY13B3Sc/vpe3h6LqqT3PG+8AGYqEQ="},"indexInfo":{"baseKey":"BXDg2Mn8zthXsNpj7U6DU737cS8UBxkXVOuawmUxsQka","baseKeyType":1,"closed":-1,"used":1686180713338,"created":1686180713338,"remoteIdentityKey":"Bd8hBDbM29qHweNnQPtbJsTVGwU+0SeYo0b9zTKKooEZ"},"_chains":{"BcxtK40uq+50fl20swKHrJErjE83NudpGYgATDJbMQwc":{"chainKey":{"counter":0,"key":"Y6KyH2tIyzxe+OnRMidPDlrwhbEdin2rQ12cAmPTIVM="},"chainType":1,"messageKeys":{}}},"pendingPreKey":{"signedKeyId":2,"baseKey":"BXDg2Mn8zthXsNpj7U6DU737cS8UBxkXVOuawmUxsQka","preKeyId":734237}}},"version":"v1"}