{"_sessions":{"BdVsSksZqLNP8NlpVUc3xN95AOc9pFyrxu9yRxTcf69m":{"registrationId":272453956,"currentRatchet":{"ephemeralKeyPair":{"pubKey":"BebBWGIelxOgXufUewGKWx1lJ7dlLrDDpaX3Buksrb1n","privKey":"UGjNAEZqJIv3aPV1zkSMKlCdbth/Ngc4kJKtcdF2DWA="},"lastRemoteEphemeralKey":"Bc6yies+y0p1fuYbTE7Bu8Zg/7LqqTyQu8lR0Nzz30cJ","previousCounter":0,"rootKey":"LL4QRuEw7+WOv26NofGFwjrnxFrT2ivD861EH4ty8tQ="},"indexInfo":{"baseKey":"BdVsSksZqLNP8NlpVUc3xN95AOc9pFyrxu9yRxTcf69m","baseKeyType":1,"closed":1686180714050,"used":1686180711645,"created":1686180711645,"remoteIdentityKey":"Ba8Iq9mqH2YU3UzfdCwlWrVunfj6yZFYx8KyGOr0CUwI"},"_chains":{"BebBWGIelxOgXufUewGKWx1lJ7dlLrDDpaX3Buksrb1n":{"chainKey":{"counter":0,"key":"EQ9Z8tchXzaIG98uJQw58yR8SP6f3vXXStVlXgUynwQ="},"chainType":1,"messageKeys":{}}},"pendingPreKey":{"signedKeyId":1,"baseKey":"BdVsSksZqLNP8NlpVUc3xN95AOc9pFyrxu9yRxTcf69m","preKeyId":5495849}},"BaI7uAFQ/A42CYmyZ6MgAhd0KG5tH5bPleATRkBx554v":{"registrationId":272453956,"currentRatchet":{"ephemeralKeyPair":{"pubKey":"BYcF3k5FMgrROyApx1yC+yF5LoEjkMQi344GldwFzTRp","privKey":"YET2slJtG9LXoXjSTcMXIw8bVU9HnKZJl0U3lZ8qNEw="},"lastRemoteEphemeralKey":"Bc6yies+y0p1fuYbTE7Bu8Zg/7LqqTyQu8lR0Nzz30cJ","previousCounter":0,"rootKey":"V6UKU7EKosqHVA8dCLHT0/PG59egupvnPp3I+0w+NOw="},"indexInfo":{"baseKey":"BaI7uAFQ/A42CYmyZ6MgAhd0KG5tH5bPleATRkBx554v","baseKeyType":1,"closed":1686204784787,"used":1686180713563,"created":1686180713563,"remoteIdentityKey":"Ba8Iq9mqH2YU3UzfdCwlWrVunfj6yZFYx8KyGOr0CUwI"},"_chains":{"BYcF3k5FMgrROyApx1yC+yF5LoEjkMQi344GldwFzTRp":{"chainKey":{"counter":0,"key":"5AaeBtdVh57KmxMEm4HmSGVPMshd1iOKpRbXa6FSCLU="},"chainType":1,"messageKeys":{}}},"pendingPreKey":{"signedKeyId":1,"baseKey":"BaI7uAFQ/A42CYmyZ6MgAhd0KG5tH5bPleATRkBx554v","preKeyId":5495842}},"Be+2kfkS7vDy1kCjGvb62y3tgUR001FEZSlpkWeLxNIb":{"registrationId":272453956,"currentRatchet":{"ephemeralKeyPair":{"pubKey":"BUKLrjxW8ll3UrsrxTj6j6DPwHEeRyucpqsoY41U+vZ7","privKey":"UGv7A9aH1ZcSuUST0MC5jBXbeTv6PhGBJn4dZRERamg="},"lastRemoteEphemeralKey":"Bc6yies+y0p1fuYbTE7Bu8Zg/7LqqTyQu8lR0Nzz30cJ","previousCounter":0,"rootKey":"ITWwOnA1NSXmj9JsCqMJyxB0AVYPpDCsSYgBlRMmtws="},"indexInfo":{"baseKey":"Be+2kfkS7vDy1kCjGvb62y3tgUR001FEZSlpkWeLxNIb","baseKeyType":1,"closed":1686204796887,"used":1686204784785,"created":1686204784785,"remoteIdentityKey":"Ba8Iq9mqH2YU3UzfdCwlWrVunfj6yZFYx8KyGOr0CUwI"},"_chains":{"BUKLrjxW8ll3UrsrxTj6j6DPwHEeRyucpqsoY41U+vZ7":{"chainKey":{"counter":-1,"key":"zhDmJx3qhqyPuYrZIeDnS0SSjoBhhaQCBhMpBsVPQys="},"chainType":1,"messageKeys":{}}},"pendingPreKey":{"signedKeyId":1,"baseKey":"Be+2kfkS7vDy1kCjGvb62y3tgUR001FEZSlpkWeLxNIb","preKeyId":5496400}},"BVALBragDF7cMX9ckptFcu86B7Rto8CCHTiW3F7TrH8Y":{"registrationId":272453956,"currentRatchet":{"ephemeralKeyPair":{"pubKey":"BVhdOPWJN0oUfBdMgYrdY5d4KDj00I4lzA7MnWnu3S0O","privKey":"AJjwn01iZwg38l50IOjeYz/4NjZs+ZR7WpLxUMr87lY="},"lastRemoteEphemeralKey":"Bc6yies+y0p1fuYbTE7Bu8Zg/7LqqTyQu8lR0Nzz30cJ","previousCounter":0,"rootKey":"sA9I6VZdy0+0dNjIGHJ9xyr4SACjCtCOgDG9tPXp1IQ="},"indexInfo":{"baseKey":"BVALBragDF7cMX9ckptFcu86B7Rto8CCHTiW3F7TrH8Y","baseKeyType":1,"closed":1686205037847,"used":1686204796886,"created":1686204796886,"remoteIdentityKey":"Ba8Iq9mqH2YU3UzfdCwlWrVunfj6yZFYx8KyGOr0CUwI"},"_chains":{"BVhdOPWJN0oUfBdMgYrdY5d4KDj00I4lzA7MnWnu3S0O":{"chainKey":{"counter":-1,"key":"kxb4osQhVpFAoIKYP998QnhPihDQT2YmZ16Jm54MBv8="},"chainType":1,"messageKeys":{}}},"pendingPreKey":{"signedKeyId":1,"baseKey":"BVALBragDF7cMX9ckptFcu86B7Rto8CCHTiW3F7TrH8Y","preKeyId":5496245}},"Bay6/r3GHU9dmuSCiWKsYlrgPCZP8qUpdvn38YZGi1Z8":{"registrationId":272453956,"currentRatchet":{"ephemeralKeyPair":{"pubKey":"BSPcoTrHo8QoERip/nz1fYhyV9NAC2YJUXKQ4d1YhoMd","privKey":"wMo7h2uK9qP8+ckiRM8w3NPtqSjCVxCLiZhl3aSnQHg="},"lastRemoteEphemeralKey":"Bc6yies+y0p1fuYbTE7Bu8Zg/7LqqTyQu8lR0Nzz30cJ","previousCounter":0,"rootKey":"xVQCo36uU4oznE7H863eqAfebcV6czWbNnaGIUItRPk="},"indexInfo":{"baseKey":"Bay6/r3GHU9dmuSCiWKsYlrgPCZP8qUpdvn38YZGi1Z8","baseKeyType":1,"closed":1686205038812,"used":1686205037845,"created":1686205037845,"remoteIdentityKey":"Ba8Iq9mqH2YU3UzfdCwlWrVunfj6yZFYx8KyGOr0CUwI"},"_chains":{"BSPcoTrHo8QoERip/nz1fYhyV9NAC2YJUXKQ4d1YhoMd":{"chainKey":{"counter":-1,"key":"ZT3PXDkTQAMAGSlNlVJIJmNjh1FG32bkCyfA4Ifq6p4="},"chainType":1,"messageKeys":{}}},"pendingPreKey":{"signedKeyId":1,"baseKey":"Bay6/r3GHU9dmuSCiWKsYlrgPCZP8qUpdvn38YZGi1Z8","preKeyId":5496223}},"BY2eu+8t9Cxp3WVLVAvUkOlBZo26qNtldWbQR4Qk5D8s":{"registrationId":272453956,"currentRatchet":{"ephemeralKeyPair":{"pubKey":"BbQ0f20OdYYVnAn2N49/jL1FRCMV4U5BUdVR5iCTiQ1Z","privKey":"6K31CwKAxQJfqXgpvlH4drDA0Bs1llX917JnQz/kiX4="},"lastRemoteEphemeralKey":"Bc6yies+y0p1fuYbTE7Bu8Zg/7LqqTyQu8lR0Nzz30cJ","previousCounter":0,"rootKey":"f7cauu00lz3uhnTqCScDv4WG8UN54xer54tx3CbK+ck="},"indexInfo":{"baseKey":"BY2eu+8t9Cxp3WVLVAvUkOlBZo26qNtldWbQR4Qk5D8s","baseKeyType":1,"closed":1686205043597,"used":1686205038811,"created":1686205038811,"remoteIdentityKey":"Ba8Iq9mqH2YU3UzfdCwlWrVunfj6yZFYx8KyGOr0CUwI"},"_chains":{"BbQ0f20OdYYVnAn2N49/jL1FRCMV4U5BUdVR5iCTiQ1Z":{"chainKey":{"counter":-1,"key":"ZhIlKTeJrWwbsL9eywft4x9j0QSHEg/HCezPJvAwE3k="},"chainType":1,"messageKeys":{}}},"pendingPreKey":{"signedKeyId":1,"baseKey":"BY2eu+8t9Cxp3WVLVAvUkOlBZo26qNtldWbQR4Qk5D8s","preKeyId":5496389}},"BRlh6tarZ7cS8+A5LofNQSc/IeMm2L29Mj5TdGI62k4J":{"registrationId":272453956,"currentRatchet":{"ephemeralKeyPair":{"pubKey":"BSTBuQnyYll1o5HEWrJZwfQYdy7Y/XfiYJyR5rKRBmUw","privKey":"cLfCbg/mlyF6zyHYTcfwd8Hidgsq3erUoVHG0OC8Z3U="},"lastRemoteEphemeralKey":"Bc6yies+y0p1fuYbTE7Bu8Zg/7LqqTyQu8lR0Nzz30cJ","previousCounter":0,"rootKey":"4rR0SdBc1UYTttki/bOATzM7YlqtCMdhnLt6eqpnFJo="},"indexInfo":{"baseKey":"BRlh6tarZ7cS8+A5LofNQSc/IeMm2L29Mj5TdGI62k4J","baseKeyType":1,"closed":1686205045896,"used":1686205043596,"created":1686205043596,"remoteIdentityKey":"Ba8Iq9mqH2YU3UzfdCwlWrVunfj6yZFYx8KyGOr0CUwI"},"_chains":{"BSTBuQnyYll1o5HEWrJZwfQYdy7Y/XfiYJyR5rKRBmUw":{"chainKey":{"counter":-1,"key":"gsf+2ltZUTub/eQwBA9TMDjJ55QtmqaJ4x89fryq3T8="},"chainType":1,"messageKeys":{}}},"pendingPreKey":{"signedKeyId":1,"baseKey":"BRlh6tarZ7cS8+A5LofNQSc/IeMm2L29Mj5TdGI62k4J","preKeyId":5496012}},"BTVB7iLtCw7aAhrISS08hLtUEg9bETDgpjXn876CI8RW":{"registrationId":272453956,"currentRatchet":{"ephemeralKeyPair":{"pubKey":"BXV036WRE4azL+w6zPd4mPbBI5qSk/fUXw8H0K/Y1DUg","privKey":"MAZfHqZqbP3hmfn4PAjCsErAnjYHckOhDX83wMPLb1s="},"lastRemoteEphemeralKey":"Bc6yies+y0p1fuYbTE7Bu8Zg/7LqqTyQu8lR0Nzz30cJ","previousCounter":0,"rootKey":"OCPCqjVu0myKVav2MFfIz+qQGWHPMmmR+iWW8Ks5qnc="},"indexInfo":{"baseKey":"BTVB7iLtCw7aAhrISS08hLtUEg9bETDgpjXn876CI8RW","baseKeyType":1,"closed":1686205046995,"used":1686205045894,"created":1686205045894,"remoteIdentityKey":"Ba8Iq9mqH2YU3UzfdCwlWrVunfj6yZFYx8KyGOr0CUwI"},"_chains":{"BXV036WRE4azL+w6zPd4mPbBI5qSk/fUXw8H0K/Y1DUg":{"chainKey":{"counter":-1,"key":"LKUSVzJrCO8fNgIHmzXMoCkoJR02rd0z9sSi78sp4SU="},"chainType":1,"messageKeys":{}}},"pendingPreKey":{"signedKeyId":1,"baseKey":"BTVB7iLtCw7aAhrISS08hLtUEg9bETDgpjXn876CI8RW","preKeyId":5496093}},"BWumePdPePUnc2vObJ4mYCgjDvCDozU5SomOekQxXwlO":{"registrationId":272453956,"currentRatchet":{"ephemeralKeyPair":{"pubKey":"BRNez9hAMPO9R/9u9JKMWLwpJCKiMvkCPWiPRVOKOMk2","privKey":"eKJMNJClDKrbLeWA4rByM9+DKXfgz71DicxYC/+qCkU="},"lastRemoteEphemeralKey":"Bc6yies+y0p1fuYbTE7Bu8Zg/7LqqTyQu8lR0Nzz30cJ","previousCounter":0,"rootKey":"7EnqNzxSkLy07ZaoWr2BXxQAReAjqRAeLAKPpTqUcjU="},"indexInfo":{"baseKey":"BWumePdPePUnc2vObJ4mYCgjDvCDozU5SomOekQxXwlO","baseKeyType":1,"closed":1686205056189,"used":1686205046994,"created":1686205046994,"remoteIdentityKey":"Ba8Iq9mqH2YU3UzfdCwlWrVunfj6yZFYx8KyGOr0CUwI"},"_chains":{"BRNez9hAMPO9R/9u9JKMWLwpJCKiMvkCPWiPRVOKOMk2":{"chainKey":{"counter":-1,"key":"SgtxX/VDUU5iK0Blf0yijElkFcWcyncUipXUTlYb/Vk="},"chainType":1,"messageKeys":{}}},"pendingPreKey":{"signedKeyId":1,"baseKey":"BWumePdPePUnc2vObJ4mYCgjDvCDozU5SomOekQxXwlO","preKeyId":5496184}},"BQc67Ifg6K2uL12emkzCKOkP3ObU06hylNSdwt6jE71g":{"registrationId":272453956,"currentRatchet":{"ephemeralKeyPair":{"pubKey":"BQHJb2ScIBB31sMWURPBkkKbXlyrFQltI4uDVjLCodse","privKey":"oMwn1DuPrEQsedjosHx1bv0yEZVlIGpALyIUmM0G9mQ="},"lastRemoteEphemeralKey":"Bc6yies+y0p1fuYbTE7Bu8Zg/7LqqTyQu8lR0Nzz30cJ","previousCounter":0,"rootKey":"vk5TSXigekeporlD3v7VJzBmi5nZEJhBKWnePyP9gCQ="},"indexInfo":{"baseKey":"BQc67Ifg6K2uL12emkzCKOkP3ObU06hylNSdwt6jE71g","baseKeyType":1,"closed":1686205057102,"used":1686205056187,"created":1686205056187,"remoteIdentityKey":"Ba8Iq9mqH2YU3UzfdCwlWrVunfj6yZFYx8KyGOr0CUwI"},"_chains":{"BQHJb2ScIBB31sMWURPBkkKbXlyrFQltI4uDVjLCodse":{"chainKey":{"counter":-1,"key":"C8sSgfRl4uMv0WKsY5/ndzDj8uumdi+VGjpOSclL0RQ="},"chainType":1,"messageKeys":{}}},"pendingPreKey":{"signedKeyId":1,"baseKey":"BQc67Ifg6K2uL12emkzCKOkP3ObU06hylNSdwt6jE71g","preKeyId":5496230}},"BXQvEIwuVhC78y4Ox6FhbWIq9SixNs7/jd6eqCPPpXwv":{"registrationId":272453956,"currentRatchet":{"ephemeralKeyPair":{"pubKey":"BYjpPbW8QzPoglg5cytauvMiTWCleJ3BHHQXq3usqGgb","privKey":"GMiUzIuL4IllI4Bje8/nrBaFnZ2mVeqcQcis7wRPC10="},"lastRemoteEphemeralKey":"Bc6yies+y0p1fuYbTE7Bu8Zg/7LqqTyQu8lR0Nzz30cJ","previousCounter":0,"rootKey":"HWHdHwNb9Ps7V152amiM/dkPjWf89oKWSo0WP7C3Lws="},"indexInfo":{"baseKey":"BXQvEIwuVhC78y4Ox6FhbWIq9SixNs7/jd6eqCPPpXwv","baseKeyType":1,"closed":1686205058190,"used":1686205057101,"created":1686205057101,"remoteIdentityKey":"Ba8Iq9mqH2YU3UzfdCwlWrVunfj6yZFYx8KyGOr0CUwI"},"_chains":{"BYjpPbW8QzPoglg5cytauvMiTWCleJ3BHHQXq3usqGgb":{"chainKey":{"counter":-1,"key":"waFfr3eXW6hD4cCoM2wvGlACoUKXsBQIAvdwRuVDh9I="},"chainType":1,"messageKeys":{}}},"pendingPreKey":{"signedKeyId":1,"baseKey":"BXQvEIwuVhC78y4Ox6FhbWIq9SixNs7/jd6eqCPPpXwv","preKeyId":5496271}},"BYeY1+aAcBSnB9IVQYGLTMKkQIO32wDRWCWIm+sXHpgh":{"registrationId":272453956,"currentRatchet":{"ephemeralKeyPair":{"pubKey":"BW2rsXm7/IsXWNv3boIpwxaKtZh5ralUkscSg/li/ME0","privKey":"oINA1IgB5EvusFf8LQceuALAG8/3Qc+CBFOYWotuglc="},"lastRemoteEphemeralKey":"Bc6yies+y0p1fuYbTE7Bu8Zg/7LqqTyQu8lR0Nzz30cJ","previousCounter":0,"rootKey":"ccKmGOgbRzQvF4uokrSCeODUG4wVOd3/8FoUfbDVMEs="},"indexInfo":{"baseKey":"BYeY1+aAcBSnB9IVQYGLTMKkQIO32wDRWCWIm+sXHpgh","baseKeyType":1,"closed":1686205059141,"used":1686205058185,"created":1686205058185,"remoteIdentityKey":"Ba8Iq9mqH2YU3UzfdCwlWrVunfj6yZFYx8KyGOr0CUwI"},"_chains":{"BW2rsXm7/IsXWNv3boIpwxaKtZh5ralUkscSg/li/ME0":{"chainKey":{"counter":-1,"key":"c7ycZ2pIvWsIfZmuUsXVoYWqsuwxd4LCotECivz7uXw="},"chainType":1,"messageKeys":{}}},"pendingPreKey":{"signedKeyId":1,"baseKey":"BYeY1+aAcBSnB9IVQYGLTMKkQIO32wDRWCWIm+sXHpgh","preKeyId":5496073}},"BX/EHHy6FQIcDfLWE5ORAX9rU6ct3rIQXBpkvlvRuLxn":{"registrationId":272453956,"currentRatchet":{"ephemeralKeyPair":{"pubKey":"BbCols/WxtO7S4u2xa9xEklmMdoGZugUR2DXvhe2uuhn","privKey":"uC9UC0v1AhWxKbr3xGLcXDWRaIRERn+FdmSxq6ncenw="},"lastRemoteEphemeralKey":"Bc6yies+y0p1fuYbTE7Bu8Zg/7LqqTyQu8lR0Nzz30cJ","previousCounter":0,"rootKey":"/vMGOxfPkS/0bHP9IQLeiF1lf4J809yDuWU1FcQU0Tg="},"indexInfo":{"baseKey":"BX/EHHy6FQIcDfLWE5ORAX9rU6ct3rIQXBpkvlvRuLxn","baseKeyType":1,"closed":1686205060933,"used":1686205059139,"created":1686205059139,"remoteIdentityKey":"Ba8Iq9mqH2YU3UzfdCwlWrVunfj6yZFYx8KyGOr0CUwI"},"_chains":{"BbCols/WxtO7S4u2xa9xEklmMdoGZugUR2DXvhe2uuhn":{"chainKey":{"counter":-1,"key":"D3cSCKOVJcSKOfF25B0RotM2WycwBRkaWTabnjluKwg="},"chainType":1,"messageKeys":{}}},"pendingPreKey":{"signedKeyId":1,"baseKey":"BX/EHHy6FQIcDfLWE5ORAX9rU6ct3rIQXBpkvlvRuLxn","preKeyId":5496217}},"BSs+j+TcD0OMSBxTfVB8rTTSKzvwLVVwmLmkOhO0rABJ":{"registrationId":272453956,"currentRatchet":{"ephemeralKeyPair":{"pubKey":"BY35V58F9CzgsZ2VhEc5iaaheALeKxO+VL80vwVQwVQP","privKey":"mCxlzL0lPUGLiI/+ATKi+gkaM7KLdsxCIUCYRP1WqFo="},"lastRemoteEphemeralKey":"Bc6yies+y0p1fuYbTE7Bu8Zg/7LqqTyQu8lR0Nzz30cJ","previousCounter":0,"rootKey":"QhlgACGQMteMloUxqHNuZRdBjvA7kLIFgIda1dNzB/o="},"indexInfo":{"baseKey":"BSs+j+TcD0OMSBxTfVB8rTTSKzvwLVVwmLmkOhO0rABJ","baseKeyType":1,"closed":1686205062099,"used":1686205060931,"created":1686205060931,"remoteIdentityKey":"Ba8Iq9mqH2YU3UzfdCwlWrVunfj6yZFYx8KyGOr0CUwI"},"_chains":{"BY35V58F9CzgsZ2VhEc5iaaheALeKxO+VL80vwVQwVQP":{"chainKey":{"counter":-1,"key":"CtrThXFxG24pm/BHvLQmqSft/j8+CLKiJ4wtZCPFRk8="},"chainType":1,"messageKeys":{}}},"pendingPreKey":{"signedKeyId":1,"baseKey":"BSs+j+TcD0OMSBxTfVB8rTTSKzvwLVVwmLmkOhO0rABJ","preKeyId":5496210}},"BcOcVsAcy0pA+d63+ygEwb30mwZ9GYbXcG4aMeIjO1BH":{"registrationId":272453956,"currentRatchet":{"ephemeralKeyPair":{"pubKey":"BT4mP1HBktsBnYCBeLO2oGfAQ6Z/FTOZVnAXDafZnCR+","privKey":"OEBGtQJySS8VqXv4VE6XPlPE8PL+eW28e0x2zxLKuHk="},"lastRemoteEphemeralKey":"Bc6yies+y0p1fuYbTE7Bu8Zg/7LqqTyQu8lR0Nzz30cJ","previousCounter":0,"rootKey":"tyQ0PnnpUIKI0roHlBW7jqfDMkBE8T1rsjY4nHXyhzQ="},"indexInfo":{"baseKey":"BcOcVsAcy0pA+d63+ygEwb30mwZ9GYbXcG4aMeIjO1BH","baseKeyType":1,"closed":-1,"used":1686205062097,"created":1686205062097,"remoteIdentityKey":"Ba8Iq9mqH2YU3UzfdCwlWrVunfj6yZFYx8KyGOr0CUwI"},"_chains":{"BT4mP1HBktsBnYCBeLO2oGfAQ6Z/FTOZVnAXDafZnCR+":{"chainKey":{"counter":-1,"key":"5qqeUIZUO4nIKPQzMd5SZkXY9cP517srsZjAJthKHns="},"chainType":1,"messageKeys":{}}},"pendingPreKey":{"signedKeyId":1,"baseKey":"BcOcVsAcy0pA+d63+ygEwb30mwZ9GYbXcG4aMeIjO1BH","preKeyId":5496222}}},"version":"v1"}