{"_sessions":{"BU6/UkAQHmIH6P2hLnVMN+/sbB62HBsOxS2Ij8suAYk5":{"registrationId":903721819,"currentRatchet":{"ephemeralKeyPair":{"pubKey":"BfIcWtseVlF5AniLm0001HeJtjdHIz4Ke3Z6J3yBxJ4w","privKey":"ILyYqy0MhDxU1ddZTJZM0MTXYtxyC/qlISs8Ad6zTks="},"lastRemoteEphemeralKey":"BWUsK3iTqIhsRQitPUGeZQfWcZi1zQf+BOJMRRa2vMcs","previousCounter":0,"rootKey":"A1v8DtGR/QANlLJ+15T7Pp7+IPyVRPX6UMfidSt0gXY="},"indexInfo":{"baseKey":"BU6/UkAQHmIH6P2hLnVMN+/sbB62HBsOxS2Ij8suAYk5","baseKeyType":1,"closed":1686180714051,"used":1686180711807,"created":1686180711807,"remoteIdentityKey":"Bel7Kz1JB3Kf/o6j9bAqiVp35Gm3K0gEi/PFQwOubix8"},"_chains":{"BfIcWtseVlF5AniLm0001HeJtjdHIz4Ke3Z6J3yBxJ4w":{"chainKey":{"counter":0,"key":"W34u8wviVnwA28BiQFeulFejwUosHMAy8Sek5i5jf/U="},"chainType":1,"messageKeys":{}}},"pendingPreKey":{"signedKeyId":24,"baseKey":"BU6/UkAQHmIH6P2hLnVMN+/sbB62HBsOxS2Ij8suAYk5","preKeyId":4486169}},"BfFZSJxHJxj3+6dahfNi2qYxGSG8ap03pTwF9WlNmfxc":{"registrationId":903721819,"currentRatchet":{"ephemeralKeyPair":{"pubKey":"BdwP9PG/XDo5HWXINZwppvB94J5NV9l87P3lj/nS9DBG","privKey":"aNTTZsgGuppcO/FDqDvd3H7xUTrnyywbycVFOIfmVmU="},"lastRemoteEphemeralKey":"BWUsK3iTqIhsRQitPUGeZQfWcZi1zQf+BOJMRRa2vMcs","previousCounter":0,"rootKey":"/qObQMGKRnhB5okhpfnctJ7LtlrrB5v5PzbCSZXHqYI="},"indexInfo":{"baseKey":"BfFZSJxHJxj3+6dahfNi2qYxGSG8ap03pTwF9WlNmfxc","baseKeyType":1,"closed":-1,"used":1686180713936,"created":1686180713936,"remoteIdentityKey":"Bel7Kz1JB3Kf/o6j9bAqiVp35Gm3K0gEi/PFQwOubix8"},"_chains":{"BdwP9PG/XDo5HWXINZwppvB94J5NV9l87P3lj/nS9DBG":{"chainKey":{"counter":0,"key":"24LGg/FAfKSU1Z6dNFkEjtTzQpNQn7God5wG4t+m8/8="},"chainType":1,"messageKeys":{}}},"pendingPreKey":{"signedKeyId":24,"baseKey":"BfFZSJxHJxj3+6dahfNi2qYxGSG8ap03pTwF9WlNmfxc","preKeyId":4486598}}},"version":"v1"}