{"_sessions":{"BZbGtjiRQO6ueJfsPwhlE7iMyUmfPBcUibov7nnYIKkv":{"registrationId":285560996,"currentRatchet":{"ephemeralKeyPair":{"pubKey":"BaWVdzbyYX02+kXk9nF+JcHOtvwnGjIDahWQUyTZoE47","privKey":"wIeX+sSASvi1A0GTKTCzhtVTiKKoWCeiUcmXE2crLlk="},"lastRemoteEphemeralKey":"BUhAStN1mIOkBRU35/m0Yx0IFn7cyesxF4SfVh6lHnQv","previousCounter":0,"rootKey":"yeg0T64K9zaHXCYE+W8usN+0LlU6aEyFsVLMBFOm+SA="},"indexInfo":{"baseKey":"BZbGtjiRQO6ueJfsPwhlE7iMyUmfPBcUibov7nnYIKkv","baseKeyType":1,"closed":1686180714050,"used":1686180711651,"created":1686180711651,"remoteIdentityKey":"BXyTSTOnfLRGYtTXsYvugmGC+c5PXHYkbWwwE5Y4xIoU"},"_chains":{"BaWVdzbyYX02+kXk9nF+JcHOtvwnGjIDahWQUyTZoE47":{"chainKey":{"counter":0,"key":"uRd5OFS0S4QhTFUUnu0mNxRKpZvV6gA851b5gY7cyVs="},"chainType":1,"messageKeys":{}}},"pendingPreKey":{"signedKeyId":0,"baseKey":"BZbGtjiRQO6ueJfsPwhlE7iMyUmfPBcUibov7nnYIKkv"}},"BYDu+z5Sg3wDPw1kag2zL5jLbHwYzhFaMWbktlpRzw4Z":{"registrationId":285560996,"currentRatchet":{"ephemeralKeyPair":{"pubKey":"BYsRV4lD6PaioPqog7ilha9fDOA23MjdHpoeGR2PT5kg","privKey":"mLvuMP7LK88aBJPmndgmV7Wkf2curRp0bSym3z0yY24="},"lastRemoteEphemeralKey":"BUhAStN1mIOkBRU35/m0Yx0IFn7cyesxF4SfVh6lHnQv","previousCounter":0,"rootKey":"op43HYXyJeLvGEe5bgxULcZPUBFybym3QZnmcDMB/hU="},"indexInfo":{"baseKey":"BYDu+z5Sg3wDPw1kag2zL5jLbHwYzhFaMWbktlpRzw4Z","baseKeyType":1,"closed":-1,"used":1686180713569,"created":1686180713569,"remoteIdentityKey":"BXyTSTOnfLRGYtTXsYvugmGC+c5PXHYkbWwwE5Y4xIoU"},"_chains":{"BYsRV4lD6PaioPqog7ilha9fDOA23MjdHpoeGR2PT5kg":{"chainKey":{"counter":0,"key":"uN1xZP66o1dotK/VE1GOTMbe/PY6DdMCgkyoQT/gWMo="},"chainType":1,"messageKeys":{}}},"pendingPreKey":{"signedKeyId":0,"baseKey":"BYDu+z5Sg3wDPw1kag2zL5jLbHwYzhFaMWbktlpRzw4Z"}}},"version":"v1"}