{"_sessions":{"BXc6QJ/x2/PE9ON2R2F3AB04Xjl2ePP4Mk3eM5A/Gw1Q":{"registrationId":6572,"currentRatchet":{"ephemeralKeyPair":{"pubKey":"Bbo/Fr19+KUvd8xDUU95dulRAYjgZp/Snhv/OXY3J4FR","privKey":"yBOhS9IcwgrtQ1WBim3UTCyA3u8nOpEdNdAyQ452FHI="},"lastRemoteEphemeralKey":"BV26eGKs1D0Y0Eh4BV11jTIfhjIdbwt4XEGBxr8SmXEU","previousCounter":0,"rootKey":"PZJzDfIKtjKRvr0riTfyCTfBN7QXXYfRrB9y1JlMR8o="},"indexInfo":{"baseKey":"BXc6QJ/x2/PE9ON2R2F3AB04Xjl2ePP4Mk3eM5A/Gw1Q","baseKeyType":1,"closed":1686180714048,"used":1686180711316,"created":1686180711316,"remoteIdentityKey":"BReb00vNUS+uHEOaMzc8nUSUt3DiNsmSzCRYYeyW/Vlj"},"_chains":{"Bbo/Fr19+KUvd8xDUU95dulRAYjgZp/Snhv/OXY3J4FR":{"chainKey":{"counter":0,"key":"XFb5/HW4zeIDIqUD4vtEpa8v/AQKhpFKUuZJRJjqIKc="},"chainType":1,"messageKeys":{}}},"pendingPreKey":{"signedKeyId":1,"baseKey":"BXc6QJ/x2/PE9ON2R2F3AB04Xjl2ePP4Mk3eM5A/Gw1Q"}},"BROv2KaptnyTgrWu/JIa4Git5lWcNDKbnqg5HtlB9N04":{"registrationId":6572,"currentRatchet":{"ephemeralKeyPair":{"pubKey":"Bcw6aV6yChl1WNfZEj11wDxbaUFt+sW3jNDgaX32mM1c","privKey":"aE8UyvJAHpnxEImZz6ZGn1YSbWg6bU4zOnhj5mBO+1w="},"lastRemoteEphemeralKey":"BV26eGKs1D0Y0Eh4BV11jTIfhjIdbwt4XEGBxr8SmXEU","previousCounter":0,"rootKey":"a3qAmDXx10IYBACOXRi/nz0oRptzh1IfwBQqHK0GJoI="},"indexInfo":{"baseKey":"BROv2KaptnyTgrWu/JIa4Git5lWcNDKbnqg5HtlB9N04","baseKeyType":1,"closed":-1,"used":1686180713272,"created":1686180713272,"remoteIdentityKey":"BReb00vNUS+uHEOaMzc8nUSUt3DiNsmSzCRYYeyW/Vlj"},"_chains":{"Bcw6aV6yChl1WNfZEj11wDxbaUFt+sW3jNDgaX32mM1c":{"chainKey":{"counter":0,"key":"G6D9kg43F+Wa/STc0aPcC3WG368h9ZqLAhb611onwXc="},"chainType":1,"messageKeys":{}}},"pendingPreKey":{"signedKeyId":1,"baseKey":"BROv2KaptnyTgrWu/JIa4Git5lWcNDKbnqg5HtlB9N04"}}},"version":"v1"}