{"_sessions":{"BWRqBDsdr7yqRm1kVm1Y5WGqeP1FSBWrUngnaaOsX943":{"registrationId":647611667,"currentRatchet":{"ephemeralKeyPair":{"pubKey":"BYxEDEJpjrOQzL4Z4oCsB2OhiR4pwhzIuUSTFgfa3Ec1","privKey":"MHUSYG97uXKx+YuZy00e6eXYuHYdjA0QvtrEIQXPt2g="},"lastRemoteEphemeralKey":"BR3RB+XNYBDPyyVRcTedI8HiRYaApEQT7XX3X6L4/n4+","previousCounter":0,"rootKey":"LvRCR0oLZKjXVZCK5aDvDBJQZcb3fMRVRZhZl/ywzcc="},"indexInfo":{"baseKey":"BWRqBDsdr7yqRm1kVm1Y5WGqeP1FSBWrUngnaaOsX943","baseKeyType":2,"closed":-1,"used":1686225575125,"created":1686225575125,"remoteIdentityKey":"BdZdUdOv5z0srmGu5oiphVw+UOCFea7wZ1W2lAcdZA1C"},"_chains":{"BR3RB+XNYBDPyyVRcTedI8HiRYaApEQT7XX3X6L4/n4+":{"chainKey":{"counter":1,"key":"pxQM62vtmUZOYyrwDykfmH038XQwNGrj20kZyHPRgj8="},"chainType":2,"messageKeys":{}},"BYxEDEJpjrOQzL4Z4oCsB2OhiR4pwhzIuUSTFgfa3Ec1":{"chainKey":{"counter":-1,"key":"Ed6oxZB3A8kCNaZ/+RXxa4KRH2xppIgkwMRn1wrUVU0="},"chainType":1,"messageKeys":{}}}}},"version":"v1"}