{"_sessions":{"BXyA52i1ZlUuJ2aKZfx3LBB2AxFgZtNnKhOcm7ysK5l8":{"registrationId":1655671166,"currentRatchet":{"ephemeralKeyPair":{"pubKey":"BejRC4beRJT+0JXu28KrkBe3H6Z4KLaI/bKHNBR8jKY+","privKey":"kHVQpCnqiCExz4g8/embqzqqj0pMujzIIEbFHXWA5H0="},"lastRemoteEphemeralKey":"BfgVc9+HPICRU6jVZ5Afti1Lq9tOAhH8Ev+cUAF+rvpq","previousCounter":0,"rootKey":"sXIZabLxHnpDNTmYKPD7UONISCl/B++xT2Qv+jSabec="},"indexInfo":{"baseKey":"BXyA52i1ZlUuJ2aKZfx3LBB2AxFgZtNnKhOcm7ysK5l8","baseKeyType":2,"closed":-1,"used":1686196724169,"created":1686196724169,"remoteIdentityKey":"BU2aEcUaIFnZr9GU7NCjUCVdbLBUlnnJCTKwNNvF1XJB"},"_chains":{"BfgVc9+HPICRU6jVZ5Afti1Lq9tOAhH8Ev+cUAF+rvpq":{"chainKey":{"counter":2,"key":"nq33UGdQ8uJZMeMtttBYJBEzXm+DxKPhdVpTWKgP/tM="},"chainType":2,"messageKeys":{}},"BejRC4beRJT+0JXu28KrkBe3H6Z4KLaI/bKHNBR8jKY+":{"chainKey":{"counter":-1,"key":"FazaqKzamxPiUMgxfJcGD7SMjJ3zId7sd28HqY5Wsvg="},"chainType":1,"messageKeys":{}}}}},"version":"v1"}