{"_sessions":{"BU3k9V6gVxFL4RqHqcabikEDyW7XjQpqBCR6BPF9J9YD":{"registrationId":2121516689,"currentRatchet":{"ephemeralKeyPair":{"pubKey":"BeA+oqJ2LalXroz97nsHlXdJV29uDPsyMkUTNeY364ZL","privKey":"WF4szT28liHK1+B81T55N2rb1KBod02NkOGTB5KGr1A="},"lastRemoteEphemeralKey":"BUGK3RF/BQ7h3u4GbJy15RQltHQYeW+FKSYRQnObH289","previousCounter":0,"rootKey":"oUN3KeWy41VaSBj0CqefxnTcZW6zKYAfsmom81Zip50="},"indexInfo":{"baseKey":"BU3k9V6gVxFL4RqHqcabikEDyW7XjQpqBCR6BPF9J9YD","baseKeyType":1,"closed":1686180714050,"used":1686180711768,"created":1686180711768,"remoteIdentityKey":"BWspGBaWKRAFYiC7qp0KC5PXNg2+MNtgX2MwiM4InLhk"},"_chains":{"BeA+oqJ2LalXroz97nsHlXdJV29uDPsyMkUTNeY364ZL":{"chainKey":{"counter":0,"key":"xfJxTZbE7W4KFAG+Xh8LR5bDexo78FkADEsCxlHpLkM="},"chainType":1,"messageKeys":{}}},"pendingPreKey":{"signedKeyId":0,"baseKey":"BU3k9V6gVxFL4RqHqcabikEDyW7XjQpqBCR6BPF9J9YD","preKeyId":6847478}},"BcvceAMW667BJczh1roksJ17fhdP+tbQWiyba92TMHQk":{"registrationId":2121516689,"currentRatchet":{"ephemeralKeyPair":{"pubKey":"BXN0hSs5PNM0/RslMP29t39O9WgBQL15pZYJ482bllkr","privKey":"eF2WDv/6qsdvwG/Vl5n2vjK1aIRkMZutT8qEvpcK1Vc="},"lastRemoteEphemeralKey":"BUGK3RF/BQ7h3u4GbJy15RQltHQYeW+FKSYRQnObH289","previousCounter":0,"rootKey":"sVimCXFYT3HDJsPH7fwN8fW4BVgnEsHop2Qd9OMGknc="},"indexInfo":{"baseKey":"BcvceAMW667BJczh1roksJ17fhdP+tbQWiyba92TMHQk","baseKeyType":1,"closed":-1,"used":1686180713853,"created":1686180713853,"remoteIdentityKey":"BWspGBaWKRAFYiC7qp0KC5PXNg2+MNtgX2MwiM4InLhk"},"_chains":{"BXN0hSs5PNM0/RslMP29t39O9WgBQL15pZYJ482bllkr":{"chainKey":{"counter":0,"key":"guo8iMRFQ4edmecH7q11TReiKGwUvtSb1ze/2Q2Nhlo="},"chainType":1,"messageKeys":{}}},"pendingPreKey":{"signedKeyId":0,"baseKey":"BcvceAMW667BJczh1roksJ17fhdP+tbQWiyba92TMHQk","preKeyId":6847339}}},"version":"v1"}